,tweet_lang,replied_to_tweet_id,replied_to_user_id,reply_text,id,verified,text_en,tweet_date,country,tweet_text,tweet_emoticons,hashtags,mentions,tweet_urls
0,en,1436655211846721537,813286, BarackObama Strong buy  novavax  NVAX  Novavax https   t co ogJBH2oHpl,1440935835596115969,False, BarackObama Strong buy  novavax  NVAX  Novavax https   t co ogJBH2oHpl,2021-09-23T07:07:29.000Z,USA,@BarackObama Strong buy #novavax #NVAX @Novavax https://t.co/ogJBH2oHpl,[],"['novavax', 'NVAX']","['BarackObama', 'Novavax']",[]
1,en,1436655211846721537,813286, BarackObama  MichelleObama BREAKING PART 2   US FDA Official  ‚ÄòBlow Darting African Americans Is Where We‚Äôre Going   Just Shoot Everyone‚Äô Nazi Germany Registry  of Unvaccinated Americans  ‚ÄúThink About It Like The Jewish Star‚Äù Go Door To Door  amp  Stab Everyone  EoseFDA https   t co u5nJbRTZOD,1440851903777103881,False, BarackObama  MichelleObama BREAKING PART 2   US FDA Official  ‚ÄòBlow Darting African Americans Is Where We‚Äôre Going   Just Shoot Everyone‚Äô Nazi Germany Registry  of Unvaccinated Americans  ‚ÄúThink About It Like The Jewish Star‚Äù Go Door To Door  amp  Stab Everyone  EoseFDA https   t co u5nJbRTZOD,2021-09-23T01:33:58.000Z,USA,"@BarackObama @MichelleObama BREAKING PART 2: @US_FDA Official: ‚ÄòBlow Darting African Americans Is Where We‚Äôre Going...Just Shoot Everyone‚Äô

'Nazi Germany Registry' of Unvaccinated Americans: ‚ÄúThink About It Like The Jewish Star‚Äù

'Go Door-To-Door &amp; Stab Everyone'

#ExposeFDA https://t.co/u5nJbRTZOD",['xp'],[],"['BarackObama', 'MichelleObama', 'US_FDA']",['https://t.co/ar4GzUxSMP']
2,en,1436655211846721537,813286, BarackObama https   t co huYWBRsreA it s going to be massive guys fasting up and get your bags ready  there will be a give away,1440843742194192388,False, BarackObama https   t co huYWBRsreA it s going to be massive guys fasting up and get your bags ready  there will be a give away,2021-09-23T01:01:32.000Z,USA,"@BarackObama https://t.co/huYWBRsreA it's going to be massive guys fasting up and get your bags ready, there will be a give away",[],[],['BarackObama'],['https://t.co/huYWBRsreA']
3,en,1436655211846721537,813286, BarackObama  MichelleObama Am speechless seeing myself having my first payouts after been scammed countless times  God bless you and your team  Hendrickspat7,1440716365527015435,False, BarackObama  MichelleObama Am speechless seeing myself having my first payouts after been scammed countless times  God bless you and your team  Hendrickspat7,2021-09-22T16:35:23.000Z,USA,"@BarackObama @MichelleObama Am speechless seeing myself having my first payouts after been scammed countless times, God bless you and your team @Hendrickspat7",[],[],"['BarackObama', 'MichelleObama']",['https://t.co/hhfV9TkrWQ']
4,en,1436655211846721537,813286, BarackObama Let s live a life of GRATITUDE and courage ,1440714096714792971,False, BarackObama Let s live a life of GRATITUDE and courage ,2021-09-22T16:26:22.000Z,USA,@BarackObama Let's live a life of GRATITUDE and courage!,[],[],['BarackObama'],[]
5,en,1436655211846721537,813286, BarackObama ShiftCam 230¬∞ Fisheye ProLens for iPhone Smartphones ‚Äì Get Close to The Action to Capture Dynamic Shots ‚Äì Full Frame All Around View of Your Environment  and immersive Selfieshttps   t co eoDoRBBIEVhttps   t co zdf0pYSbE9https   t co lf1rAMKqCphttps   t co yBXU9Rha3R https   t co t5046glFyW,1440666682310082579,False, BarackObama ShiftCam 230¬∞ Fisheye ProLens for iPhone Smartphones ‚Äì Get Close to The Action to Capture Dynamic Shots ‚Äì Full Frame All Around View of Your Environment  and immersive Selfieshttps   t co eoDoRBBIEVhttps   t co zdf0pYSbE9https   t co lf1rAMKqCphttps   t co yBXU9Rha3R https   t co t5046glFyW,2021-09-22T13:17:58.000Z,USA,"@BarackObama ShiftCam 230¬∞ Fisheye ProLens for iPhone Smartphones ‚Äì Get Close to The Action to Capture Dynamic Shots ‚Äì Full Frame All-Around View of Your Environment, and immersive Selfies

https://t.co/eoDoRBBIEV

https://t.co/zdf0pYSbE9

https://t.co/lf1rAMKqCp

https://t.co/yBXU9Rha3R https://t.co/t5046glFyW",[],[],['BarackObama'],['https://t.co/t2ybkxkc2k']
6,en,1436655211846721537,813286, BarackObama You and your  wife  big dick Mike are nothing but trash  ,1440542482706485250,False, BarackObama You and your  wife  big dick Mike are nothing but trash  ,2021-09-22T05:04:26.000Z,USA,"@BarackObama You and your ""wife"" big dick Mike are nothing but trash!!",[],[],['BarackObama'],[]
7,en,1436655211846721537,813286, BarackObama Improve your business productivitieshttps   t co 2vXtjjSMzz business  entrepreneur  marketing  marketingdigital  photography  cryptocurrency  branding  socialmedia  FreeCodeFridayContest  ConstitutionDay  taylor  Montero  Politico  JoeBiden   Kamalaharris  DrBiden  POTUS45,1440234057653121031,False, BarackObama Improve your business productivitieshttps   t co 2vXtjjSMzz business  entrepreneur  marketing  marketingdigital  photography  cryptocurrency  branding  socialmedia  FreeCodeFridayContest  ConstitutionDay  taylor  Montero  Politico  JoeBiden   Kamalaharris  DrBiden  POTUS45,2021-09-21T08:38:52.000Z,USA,"@BarackObama Improve your business productivities

https://t.co/2vXtjjSMzz

#business #entrepreneur #marketing #marketingdigital #photography #cryptocurrency #branding #socialmedia #FreeCodeFridayContest #ConstitutionDay #taylor #Montero #Politico #JoeBiden  #Kamalaharris #DrBiden #POTUS45",[],"['business', 'entrepreneur', 'marketing']",['BarackObama'],"['https://t.co/2vXtjjSMzz', 'https://t.co/Rp4uuzygIF']"
8,en,1436655211846721537,813286, BarackObama Dear sirI have started to plant trees to create awareness among the people and we kindly request you to support in this cause by donating money as much as u can because to take this further for the next green earth  209912722922IFSCESFB0005001Cge swa gmail com,1440189809671106560,False, BarackObama Dear sirI have started to plant trees to create awareness among the people and we kindly request you to support in this cause by donating money as much as u can because to take this further for the next green earth  209912722922IFSCESFB0005001Cge swa gmail com,2021-09-21T05:43:02.000Z,USA,"@BarackObama Dear sirüå≤
I have started to plant trees to create awareness among the people and we kindly request you to support in this cause by donating money as much as u can because to take this further for the next green earth üåç 209912722922
IFSCüå≤ESFB0005001
Cge.swa@gmail.com","['üå≤', 'üåç']",[],['BarackObama'],['https://t.co/HeWL7D73Ft']
9,en,1436655211846721537,813286, BarackObama Praying for the families of lives lost in 9 11  Kudo s to the first responders   Prayers for the survivors  ,1440174035455791112,False, BarackObama Praying for the families of lives lost in 9 11  Kudo s to the first responders   Prayers for the survivors  ,2021-09-21T04:40:21.000Z,USA,@BarackObama Praying for the families of lives lost in 9-11. Kudo's to the first responders . Prayers for the survivors .,[],[],['BarackObama'],[]
10,en,1436655211846721537,813286, BarackObama  MichelleObama I m from Afghanistan sir please help me my phone number 923161593795 my WhatsApp  966552361756 my email address Shahj0682 gmail com,1440154197484179466,False, BarackObama  MichelleObama I m from Afghanistan sir please help me my phone number 923161593795 my WhatsApp  966552361756 my email address Shahj0682 gmail com,2021-09-21T03:21:32.000Z,USA,@BarackObama @MichelleObama I'm from Afghanistan sir please help me my phone number+923161593795 my WhatsApp +966552361756 my email address Shahj0682@gmail.com,[],[],"['BarackObama', 'MichelleObama']",['https://t.co/8IgAEf4MdL']
11,en,1436655211846721537,813286, BarackObama Before I ask all your investor to take away all their investment from Berjaya Corps and turn all your companies into Berjaya Sdn Bhd           ,1440149575050743814,False, BarackObama Before I ask all your investor to take away all their investment from Berjaya Corps and turn all your companies into Berjaya Sdn Bhd           ,2021-09-21T03:03:10.000Z,USA,@BarackObama Before I ask all your investor to take away all their investment from Berjaya Corps and turn all your companies into Berjaya Sdn Bhd!!!!!!!!!!!,[],[],['BarackObama'],['https://t.co/ZQtirzCjaz']
12,en,1435657058536337418,813286, BarackObama  POTUS Strong buy  novavax  NVAX https   t co QmhZmSTBB5,1440936001967464448,False, BarackObama  POTUS Strong buy  novavax  NVAX https   t co QmhZmSTBB5,2021-09-23T07:08:08.000Z,USA,@BarackObama @POTUS Strong buy #novavax #NVAX https://t.co/QmhZmSTBB5,[],"['novavax', 'NVAX']","['BarackObama', 'POTUS']",[]
13,en,1435657058536337418,813286, BarackObama  POTUS It need to be reworked   But thanks  for what was achieved by your hands ,1440828156022120455,False, BarackObama  POTUS It need to be reworked   But thanks  for what was achieved by your hands ,2021-09-22T23:59:36.000Z,USA,"@BarackObama @POTUS It need to be reworked.  But thanks, for what was achieved by your hands.",[],[],"['BarackObama', 'POTUS']",[]
14,en,1435657058536337418,813286, BarackObama  POTUS ShiftCam 230¬∞ Fisheye ProLens for iPhone Smartphones ‚Äì Get Close to The Action to Capture Dynamic Shots ‚Äì Full Frame All Around View of Your Environment  and immersive Selfieshttps   t co eoDoRBBIEVhttps   t co zdf0pYSbE9https   t co lf1rAMKqCphttps   t co yBXU9Rha3R https   t co YZszuzVilX,1440666801243713541,False, BarackObama  POTUS ShiftCam 230¬∞ Fisheye ProLens for iPhone Smartphones ‚Äì Get Close to The Action to Capture Dynamic Shots ‚Äì Full Frame All Around View of Your Environment  and immersive Selfieshttps   t co eoDoRBBIEVhttps   t co zdf0pYSbE9https   t co lf1rAMKqCphttps   t co yBXU9Rha3R https   t co YZszuzVilX,2021-09-22T13:18:26.000Z,USA,"@BarackObama @POTUS ShiftCam 230¬∞ Fisheye ProLens for iPhone Smartphones ‚Äì Get Close to The Action to Capture Dynamic Shots ‚Äì Full Frame All-Around View of Your Environment, and immersive Selfies

https://t.co/eoDoRBBIEV

https://t.co/zdf0pYSbE9

https://t.co/lf1rAMKqCp

https://t.co/yBXU9Rha3R https://t.co/YZszuzVilX",[],[],"['BarackObama', 'POTUS']",['https://t.co/XUOGWIadEB']
15,en,1435657058536337418,813286, BarackObama  POTUS That was a joke wasn‚Äôt affordable,1440210698739466242,False, BarackObama  POTUS That was a joke wasn‚Äôt affordable,2021-09-21T07:06:03.000Z,USA,@BarackObama @POTUS That was a joke wasn‚Äôt affordable,[],[],"['BarackObama', 'POTUS']",[]
16,en,1435657058536337418,813286, BarackObama  POTUS Before I ask all your investor to take away all their investment from Berjaya Corps and turn all your companies into Berjaya Sdn Bhd           ,1440150206293557262,False, BarackObama  POTUS Before I ask all your investor to take away all their investment from Berjaya Corps and turn all your companies into Berjaya Sdn Bhd           ,2021-09-21T03:05:40.000Z,USA,@BarackObama @POTUS Before I ask all your investor to take away all their investment from Berjaya Corps and turn all your companies into Berjaya Sdn Bhd!!!!!!!!!!!,[],[],"['BarackObama', 'POTUS']",['https://t.co/XA4NGSEMjB']
17,en,1435657058536337418,813286, BarackObama  POTUS To Lee families and Berjaya Group include a dentist named Dr Mohd Kamal Shakimon  all of you have been kidnapping my mother  my kids and my husband for many many years        Give back all of them to me          Bastard             ,1440150092648890373,False, BarackObama  POTUS To Lee families and Berjaya Group include a dentist named Dr Mohd Kamal Shakimon  all of you have been kidnapping my mother  my kids and my husband for many many years        Give back all of them to me          Bastard             ,2021-09-21T03:05:13.000Z,USA,"@BarackObama @POTUS To Lee families and Berjaya Group include a dentist named Dr Mohd Kamal Shakimon, all of you have been kidnapping my mother, my kids and my husband for many many years!!!!!!! Give back all of them to me!!!!!!!!! Bastard!!!!!!!!!!!!!",[],[],"['BarackObama', 'POTUS']",['https://t.co/qVAQZylSAQ']
18,en,1435657058536337418,813286, BarackObama  POTUS  Syrian refugee students in JordanGive us hope for a better future  https   t co HSSGJlLY0y https   t co YhFAEM7KDQ,1439969281731661828,False, BarackObama  POTUS  Syrian refugee students in JordanGive us hope for a better future  https   t co HSSGJlLY0y https   t co YhFAEM7KDQ,2021-09-20T15:06:44.000Z,USA,"@BarackObama @POTUS #Syrian_refugee_students_in_Jordan

Give us hope for a better future. 
https://t.co/HSSGJlLY0y https://t.co/YhFAEM7KDQ",[],['Syrian_refugee_students_in_Jordan'],"['BarackObama', 'POTUS']",['https://t.co/HSSGJlLY0y']
19,en,1435657058536337418,813286, BarackObama  POTUS I am a graduate student at Columbia University I got my bachelor degree and graduated from USC But just because I was a transfer student from HIT WEIHAI to USC  my U S visa was revoked under P P 10043 which should be modified or canceled It is unreasonnable  Best wishes to you ,1439811372561223680,False, BarackObama  POTUS I am a graduate student at Columbia University I got my bachelor degree and graduated from USC But just because I was a transfer student from HIT WEIHAI to USC  my U S visa was revoked under P P 10043 which should be modified or canceled It is unreasonnable  Best wishes to you ,2021-09-20T04:39:16.000Z,USA,"@BarackObama @POTUS I am a graduate student at Columbia University.I got my bachelor degree and graduated from USC.But just because I was a transfer student from HIT WEIHAI to USC, my U.S visa was revoked under P.P.10043 which should be modified or canceled,It is unreasonnable. Best wishes to you.",[],[],"['BarackObama', 'POTUS']",['https://t.co/RfpfAo7uvX']
20,en,1435657058536337418,813286, BarackObama  POTUS I got my bachelor degree and graduated from USC But  just because I was a transfer student from HIT WEIHAI to USC  my U S visa was revoked under P P 10043 P P 10043 should be modified or canceled It is unreasonnable  Best wishes to you ,1439809323891236865,False, BarackObama  POTUS I got my bachelor degree and graduated from USC But  just because I was a transfer student from HIT WEIHAI to USC  my U S visa was revoked under P P 10043 P P 10043 should be modified or canceled It is unreasonnable  Best wishes to you ,2021-09-20T04:31:07.000Z,USA,"@BarackObama @POTUS I got my bachelor degree and graduated from USC.But, just because I was a transfer student from HIT WEIHAI to USC, my U.S visa was revoked under P.P.10043.P.P.10043 should be modified or canceled,It is unreasonnable. Best wishes to you.",[],[],"['BarackObama', 'POTUS']",['https://t.co/0nyG046Jaw']
21,en,1435657058536337418,813286, BarackObama  POTUS Eensive for my parents‚Ä¶ ,1439645014360002565,False, BarackObama  POTUS Eensive for my parents‚Ä¶ ,2021-09-19T17:38:13.000Z,USA,@BarackObama @POTUS Expensive for my parents‚Ä¶ ‚òπÔ∏è,"['‚òπÔ∏è', 'xp']",[],"['BarackObama', 'POTUS']",[]
22,en,1435657058536337418,813286, BarackObama  POTUS Distress Call to Egypt president ElsisiMy parents Ibrahim khairy amp Aml Ali were attacked fiercely by drug dealers case no 20375  8 9 20121misdemeanor Raml first The dealer extracted invalid medical report The dealer Ibrahim amp  RedaKamal Shehata 78Alzmkhshry Bakos  Alexandria Egypt,1439342554873466881,False, BarackObama  POTUS Distress Call to Egypt president ElsisiMy parents Ibrahim khairy amp Aml Ali were attacked fiercely by drug dealers case no 20375  8 9 20121misdemeanor Raml first The dealer extracted invalid medical report The dealer Ibrahim amp  RedaKamal Shehata 78Alzmkhshry Bakos  Alexandria Egypt,2021-09-18T21:36:21.000Z,USA,"@BarackObama @POTUS Distress Call to Egypt president Elsisi
My parents,Ibrahim khairy&amp;Aml Ali,were attacked fiercely by drug dealers,case no.20375, 8/9/20121misdemeanor,Raml first.The dealer extracted invalid medical report.The dealer Ibrahim&amp; RedaKamal Shehata.
78Alzmkhshry,Bakos, Alexandria,Egypt",[],[],"['BarackObama', 'POTUS']",['https://t.co/S4h5H5uOjm']
23,en,1435657058536337418,813286, BarackObama  POTUS Taxation,1439240284651417603,False, BarackObama  POTUS Taxation,2021-09-18T14:49:58.000Z,USA,@BarackObama @POTUS Taxation,[],[],"['BarackObama', 'POTUS']",[]
24,en,1435657058536337418,813286, BarackObama  POTUS Please reinstate  UI benefits for  Covid  LongHaulers  We are debilitated  unable to work and have no income  It‚Äôs  Emergency status at this point ,1439059726893977604,False, BarackObama  POTUS Please reinstate  UI benefits for  Covid  LongHaulers  We are debilitated  unable to work and have no income  It‚Äôs  Emergency status at this point ,2021-09-18T02:52:29.000Z,USA,"@BarackObama @POTUS Please reinstate #UI benefits for #Covid #LongHaulers. We are debilitated, unable to work and have no income. It‚Äôs #Emergency status at this point.",[],"['UI', 'Covid', 'LongHaulers']","['BarackObama', 'POTUS']",['https://t.co/uAFfRxyUCS']
25,en,1435657058536337418,813286, BarackObama  POTUS We ask the US government to reactivate the IOM  amp  P2 program and take care of the files  The Iraqi translators  workers and contractors working with the military and the US government need urgent assistance  Their right to the IOM program has been taken away from them ,1438900377416523781,False, BarackObama  POTUS We ask the US government to reactivate the IOM  amp  P2 program and take care of the files  The Iraqi translators  workers and contractors working with the military and the US government need urgent assistance  Their right to the IOM program has been taken away from them ,2021-09-17T16:19:18.000Z,USA,"@BarackObama @POTUS We ask the US government to reactivate the IOM &amp; P2 program and take care of the files. The Iraqi translators, workers and contractors working with the military and the US government need urgent assistance. Their right to the IOM program has been taken away from them.",[],[],"['BarackObama', 'POTUS']",['https://t.co/d1ONIzny9R']
26,en,1435657058536337418,813286, BarackObama  POTUS  NVAX So we get a Novavax Press release today and it says ‚ÄúNovavax is preparing to submit    our Protein based Covid vaccine to the US FDA for Emergency Use Authorization ‚Äù Do it  https   t co ZBwJzwReok    https   t co 8h8GbDZip5,1438867172500156419,False, BarackObama  POTUS  NVAX So we get a Novavax Press release today and it says ‚ÄúNovavax is preparing to submit    our Protein based Covid vaccine to the US FDA for Emergency Use Authorization ‚Äù Do it  https   t co ZBwJzwReok    https   t co 8h8GbDZip5,2021-09-17T14:07:21.000Z,USA,@BarackObama @POTUS $NVAX So we get a Novavax Press release today and it says ‚ÄúNovavax is preparing to submit .. our Protein-based Covid vaccine to the US FDA for Emergency Use Authorization.‚Äù Do it. https://t.co/ZBwJzwReok... https://t.co/8h8GbDZip5,[],[],"['BarackObama', 'POTUS']",['https://t.co/Q6MnxLfORm']
27,en,1435657058536337418,813286, BarackObama  POTUS Great move 4 a great team shabbat shalom from me 2y from Israel,1438795770463928321,False, BarackObama  POTUS Great move 4 a great team shabbat shalom from me 2y from Israel,2021-09-17T09:23:37.000Z,USA,@BarackObama @POTUS Great move 4 a great team shabbat shalom from me 2y from Israel,[],[],"['BarackObama', 'POTUS']",[]
28,en,1435657058536337418,813286, BarackObama  POTUS Talk about memories  Remember this Monica Lewinsky s thong flashing scene in  Impeachment  is a re creation of  exactly what happened   according to the showrunner,1438580765651095554,False, BarackObama  POTUS Talk about memories  Remember this Monica Lewinsky s thong flashing scene in  Impeachment  is a re creation of  exactly what happened   according to the showrunner,2021-09-16T19:09:16.000Z,USA,"@BarackObama @POTUS Talk about memories. Remember this.

Monica Lewinsky's thong-flashing scene in 'Impeachment' is a re-creation of 'exactly what happened,' according to the showrunner",[],[],"['BarackObama', 'POTUS']",['https://t.co/tdvRpczw9q']
29,en,1435262267013181440,813286, BarackObama  ObamaFoundation  UChicago  Columbia Strong buy  novavax  NVAX https   t co Z4kLNIfhWC,1440936024092422145,False, BarackObama  ObamaFoundation  UChicago  Columbia Strong buy  novavax  NVAX https   t co Z4kLNIfhWC,2021-09-23T07:08:14.000Z,USA,@BarackObama @ObamaFoundation @UChicago @Columbia Strong buy #novavax #NVAX https://t.co/Z4kLNIfhWC,[],"['novavax', 'NVAX']","['BarackObama', 'ObamaFoundation', 'UChicago', 'Columbia']",[]
30,en,1435262267013181440,813286, BarackObama  ObamaFoundation  UChicago  Columbia Before I ask all your investor to take away all their investment from Berjaya Corps and turn all your companies into Berjaya Sdn Bhd           ,1440150422975512580,False, BarackObama  ObamaFoundation  UChicago  Columbia Before I ask all your investor to take away all their investment from Berjaya Corps and turn all your companies into Berjaya Sdn Bhd           ,2021-09-21T03:06:32.000Z,USA,@BarackObama @ObamaFoundation @UChicago @Columbia Before I ask all your investor to take away all their investment from Berjaya Corps and turn all your companies into Berjaya Sdn Bhd!!!!!!!!!!!,[],[],"['BarackObama', 'ObamaFoundation', 'UChicago', 'Columbia']",['https://t.co/HPXJKDoAre']
31,en,1435262267013181440,813286, BarackObama  ObamaFoundation  UChicago  Columbia To Lee families and Berjaya Group include a dentist named Dr Mohd Kamal Shakimon  all of you have been kidnapping my mother  my kids and my husband for many many years        Give back all of them to me          Bastard             ,1440150304377372675,False, BarackObama  ObamaFoundation  UChicago  Columbia To Lee families and Berjaya Group include a dentist named Dr Mohd Kamal Shakimon  all of you have been kidnapping my mother  my kids and my husband for many many years        Give back all of them to me          Bastard             ,2021-09-21T03:06:03.000Z,USA,"@BarackObama @ObamaFoundation @UChicago @Columbia To Lee families and Berjaya Group include a dentist named Dr Mohd Kamal Shakimon, all of you have been kidnapping my mother, my kids and my husband for many many years!!!!!!! Give back all of them to me!!!!!!!!! Bastard!!!!!!!!!!!!!",[],[],"['BarackObama', 'ObamaFoundation', 'UChicago', 'Columbia']",['https://t.co/96xIhd0Nu8']
32,en,1435262267013181440,813286, BarackObama  ObamaFoundation  UChicago  Columbia  Syrian refugee students in JordanGive us hope for a better future  https   t co HSSGJlLY0y https   t co mviNpygQZN,1439969321313349632,False, BarackObama  ObamaFoundation  UChicago  Columbia  Syrian refugee students in JordanGive us hope for a better future  https   t co HSSGJlLY0y https   t co mviNpygQZN,2021-09-20T15:06:54.000Z,USA,"@BarackObama @ObamaFoundation @UChicago @Columbia #Syrian_refugee_students_in_Jordan

Give us hope for a better future. 
https://t.co/HSSGJlLY0y https://t.co/mviNpygQZN",[],['Syrian_refugee_students_in_Jordan'],"['BarackObama', 'ObamaFoundation', 'UChicago', 'Columbia']",['https://t.co/CYaaqV58JC']
33,en,1435262267013181440,813286, BarackObama  ObamaFoundation  UChicago  Columbia I am a graduate student at Columbia University I got my bachelor degree and graduated from USC But just because I was a transfer student from HIT WEIHAI to USC  my U S visa was revoked under P P 10043 which should be modified or canceled It is unreasonnable  Best wishes to you ,1439811397261529093,False, BarackObama  ObamaFoundation  UChicago  Columbia I am a graduate student at Columbia University I got my bachelor degree and graduated from USC But just because I was a transfer student from HIT WEIHAI to USC  my U S visa was revoked under P P 10043 which should be modified or canceled It is unreasonnable  Best wishes to you ,2021-09-20T04:39:22.000Z,USA,"@BarackObama @ObamaFoundation @UChicago @Columbia I am a graduate student at Columbia University.I got my bachelor degree and graduated from USC.But just because I was a transfer student from HIT WEIHAI to USC, my U.S visa was revoked under P.P.10043 which should be modified or canceled,It is unreasonnable. Best wishes to you.",[],[],"['BarackObama', 'ObamaFoundation', 'UChicago', 'Columbia']",['https://t.co/t450Xp5JxP']
34,en,1435262267013181440,813286, BarackObama  ObamaFoundation  UChicago  Columbia I got my bachelor degree and graduated from USC But  just because I was a transfer student from HIT WEIHAI to USC  my U S visa was revoked under P P 10043 P P 10043 should be modified or canceled It is unreasonnable  Best wishes to you ,1439809357395361792,False, BarackObama  ObamaFoundation  UChicago  Columbia I got my bachelor degree and graduated from USC But  just because I was a transfer student from HIT WEIHAI to USC  my U S visa was revoked under P P 10043 P P 10043 should be modified or canceled It is unreasonnable  Best wishes to you ,2021-09-20T04:31:15.000Z,USA,"@BarackObama @ObamaFoundation @UChicago @Columbia I got my bachelor degree and graduated from USC.But, just because I was a transfer student from HIT WEIHAI to USC, my U.S visa was revoked under P.P.10043.P.P.10043 should be modified or canceled,It is unreasonnable. Best wishes to you.",[],[],"['BarackObama', 'ObamaFoundation', 'UChicago', 'Columbia']",['https://t.co/aOOGWXSDN9']
35,en,1435262267013181440,813286, BarackObama  ObamaFoundation  UChicago  Columbia Very nice  ,1439383852590456833,False, BarackObama  ObamaFoundation  UChicago  Columbia Very nice  ,2021-09-19T00:20:27.000Z,USA,@BarackObama @ObamaFoundation @UChicago @Columbia Very nice..,[],[],"['BarackObama', 'ObamaFoundation', 'UChicago', 'Columbia']",[]
36,en,1435262267013181440,813286, BarackObama  ObamaFoundation  UChicago  Columbia Please reinstate  UI benefits for  Covid  LongHaulers  We are debilitated  unable to work and have no income  It‚Äôs  Emergency status at this point ,1439059768153411585,False, BarackObama  ObamaFoundation  UChicago  Columbia Please reinstate  UI benefits for  Covid  LongHaulers  We are debilitated  unable to work and have no income  It‚Äôs  Emergency status at this point ,2021-09-18T02:52:39.000Z,USA,"@BarackObama @ObamaFoundation @UChicago @Columbia Please reinstate #UI benefits for #Covid #LongHaulers. We are debilitated, unable to work and have no income. It‚Äôs #Emergency status at this point.",[],"['UI', 'Covid', 'LongHaulers']","['BarackObama', 'ObamaFoundation', 'UChicago', 'Columbia']",['https://t.co/8Fr4IJWFsO']
37,en,1434894258780114956,813286, BarackObama There s still people still in my body tapping into my car house items on back in my children in our home,1441006822148788229,False, BarackObama There s still people still in my body tapping into my car house items on back in my children in our home,2021-09-23T11:49:33.000Z,USA,@BarackObama There's still people still in my body tapping into my car house items on back in my children in our home,[],[],['BarackObama'],[]
38,en,1434894258780114956,813286, BarackObama God bless you all,1440798389638033410,False, BarackObama God bless you all,2021-09-22T22:01:19.000Z,USA,@BarackObama God bless you all,[],[],['BarackObama'],[]
39,en,1434894258780114956,813286, BarackObama HEY PUSSY  HOW ABOUT YOU TELL THE WORLD MICHELLE HAS A DICK AND YOU ARE GAY  WERE YOU INFILTRATING THE MUSLIMS IN AMERICA SO YOU COULD SUCK THE LITTLE BOYS DICKS LIKE THAT CULTURE DOES ,1440709628589871118,False, BarackObama HEY PUSSY  HOW ABOUT YOU TELL THE WORLD MICHELLE HAS A DICK AND YOU ARE GAY  WERE YOU INFILTRATING THE MUSLIMS IN AMERICA SO YOU COULD SUCK THE LITTLE BOYS DICKS LIKE THAT CULTURE DOES ,2021-09-22T16:08:37.000Z,USA,@BarackObama HEY PUSSY! HOW ABOUT YOU TELL THE WORLD MICHELLE HAS A DICK AND YOU ARE GAY? WERE YOU INFILTRATING THE MUSLIMS IN AMERICA SO YOU COULD SUCK THE LITTLE BOYS DICKS LIKE THAT CULTURE DOES?,[],[],['BarackObama'],['https://t.co/DNr1sbB3nv']
40,en,1434894258780114956,813286, BarackObama SoulBay Electric Body Brush with 5 Attachments  Rechargeable Back Brush IPX7 Long Handle Exfoliating Spin Scrubber for Shower Bathing Cleansing Wash Deep Cleaninghttps   t co W40MmMMDhohttps   t co pm8ckG4RAR https   t co muRByl00hX,1440667027811667971,False, BarackObama SoulBay Electric Body Brush with 5 Attachments  Rechargeable Back Brush IPX7 Long Handle Exfoliating Spin Scrubber for Shower Bathing Cleansing Wash Deep Cleaninghttps   t co W40MmMMDhohttps   t co pm8ckG4RAR https   t co muRByl00hX,2021-09-22T13:19:20.000Z,USA,"@BarackObama SoulBay Electric Body Brush with 5 Attachments: Rechargeable Back Brush IPX7 Long Handle Exfoliating Spin Scrubber for Shower Bathing Cleansing Wash Deep Cleaning

https://t.co/W40MmMMDho

https://t.co/pm8ckG4RAR https://t.co/muRByl00hX",[],[],['BarackObama'],['https://t.co/a81J5yo1XD']
41,en,1434894258780114956,813286, BarackObama SoulBay Electric Body Brush with 5 Attachments  Rechargeable Back Brush IPX7 Long Handle Exfoliating Spin Scrubber for Shower Bathing Cleansing Wash Deep Cleaninghttps   t co W40MmMMDhohttps   t co pm8ckG4RAR https   t co 2coTVKsyRP,1440666975361900544,False, BarackObama SoulBay Electric Body Brush with 5 Attachments  Rechargeable Back Brush IPX7 Long Handle Exfoliating Spin Scrubber for Shower Bathing Cleansing Wash Deep Cleaninghttps   t co W40MmMMDhohttps   t co pm8ckG4RAR https   t co 2coTVKsyRP,2021-09-22T13:19:07.000Z,USA,"@BarackObama SoulBay Electric Body Brush with 5 Attachments: Rechargeable Back Brush IPX7 Long Handle Exfoliating Spin Scrubber for Shower Bathing Cleansing Wash Deep Cleaning

https://t.co/W40MmMMDho

https://t.co/pm8ckG4RAR https://t.co/2coTVKsyRP",[],[],['BarackObama'],['https://t.co/s0gQPN8MSE']
42,en,1434894258780114956,813286, kodiak149  BarackObama He follows who he wants   He has that right for God‚Äôs sake ,1440641712024477697,False, kodiak149  BarackObama He follows who he wants   He has that right for God‚Äôs sake ,2021-09-22T11:38:44.000Z,USA,@kodiak149 @BarackObama He follows who he wants.  He has that right for God‚Äôs sake.,[],[],"['kodiak149', 'BarackObama']",[]
43,en,1434894258780114956,813286, BarackObama Improve your business productivitieshttps   t co 2vXtjjSMzz business  entrepreneur  marketing  marketingdigital  photography  cryptocurrency  branding  socialmedia  FreeCodeFridayContest  ConstitutionDay  taylor  Montero  Politico  JoeBiden   Kamalaharris  DrBiden  POTUS45,1440234118176915458,False, BarackObama Improve your business productivitieshttps   t co 2vXtjjSMzz business  entrepreneur  marketing  marketingdigital  photography  cryptocurrency  branding  socialmedia  FreeCodeFridayContest  ConstitutionDay  taylor  Montero  Politico  JoeBiden   Kamalaharris  DrBiden  POTUS45,2021-09-21T08:39:06.000Z,USA,"@BarackObama Improve your business productivities

https://t.co/2vXtjjSMzz

#business #entrepreneur #marketing #marketingdigital #photography #cryptocurrency #branding #socialmedia #FreeCodeFridayContest #ConstitutionDay #taylor #Montero #Politico #JoeBiden  #Kamalaharris #DrBiden #POTUS45",[],"['business', 'entrepreneur', 'marketing']",['BarackObama'],"['https://t.co/2vXtjjSMzz', 'https://t.co/GbpW8BSBnh']"
44,en,1434894258780114956,813286, BarackObama Before I ask all your investor to take away all their investment from Berjaya Corps and turn all your companies into Berjaya Sdn Bhd           ,1440150844494598144,False, BarackObama Before I ask all your investor to take away all their investment from Berjaya Corps and turn all your companies into Berjaya Sdn Bhd           ,2021-09-21T03:08:12.000Z,USA,@BarackObama Before I ask all your investor to take away all their investment from Berjaya Corps and turn all your companies into Berjaya Sdn Bhd!!!!!!!!!!!,[],[],['BarackObama'],['https://t.co/W5AfcdrY8V']
45,en,1434894258780114956,813286, BarackObama To Lee families and Berjaya Group include a dentist named Dr Mohd Kamal Shakimon  all of you have been kidnapping my mother  my kids and my husband for many many years        Give back all of them to me          Bastard             ,1440150728517963779,False, BarackObama To Lee families and Berjaya Group include a dentist named Dr Mohd Kamal Shakimon  all of you have been kidnapping my mother  my kids and my husband for many many years        Give back all of them to me          Bastard             ,2021-09-21T03:07:45.000Z,USA,"@BarackObama To Lee families and Berjaya Group include a dentist named Dr Mohd Kamal Shakimon, all of you have been kidnapping my mother, my kids and my husband for many many years!!!!!!! Give back all of them to me!!!!!!!!! Bastard!!!!!!!!!!!!!",[],[],['BarackObama'],['https://t.co/BhF4ICPHip']
46,en,1434894258780114956,813286, BarackObama Before I ask all your investor to take away all their investment from Berjaya Corps and turn all your companies into Berjaya Sdn Bhd           ,1440150647475621897,False, BarackObama Before I ask all your investor to take away all their investment from Berjaya Corps and turn all your companies into Berjaya Sdn Bhd           ,2021-09-21T03:07:25.000Z,USA,@BarackObama Before I ask all your investor to take away all their investment from Berjaya Corps and turn all your companies into Berjaya Sdn Bhd!!!!!!!!!!!,[],[],['BarackObama'],['https://t.co/Cofjk9VWff']
47,en,1434894258780114956,813286, BarackObama To Lee families and Berjaya Group include a dentist named Dr Mohd Kamal Shakimon  all of you have been kidnapping my mother  my kids and my husband for many many years        Give back all of them to me          Bastard             ,1440150510581936144,False, BarackObama To Lee families and Berjaya Group include a dentist named Dr Mohd Kamal Shakimon  all of you have been kidnapping my mother  my kids and my husband for many many years        Give back all of them to me          Bastard             ,2021-09-21T03:06:53.000Z,USA,"@BarackObama To Lee families and Berjaya Group include a dentist named Dr Mohd Kamal Shakimon, all of you have been kidnapping my mother, my kids and my husband for many many years!!!!!!! Give back all of them to me!!!!!!!!! Bastard!!!!!!!!!!!!!",[],[],['BarackObama'],['https://t.co/y9JIN52AAD']
48,en,1434894258780114956,813286, BarackObama I am a graduate student at Columbia University I got my bachelor degree and graduated from USC But just because I was a transfer student from HIT WEIHAI to USC  my U S visa was revoked under P P 10043 which should be modified or canceled It is unreasonable  Best wishes to you ,1439946494627307524,False, BarackObama I am a graduate student at Columbia University I got my bachelor degree and graduated from USC But just because I was a transfer student from HIT WEIHAI to USC  my U S visa was revoked under P P 10043 which should be modified or canceled It is unreasonable  Best wishes to you ,2021-09-20T13:36:11.000Z,USA,"@BarackObama I am a graduate student at Columbia University.I got my bachelor degree and graduated from USC.But just because I was a transfer student from HIT WEIHAI to USC, my U.S visa was revoked under P.P.10043 which should be modified or canceled,It is unreasonable. Best wishes to you.",[],[],['BarackObama'],['https://t.co/JoJtsNxBmN']
49,en,1434894258780114956,813286, BarackObama I am a graduate student at Columbia University I got my bachelor degree and graduated from USC But just because I was a transfer student from HIT WEIHAI to USC  my U S visa was revoked under P P 10043 which should be modified or canceled It is unreasonnable  Best wishes to you ,1439811450592059393,False, BarackObama I am a graduate student at Columbia University I got my bachelor degree and graduated from USC But just because I was a transfer student from HIT WEIHAI to USC  my U S visa was revoked under P P 10043 which should be modified or canceled It is unreasonnable  Best wishes to you ,2021-09-20T04:39:34.000Z,USA,"@BarackObama I am a graduate student at Columbia University.I got my bachelor degree and graduated from USC.But just because I was a transfer student from HIT WEIHAI to USC, my U.S visa was revoked under P.P.10043 which should be modified or canceled,It is unreasonnable. Best wishes to you.",[],[],['BarackObama'],['https://t.co/XcnNjYXi0P']
50,en,1434894258780114956,813286, BarackObama I am a graduate student at Columbia University I got my bachelor degree and graduated from USC But just because I was a transfer student from HIT WEIHAI to USC  my U S visa was revoked under P P 10043 which should be modified or canceled It is unreasonnable  Best wishes to you ,1439811423735992320,False, BarackObama I am a graduate student at Columbia University I got my bachelor degree and graduated from USC But just because I was a transfer student from HIT WEIHAI to USC  my U S visa was revoked under P P 10043 which should be modified or canceled It is unreasonnable  Best wishes to you ,2021-09-20T04:39:28.000Z,USA,"@BarackObama I am a graduate student at Columbia University.I got my bachelor degree and graduated from USC.But just because I was a transfer student from HIT WEIHAI to USC, my U.S visa was revoked under P.P.10043 which should be modified or canceled,It is unreasonnable. Best wishes to you.",[],[],['BarackObama'],['https://t.co/vohwuaI28V']
51,en,1434894258780114956,813286, BarackObama I got my bachelor degree and graduated from USC But  just because I was a transfer student from HIT WEIHAI to USC  my U S visa was revoked under P P 10043 P P 10043 should be modified or canceled It is unreasonnable  Best wishes to you ,1439809389381128202,False, BarackObama I got my bachelor degree and graduated from USC But  just because I was a transfer student from HIT WEIHAI to USC  my U S visa was revoked under P P 10043 P P 10043 should be modified or canceled It is unreasonnable  Best wishes to you ,2021-09-20T04:31:23.000Z,USA,"@BarackObama I got my bachelor degree and graduated from USC.But, just because I was a transfer student from HIT WEIHAI to USC, my U.S visa was revoked under P.P.10043.P.P.10043 should be modified or canceled,It is unreasonnable. Best wishes to you.",[],[],['BarackObama'],['https://t.co/vf6Vg9b7mc']
52,en,1434894258780114956,813286, BarackObama All they do is  yell out  gain weight they watched me undress and have sex on my own bed room,1439399965177044992,False, BarackObama All they do is  yell out  gain weight they watched me undress and have sex on my own bed room,2021-09-19T01:24:29.000Z,USA,@BarackObama All they do is  yell out  gain weight they watched me undress and have sex on my own bed room,[],[],['BarackObama'],[]
53,en,1426589810131718148,813286, BarackObama Improve your business productivitieshttps   t co 2vXtjjSMzz business  entrepreneur  marketing  marketingdigital  photography  cryptocurrency  branding  socialmedia  FreeCodeFridayContest  ConstitutionDay  taylor  Montero  Politico  JoeBiden   Kamalaharris  DrBiden  POTUS45,1440234235546124294,False, BarackObama Improve your business productivitieshttps   t co 2vXtjjSMzz business  entrepreneur  marketing  marketingdigital  photography  cryptocurrency  branding  socialmedia  FreeCodeFridayContest  ConstitutionDay  taylor  Montero  Politico  JoeBiden   Kamalaharris  DrBiden  POTUS45,2021-09-21T08:39:34.000Z,USA,"@BarackObama Improve your business productivities

https://t.co/2vXtjjSMzz

#business #entrepreneur #marketing #marketingdigital #photography #cryptocurrency #branding #socialmedia #FreeCodeFridayContest #ConstitutionDay #taylor #Montero #Politico #JoeBiden  #Kamalaharris #DrBiden #POTUS45",[],"['business', 'entrepreneur', 'marketing']",['BarackObama'],"['https://t.co/2vXtjjSMzz', 'https://t.co/xsC26Zn551']"
54,en,1426589810131718148,813286, BarackObama I am a graduate student at Columbia University I got my bachelor degree and graduated from USC But just because I was a transfer student from HIT WEIHAI to USC  my U S visa was revoked under P P 10043 which should be modified or canceled It is unreasonnable  Best wishes to you ,1439811738006814726,False, BarackObama I am a graduate student at Columbia University I got my bachelor degree and graduated from USC But just because I was a transfer student from HIT WEIHAI to USC  my U S visa was revoked under P P 10043 which should be modified or canceled It is unreasonnable  Best wishes to you ,2021-09-20T04:40:43.000Z,USA,"@BarackObama I am a graduate student at Columbia University.I got my bachelor degree and graduated from USC.But just because I was a transfer student from HIT WEIHAI to USC, my U.S visa was revoked under P.P.10043 which should be modified or canceled,It is unreasonnable. Best wishes to you.",[],[],['BarackObama'],['https://t.co/e7PzboDIC0']
55,en,1408485199189512196,813286, BarackObama  CripCampFilm  PeabodyAwards Please reinstate  UI benefits for  Covid  LongHaulers  We are debilitated  unable to work and have no income  It‚Äôs  Emergency status at this point ,1439060377602506752,False, BarackObama  CripCampFilm  PeabodyAwards Please reinstate  UI benefits for  Covid  LongHaulers  We are debilitated  unable to work and have no income  It‚Äôs  Emergency status at this point ,2021-09-18T02:55:05.000Z,USA,"@BarackObama @CripCampFilm @PeabodyAwards Please reinstate #UI benefits for #Covid #LongHaulers. We are debilitated, unable to work and have no income. It‚Äôs #Emergency status at this point.",[],"['UI', 'Covid', 'LongHaulers']","['BarackObama', 'CripCampFilm', 'PeabodyAwards']",['https://t.co/1AU3PPlfyo']
56,en,1401226146973470722,813286, BarackObama  POTUS You are doing more to create racism   division in this country than many  You talk   past  people  not at them or even down to them  to push your agenda   racism    You are the useful idiot for the liberal socialists who message no longer resonates ,1440866950221942793,False, BarackObama  POTUS You are doing more to create racism   division in this country than many  You talk   past  people  not at them or even down to them  to push your agenda   racism    You are the useful idiot for the liberal socialists who message no longer resonates ,2021-09-23T02:33:45.000Z,USA,@BarackObama @POTUS You are doing more to create racism + division in this country than many. You talk --past--people (not at them or even down to them) to push your agenda...racism.   You are the useful idiot for the liberal socialists who message no longer resonates.,[],[],"['BarackObama', 'POTUS']",['https://t.co/lqEcoS0T0r']
57,en,1401226146973470722,813286, BarackObama  POTUS https   t co 1lSX3mtQkU   Follow the link to participate in the mega iphone giveaway conducted by mrwhosetheboss  Try your luck today itself ,1440516086785470469,False, BarackObama  POTUS https   t co 1lSX3mtQkU   Follow the link to participate in the mega iphone giveaway conducted by mrwhosetheboss  Try your luck today itself ,2021-09-22T03:19:33.000Z,USA,@BarackObama @POTUS https://t.co/1lSX3mtQkU - Follow the link to participate in the mega iphone giveaway conducted by mrwhosetheboss. Try your luck today itself üôÇ,['üôÇ'],[],"['BarackObama', 'POTUS']","['https://t.co/1lSX3mtQkU', 'https://t.co/4rPPMd1bsx']"
58,en,1401226146973470722,813286, BarackObama  POTUS I love my  BarackObama  obamacare2024,1440295791080267777,False, BarackObama  POTUS I love my  BarackObama  obamacare2024,2021-09-21T12:44:10.000Z,USA,@BarackObama @POTUS I love my @BarackObama #obamacare2024,[],['obamacare2024'],"['BarackObama', 'POTUS', 'BarackObama']",[]
59,en,1401226146973470722,813286, BarackObama  POTUS Improve your business productivitieshttps   t co 2vXtjjSMzz business  entrepreneur  marketing  marketingdigital  photography  cryptocurrency  branding  socialmedia  FreeCodeFridayContest  ConstitutionDay  taylor  Montero  Politico  JoeBiden   Kamalaharris  DrBiden  POTUS45,1440234792537116672,False, BarackObama  POTUS Improve your business productivitieshttps   t co 2vXtjjSMzz business  entrepreneur  marketing  marketingdigital  photography  cryptocurrency  branding  socialmedia  FreeCodeFridayContest  ConstitutionDay  taylor  Montero  Politico  JoeBiden   Kamalaharris  DrBiden  POTUS45,2021-09-21T08:41:47.000Z,USA,"@BarackObama @POTUS Improve your business productivities

https://t.co/2vXtjjSMzz

#business #entrepreneur #marketing #marketingdigital #photography #cryptocurrency #branding #socialmedia #FreeCodeFridayContest #ConstitutionDay #taylor #Montero #Politico #JoeBiden  #Kamalaharris #DrBiden #POTUS45",[],"['business', 'entrepreneur']","['BarackObama', 'POTUS']","['https://t.co/2vXtjjSMzz', 'https://t.co/CJBUGuht91']"
60,en,1399412024396894211,813286, BarackObama Improve your business productivitieshttps   t co 2vXtjjSMzz business  entrepreneur  marketing  marketingdigital  photography  cryptocurrency  branding  socialmedia  FreeCodeFridayContest  ConstitutionDay  taylor  Montero  Politico  JoeBiden   Kamalaharris  DrBiden  POTUS45,1440234839593000969,False, BarackObama Improve your business productivitieshttps   t co 2vXtjjSMzz business  entrepreneur  marketing  marketingdigital  photography  cryptocurrency  branding  socialmedia  FreeCodeFridayContest  ConstitutionDay  taylor  Montero  Politico  JoeBiden   Kamalaharris  DrBiden  POTUS45,2021-09-21T08:41:58.000Z,USA,"@BarackObama Improve your business productivities

https://t.co/2vXtjjSMzz

#business #entrepreneur #marketing #marketingdigital #photography #cryptocurrency #branding #socialmedia #FreeCodeFridayContest #ConstitutionDay #taylor #Montero #Politico #JoeBiden  #Kamalaharris #DrBiden #POTUS45",[],"['business', 'entrepreneur', 'marketing']",['BarackObama'],"['https://t.co/2vXtjjSMzz', 'https://t.co/1XlMBD28CG']"
61,en,1397576191981330442,813286, BarackObama You are missed  Intelligence  common sense and soooo cool  It is science       Biden is great and thank you for your honesty ,1439947196707835914,False, BarackObama You are missed  Intelligence  common sense and soooo cool  It is science       Biden is great and thank you for your honesty ,2021-09-20T13:38:59.000Z,USA,"@BarackObama You are missed! Intelligence, common sense and soooo cool. It is science!!!!!! Biden is great and thank you for your honesty.",[],[],['BarackObama'],[]
62,en,1384626851511951360,813286, BarackObama Yuck,1440162453514457090,False, BarackObama Yuck,2021-09-21T03:54:20.000Z,USA,@BarackObama Yuck,[],[],['BarackObama'],[]
63,en,1379090502058934272,813286, danaraylwest  BarackObama  MBK Alliance May Allah bless us,1439151359790510084,False, danaraylwest  BarackObama  MBK Alliance May Allah bless us,2021-09-18T08:56:36.000Z,USA,@danaraylwest @BarackObama @MBK_Alliance May Allah bless us,[],[],"['danaraylwest', 'BarackObama', 'MBK_Alliance']",[]
