,tweet_lang,replied_to_tweet_id,replied_to_user_id,reply_text,id,verified,text_en,tweet_date,country,tweet_text,tweet_emoticons,hashtags,mentions,tweet_urls,text_hi
0,en,1440259319899983885,2596143056, MoHFW INDIA  PMOIndia  mansukhmandviya  ianuragthakur Abusing Female MBBS students in lecture by Haryana govt prof Sumit kumar show how concerned is  cmohry towards safety of women  Beti Bachao Beti Padhao  slogan is just for votes  Terminate sumitkumar  bpsgmc harassment  PMOIndia  EduMinOfIndia  IMAIndiaOrg  NMC INdHelp https   t co 0jl0UwJeY3,1440260454052368394,False, MoHFW INDIA  PMOIndia  mansukhmandviya  ianuragthakur Abusing Female MBBS students in lecture by Haryana govt prof Sumit kumar show how concerned is  cmohry towards safety of women  Beti Bachao Beti Padhao  slogan is just for votes  Terminate sumitkumar  bpsgmc harassment  PMOIndia  EduMinOfIndia  IMAIndiaOrg  NMC INdHelp https   t co 0jl0UwJeY3,2021-09-21T10:23:45.000Z,India,"@MoHFW_INDIA @PMOIndia @mansukhmandviya @ianuragthakur Abusing Female MBBS students in lecture by Haryana govt prof Sumit kumar show how concerned is @cmohry towards safety of women.""Beti Bachao Beti Padhao"" slogan is just for votes?

#Terminate_sumitkumar #bpsgmc_harassment @PMOIndia @EduMinOfIndia @IMAIndiaOrg @NMC_INd
Help https://t.co/0jl0UwJeY3",[],[],"['MoHFW_INDIA', 'PMOIndia', 'mansukhmandviya', 'ianuragthakur']",['https://t.co/SKo16O05oA'],
1,en,1440259319899983885,2596143056, MoHFW INDIA  PMOIndia  mansukhmandviya  ianuragthakur Only stopping direct contact can truly stop coronavirus spread  Use free BostApp instead to safely communicate with people around  Download for free at Apple https   t co uChWyocMBe  amp  Google https   t co Nvi0yiL0UN https   t co QVEh3re0Ld,1440259530001027081,False, MoHFW INDIA  PMOIndia  mansukhmandviya  ianuragthakur Only stopping direct contact can truly stop coronavirus spread  Use free BostApp instead to safely communicate with people around  Download for free at Apple https   t co uChWyocMBe  amp  Google https   t co Nvi0yiL0UN https   t co QVEh3re0Ld,2021-09-21T10:20:05.000Z,India,@MoHFW_INDIA @PMOIndia @mansukhmandviya @ianuragthakur Only stopping direct contact can truly stop coronavirus spread! Use free BostApp instead to safely communicate with people around. Download for free at Apple https://t.co/uChWyocMBe &amp; Google https://t.co/Nvi0yiL0UN https://t.co/QVEh3re0Ld,[],[],"['MoHFW_INDIA', 'PMOIndia', 'mansukhmandviya', 'ianuragthakur']",['https://t.co/yWt8tzce2d'],
2,en,1440194191594721288,2596143056, MoHFW INDIA  PMOIndia  mansukhmandviya  ianuragthakur  DrBharatippawar  PIB India  mygovindia  NITIAayog  MIB India Thanks a lot for this support  STRiDEDementia  PaolaBarbarino  ardsi,1440213666700267524,False, MoHFW INDIA  PMOIndia  mansukhmandviya  ianuragthakur  DrBharatippawar  PIB India  mygovindia  NITIAayog  MIB India Thanks a lot for this support  STRiDEDementia  PaolaBarbarino  ardsi,2021-09-21T07:17:50.000Z,India,@MoHFW_INDIA @PMOIndia @mansukhmandviya @ianuragthakur @DrBharatippawar @PIB_India @mygovindia @NITIAayog @MIB_India Thanks a lot for this support @STRiDEDementia @PaolaBarbarino @ardsi,[],[],"['MoHFW_INDIA', 'PMOIndia', 'mansukhmandviya', 'ianuragthakur', 'DrBharatippawar', 'PIB_India', 'mygovindia', 'NITIAayog']",['https://t.co/legqvx5ldk'],
3,en,1440194191594721288,2596143056, MoHFW INDIA  PMOIndia  mansukhmandviya  ianuragthakur  DrBharatippawar  PIB India  mygovindia  NITIAayog  MIB India Success full Department ,1440195157253492753,False, MoHFW INDIA  PMOIndia  mansukhmandviya  ianuragthakur  DrBharatippawar  PIB India  mygovindia  NITIAayog  MIB India Success full Department ,2021-09-21T06:04:17.000Z,India,@MoHFW_INDIA @PMOIndia @mansukhmandviya @ianuragthakur @DrBharatippawar @PIB_India @mygovindia @NITIAayog @MIB_India Success full Department.,[],[],"['MoHFW_INDIA', 'PMOIndia', 'mansukhmandviya', 'ianuragthakur', 'DrBharatippawar', 'PIB_India', 'mygovindia', 'NITIAayog']",['https://t.co/lCYxLkt9uV'],
4,en,1440194191594721288,2596143056, MoHFW INDIA  PMOIndia  mansukhmandviya  ianuragthakur  DrBharatippawar  PIB India  mygovindia  NITIAayog  MIB India Department ka bhut khoob hai  Success full policy ,1440194788293185538,False, MoHFW INDIA  PMOIndia  mansukhmandviya  ianuragthakur  DrBharatippawar  PIB India  mygovindia  NITIAayog  MIB India Department ka bhut khoob hai  Success full policy ,2021-09-21T06:02:49.000Z,India,@MoHFW_INDIA @PMOIndia @mansukhmandviya @ianuragthakur @DrBharatippawar @PIB_India @mygovindia @NITIAayog @MIB_India Department ka bhut khoob hai. Success full policy.,[],[],"['MoHFW_INDIA', 'PMOIndia', 'mansukhmandviya', 'ianuragthakur', 'DrBharatippawar', 'PIB_India', 'mygovindia', 'NITIAayog']",['https://t.co/ooJa0XSydw'],
5,en,1440191996312768516,2596143056, MoHFW INDIA  PMOIndia  mansukhmandviya  ianuragthakur  DrBharatippawar  PIB India  mygovindia  DDNewslive  airnewsalerts ARDSI National office thanks the MoHFW for tweeting on Dementia commemorating world Alzheimer s day  5 91 million people are affected looking for your support  AlzDisInt  DYSuharya  STRiDEDementia,1440309223628279816,False, MoHFW INDIA  PMOIndia  mansukhmandviya  ianuragthakur  DrBharatippawar  PIB India  mygovindia  DDNewslive  airnewsalerts ARDSI National office thanks the MoHFW for tweeting on Dementia commemorating world Alzheimer s day  5 91 million people are affected looking for your support  AlzDisInt  DYSuharya  STRiDEDementia,2021-09-21T13:37:33.000Z,India,@MoHFW_INDIA @PMOIndia @mansukhmandviya @ianuragthakur @DrBharatippawar @PIB_India @mygovindia @DDNewslive @airnewsalerts ARDSI National office thanks the MoHFW for tweeting on Dementia commemorating world Alzheimer's day. 5.91 million people are affected looking for your support.@AlzDisInt @DYSuharya @STRiDEDementia,[],[],"['MoHFW_INDIA', 'PMOIndia', 'mansukhmandviya', 'ianuragthakur', 'DrBharatippawar', 'PIB_India', 'mygovindia', 'DDNewslive']",['https://t.co/hBTSoHAfHR'],
6,en,1440191996312768516,2596143056, MoHFW INDIA Alzheimer is a battle which many people are fighting with and we must stand with them ,1440240071580389382,False, MoHFW INDIA Alzheimer is a battle which many people are fighting with and we must stand with them ,2021-09-21T09:02:46.000Z,India,@MoHFW_INDIA Alzheimer is a battle which many people are fighting with and we must stand with them.,[],[],['MoHFW_INDIA'],[],
7,en,1440191996312768516,2596143056, MoHFW INDIA  PMOIndia  mansukhmandviya  ianuragthakur  DrBharatippawar  PIB India  mygovindia  DDNewslive  airnewsalerts Appreciate your support on World Alzheimer‚Äôs Day  PaolaBarbarino  STRiDEDementia  ardsi,1440214578848092162,False, MoHFW INDIA  PMOIndia  mansukhmandviya  ianuragthakur  DrBharatippawar  PIB India  mygovindia  DDNewslive  airnewsalerts Appreciate your support on World Alzheimer‚Äôs Day  PaolaBarbarino  STRiDEDementia  ardsi,2021-09-21T07:21:28.000Z,India,@MoHFW_INDIA @PMOIndia @mansukhmandviya @ianuragthakur @DrBharatippawar @PIB_India @mygovindia @DDNewslive @airnewsalerts Appreciate your support on World Alzheimer‚Äôs Day @PaolaBarbarino @STRiDEDementia @ardsi,[],[],"['MoHFW_INDIA', 'PMOIndia', 'mansukhmandviya', 'ianuragthakur', 'DrBharatippawar', 'PIB_India', 'mygovindia', 'DDNewslive']",['https://t.co/p0y1KiOogd'],
8,en,1440191996312768516,2596143056, MoHFW INDIA Virgin Coconut Oil reverses  Alzheimers  Dementia,1440194813756801028,False, MoHFW INDIA Virgin Coconut Oil reverses  Alzheimers  Dementia,2021-09-21T06:02:55.000Z,India,@MoHFW_INDIA Virgin Coconut Oil reverses #Alzheimers #Dementia,[],"['Alzheimers', 'Dementia']",['MoHFW_INDIA'],[],
9,hi,1440191996312768516,2596143056, MoHFW INDIA  PMOIndia  mansukhmandviya  ianuragthakur  DrBharatippawar  PIB India  mygovindia  DDNewslive  airnewsalerts ‡§∏‡•ç‡§Æ‡§æ‡§∞‡•ç‡§ü ‡§Æ‡•Ä‡§ü‡§∞ ‡§ï‡•á ‡§¶‡•ç‡§µ‡§æ‡§∞‡§æ ‡§∏‡§∞‡§ï‡§æ‡§∞ ‡§ú‡§®‡§§‡§æ ‡§ï‡§æ ‡§™‡•à‡§∏‡§æ ‡§≤‡•Ç‡§ü ‡§∞‡§π‡•Ä ‡§π‡•à‡•§ ‡§¨‡§ø‡§π‡§æ‡§∞ ‡§∏‡§∞‡§ï‡§æ‡§∞ ‡§ï‡•ã ‡§∂‡§∞‡§æ‡§¨‡§¨‡§Ç‡§¶‡•Ä ‡§¶‡•ç‡§µ‡§æ‡§∞‡§æ  ‡§ú‡•ã ‡§∞‡§æ‡§ú‡§∏‡•ç‡§µ ‡§ï‡§æ ‡§ò‡§ü‡§æ ‡§π‡•Å‡§Ü ‡§â‡§∏‡§ï‡•Ä ‡§™‡•Ç‡§∞‡•ç‡§§‡§ø ‡§ï‡•á ‡§≤‡§ø‡§è ‡§¨‡§ø‡§ú‡§≤‡•Ä ‡§ï‡§æ ‡§¨‡§ø‡§≤ ‡§ï‡§æ‡§´‡•Ä ‡§¨‡§¢‡§º‡§æ ‡§¶‡§ø‡§Ø‡§æ ‡§ó‡§Ø‡§æ ‡§ú‡§ø‡§∏‡§ï‡•á ‡§ö‡§≤‡§§‡•á ‡§ú‡§®‡§§‡§æ ‡§¨‡§π‡•Å‡§§ ‡§™‡§∞‡•á‡§∂‡§æ‡§® ‡§π‡•à‡•§ https   t co o6EvT3VW6B https   t co dSjx4aub,1440192954665107463,False,,2021-09-21T05:55:32.000Z,India,@MoHFW_INDIA @PMOIndia @mansukhmandviya @ianuragthakur @DrBharatippawar @PIB_India @mygovindia @DDNewslive @airnewsalerts ‡§∏‡•ç‡§Æ‡§æ‡§∞‡•ç‡§ü ‡§Æ‡•Ä‡§ü‡§∞ ‡§ï‡•á ‡§¶‡•ç‡§µ‡§æ‡§∞‡§æ ‡§∏‡§∞‡§ï‡§æ‡§∞ ‡§ú‡§®‡§§‡§æ ‡§ï‡§æ ‡§™‡•à‡§∏‡§æ ‡§≤‡•Ç‡§ü ‡§∞‡§π‡•Ä ‡§π‡•à‡•§ ‡§¨‡§ø‡§π‡§æ‡§∞ ‡§∏‡§∞‡§ï‡§æ‡§∞ ‡§ï‡•ã ‡§∂‡§∞‡§æ‡§¨‡§¨‡§Ç‡§¶‡•Ä ‡§¶‡•ç‡§µ‡§æ‡§∞‡§æ  ‡§ú‡•ã ‡§∞‡§æ‡§ú‡§∏‡•ç‡§µ ‡§ï‡§æ ‡§ò‡§ü‡§æ ‡§π‡•Å‡§Ü ‡§â‡§∏‡§ï‡•Ä ‡§™‡•Ç‡§∞‡•ç‡§§‡§ø ‡§ï‡•á ‡§≤‡§ø‡§è ‡§¨‡§ø‡§ú‡§≤‡•Ä ‡§ï‡§æ ‡§¨‡§ø‡§≤ ‡§ï‡§æ‡§´‡•Ä ‡§¨‡§¢‡§º‡§æ ‡§¶‡§ø‡§Ø‡§æ ‡§ó‡§Ø‡§æ ‡§ú‡§ø‡§∏‡§ï‡•á ‡§ö‡§≤‡§§‡•á ‡§ú‡§®‡§§‡§æ ‡§¨‡§π‡•Å‡§§ ‡§™‡§∞‡•á‡§∂‡§æ‡§® ‡§π‡•à‡•§ https://t.co/o6EvT3VW6B https://t.co/dSjx4auxpb,['xp'],[],"['MoHFW_INDIA', 'PMOIndia', 'mansukhmandviya', 'ianuragthakur', 'DrBharatippawar', 'PIB_India', 'mygovindia', 'DDNewslive']",['https://t.co/X4chYxi6Kd'], MoHFW INDIA  PMOIndia  mansukhmandviya  ianuragthakur  DrBharatippawar  PIB India  mygovindia  DDNewslive  airnewsalerts ‡§∏‡•ç‡§Æ‡§æ‡§∞‡•ç‡§ü ‡§Æ‡•Ä‡§ü‡§∞ ‡§ï‡•á ‡§¶‡•ç‡§µ‡§æ‡§∞‡§æ ‡§∏‡§∞‡§ï‡§æ‡§∞ ‡§ú‡§®‡§§‡§æ ‡§ï‡§æ ‡§™‡•à‡§∏‡§æ ‡§≤‡•Ç‡§ü ‡§∞‡§π‡•Ä ‡§π‡•à‡•§ ‡§¨‡§ø‡§π‡§æ‡§∞ ‡§∏‡§∞‡§ï‡§æ‡§∞ ‡§ï‡•ã ‡§∂‡§∞‡§æ‡§¨‡§¨‡§Ç‡§¶‡•Ä ‡§¶‡•ç‡§µ‡§æ‡§∞‡§æ  ‡§ú‡•ã ‡§∞‡§æ‡§ú‡§∏‡•ç‡§µ ‡§ï‡§æ ‡§ò‡§ü‡§æ ‡§π‡•Å‡§Ü ‡§â‡§∏‡§ï‡•Ä ‡§™‡•Ç‡§∞‡•ç‡§§‡§ø ‡§ï‡•á ‡§≤‡§ø‡§è ‡§¨‡§ø‡§ú‡§≤‡•Ä ‡§ï‡§æ ‡§¨‡§ø‡§≤ ‡§ï‡§æ‡§´‡•Ä ‡§¨‡§¢‡§º‡§æ ‡§¶‡§ø‡§Ø‡§æ ‡§ó‡§Ø‡§æ ‡§ú‡§ø‡§∏‡§ï‡•á ‡§ö‡§≤‡§§‡•á ‡§ú‡§®‡§§‡§æ ‡§¨‡§π‡•Å‡§§ ‡§™‡§∞‡•á‡§∂‡§æ‡§® ‡§π‡•à‡•§ https   t co o6EvT3VW6B https   t co dSjx4aub
10,en,1440191996312768516,2596143056, MoHFW INDIA  Alzheimer is a battle which many people are fighting with and we must stand with themThe most beautiful and soothing thing that we can do to patients suffering from Alzheimer is to love them and not judge them   WorldAlzheimersDay2021  WorldAlzheimersDay  prontoconsult https   t co PdHMoGXdb1,1440192703627554820,False, MoHFW INDIA  Alzheimer is a battle which many people are fighting with and we must stand with themThe most beautiful and soothing thing that we can do to patients suffering from Alzheimer is to love them and not judge them   WorldAlzheimersDay2021  WorldAlzheimersDay  prontoconsult https   t co PdHMoGXdb1,2021-09-21T05:54:32.000Z,India,"@MoHFW_INDIA #Alzheimer is a battle which many people are fighting with and we must stand with them
The most beautiful and soothing thing that we can do to patients suffering from Alzheimer is to love them and not judge them. #WorldAlzheimersDay2021 #WorldAlzheimersDay #prontoconsult https://t.co/PdHMoGXdb1",[],['Alzheimer'],['MoHFW_INDIA'],['https://t.co/mrz4NgslVw'],
11,en,1440191996312768516,2596143056,People suffering from  Alzheimer s disease  amp   Dementia need your empathy and support   SwasthaBharat  HealthForAll https   t co jrk61HqwGT,1440192001601798147,True,People suffering from  Alzheimer s disease  amp   Dementia need your empathy and support   SwasthaBharat  HealthForAll https   t co jrk61HqwGT,2021-09-21T05:51:45.000Z,India,People suffering from #Alzheimer's disease &amp; #Dementia need your empathy and support. #SwasthaBharat #HealthForAll https://t.co/jrk61HqwGT,[],"['Alzheimer', 'Dementia', 'SwasthaBharat', 'HealthForAll']",[],[],
12,en,1439913995918450688,2596143056, MoHFW INDIA  mansukhmandviya  ianuragthakur  DrBharatippawar  PIB India  mygovindia  COVIDNewsByMIB  ICMRDELHI  DDNewslive  airnewsalerts 75000 crore bihar stolen from different States arrest people from lalbigha village then Giriraj Singh become new cm for bihar state arrest Nitish Kumar immediately BJP make governance all over India 2017 2021 bihar stolen 75000 crore ,1440083557569859590,False, MoHFW INDIA  mansukhmandviya  ianuragthakur  DrBharatippawar  PIB India  mygovindia  COVIDNewsByMIB  ICMRDELHI  DDNewslive  airnewsalerts 75000 crore bihar stolen from different States arrest people from lalbigha village then Giriraj Singh become new cm for bihar state arrest Nitish Kumar immediately BJP make governance all over India 2017 2021 bihar stolen 75000 crore ,2021-09-20T22:40:50.000Z,India,@MoHFW_INDIA @mansukhmandviya @ianuragthakur @DrBharatippawar @PIB_India @mygovindia @COVIDNewsByMIB @ICMRDELHI @DDNewslive @airnewsalerts 75000 crore bihar stolen from different States arrest people from lalbigha village then Giriraj Singh become new cm for bihar state arrest Nitish Kumar immediately BJP make governance all over India 2017 2021 bihar stolen 75000 crore ‚úåÔ∏èüáÆüá≥,"['‚úåÔ∏è', 'üáÆüá≥']",[],"['MoHFW_INDIA', 'mansukhmandviya', 'ianuragthakur', 'DrBharatippawar', 'PIB_India', 'mygovindia', 'COVIDNewsByMIB', 'ICMRDELHI']",['https://t.co/laqjDh0ktW'],
13,en,1439913995918450688,2596143056, MoHFW INDIA  PMOIndia 75000 crore bihar stolen from different States arrest people from lalbigha village then Giriraj Singh become new cm for bihar state arrest Nitish Kumar immediately BJP make governance all over India 2017 2021 bihar stolen 75000 crore   narendramodi,1440083510908231682,False, MoHFW INDIA  PMOIndia 75000 crore bihar stolen from different States arrest people from lalbigha village then Giriraj Singh become new cm for bihar state arrest Nitish Kumar immediately BJP make governance all over India 2017 2021 bihar stolen 75000 crore   narendramodi,2021-09-20T22:40:39.000Z,India,@MoHFW_INDIA @PMOIndia 75000 crore bihar stolen from different States arrest people from lalbigha village then Giriraj Singh become new cm for bihar state arrest Nitish Kumar immediately BJP make governance all over India 2017 2021 bihar stolen 75000 crore ‚úåÔ∏èüáÆüá≥ @narendramodi,"['‚úåÔ∏è', 'üáÆüá≥']",[],"['MoHFW_INDIA', 'PMOIndia']",['https://t.co/hllCae0pvn'],
14,en,1439557799961239563,2596143056, MoHFW INDIA  PIB India  COVIDNewsByMIB  mygovindia  airnewsalerts  DDNewslive 75000 crore bihar stolen from different States arrest people from lalbigha village then Giriraj Singh become new cm for bihar state arrest Nitish Kumar immediately BJP make governance all over India 2017 2021 bihar stolen 75000 crore ,1440084894609149963,False, MoHFW INDIA  PIB India  COVIDNewsByMIB  mygovindia  airnewsalerts  DDNewslive 75000 crore bihar stolen from different States arrest people from lalbigha village then Giriraj Singh become new cm for bihar state arrest Nitish Kumar immediately BJP make governance all over India 2017 2021 bihar stolen 75000 crore ,2021-09-20T22:46:09.000Z,India,@MoHFW_INDIA @PIB_India @COVIDNewsByMIB @mygovindia @airnewsalerts @DDNewslive 75000 crore bihar stolen from different States arrest people from lalbigha village then Giriraj Singh become new cm for bihar state arrest Nitish Kumar immediately BJP make governance all over India 2017 2021 bihar stolen 75000 crore ‚úåÔ∏èüáÆüá≥,"['‚úåÔ∏è', 'üáÆüá≥']",[],"['MoHFW_INDIA', 'PIB_India', 'COVIDNewsByMIB', 'mygovindia', 'airnewsalerts', 'DDNewslive']",['https://t.co/SbmtxvtDOF'],
15,en,1439557799961239563,2596143056, MoHFW INDIA  PMOIndia  mansukhmandviya  ianuragthakur  DrBharatippawar 75000 crore bihar stolen from different States arrest people from lalbigha village then Giriraj Singh become new cm for bihar state arrest Nitish Kumar immediately BJP make governance all over India 2017 2021 bihar stolen 75000 crore ,1440084862518530049,False, MoHFW INDIA  PMOIndia  mansukhmandviya  ianuragthakur  DrBharatippawar 75000 crore bihar stolen from different States arrest people from lalbigha village then Giriraj Singh become new cm for bihar state arrest Nitish Kumar immediately BJP make governance all over India 2017 2021 bihar stolen 75000 crore ,2021-09-20T22:46:01.000Z,India,@MoHFW_INDIA @PMOIndia @mansukhmandviya @ianuragthakur @DrBharatippawar 75000 crore bihar stolen from different States arrest people from lalbigha village then Giriraj Singh become new cm for bihar state arrest Nitish Kumar immediately BJP make governance all over India 2017 2021 bihar stolen 75000 crore ‚úåÔ∏èüáÆüá≥,"['‚úåÔ∏è', 'üáÆüá≥']",[],"['MoHFW_INDIA', 'PMOIndia', 'mansukhmandviya', 'ianuragthakur', 'DrBharatippawar']",['https://t.co/NAtVrbFJLv'],
16,hi,1439557799961239563,2596143056, MoHFW INDIA  PMOIndia  mansukhmandviya  ianuragthakur  DrBharatippawar ‡§∏‡•ç‡§•‡§ø‡§§  ,1439563080069836802,False,,2021-09-19T12:12:38.000Z,India,@MoHFW_INDIA @PMOIndia @mansukhmandviya @ianuragthakur @DrBharatippawar ‡§∏‡•ç‡§•‡§ø‡§§ *,[],[],"['MoHFW_INDIA', 'PMOIndia', 'mansukhmandviya', 'ianuragthakur', 'DrBharatippawar']",[], MoHFW INDIA  PMOIndia  mansukhmandviya  ianuragthakur  DrBharatippawar ‡§∏‡•ç‡§•‡§ø‡§§  
17,hi,1439557799961239563,2596143056, MoHFW INDIA  PMOIndia  mansukhmandviya  ianuragthakur  DrBharatippawar Sab ko riha kar doge ab,1439558582907850753,False,,2021-09-19T11:54:46.000Z,India,@MoHFW_INDIA @PMOIndia @mansukhmandviya @ianuragthakur @DrBharatippawar Sab ko riha kar doge ab,[],[],"['MoHFW_INDIA', 'PMOIndia', 'mansukhmandviya', 'ianuragthakur', 'DrBharatippawar']",[], MoHFW INDIA  PMOIndia  mansukhmandviya  ianuragthakur  DrBharatippawar Sab ko riha kar doge ab
18,hi,1439087649768153091,2596143056, MoHFW INDIA  PMOIndia  mansukhmandviya  ianuragthakur  DrBharatippawar  PIB India  mygovindia  COVIDNewsByMIB  DDNewslive  airnewsalerts ‡§Æ‡•á‡§∞‡•á ‡§≠‡§æ‡§à ‡§ï‡•á ‡§ó‡•Å‡§∞‡•ç‡§¶‡•á kidney ‡§ñ‡§∞‡§æ‡§¨ ‡§π‡•ã ‡§ó‡§è ‡§π‡•à‡§Ç  ‡§™‡§æ‡§∞‡§ø‡§µ‡§æ‡§∞‡§ø‡§ï ‡§∏‡•ç‡§§‡§ø‡§•‡§ø ‡§¨‡§ø‡§≤‡•ç‡§ï‡•Å‡§≤ ‡§®‡§ø‡§Æ‡•ç‡§® ‡§∏‡•ç‡§§‡§∞ ‡§ï‡•Ä ‡§π‡•à ‡§Ö‡§∞‡•ç‡§•‡§æ‡§§ ‡§¶‡•à‡§®‡§ø‡§ï ‡§ú‡•Ä‡§µ‡§® ‡§ï‡•ã ‡§Æ‡§ú‡§¶‡•Ç‡§∞‡•Ä ‡§∏‡•á ‡§ö‡§≤‡§§‡•á ‡§π‡•à‡§Ç‡•§‡§™‡§ø‡§§‡§æ‡§ú‡•Ä ‡§≠‡•Ä ‡§®‡§π‡•Ä‡§Ç ‡§∞‡§π‡•á‡•§‡§Ü‡§™‡§∏‡•á ‡§Ö‡§®‡•Å‡§∞‡•ã‡§ß ‡§π‡•à ‡§ï‡§ø ‡§Ü‡§™ ‡§á‡§Ç‡§∏‡§æ‡§®‡§ø‡§Ø‡§§ ‡§ï‡•á ‡§µ‡§æ‡§∏‡•ç‡§§‡•á ‡§π‡§Æ‡§æ‡§∞‡•Ä ‡§Æ‡§¶‡§¶ ‡§ï‡•ã ‡§Ü‡§ó‡•á ‡§Ü‡§Ø‡•á‡§Ç‡•§‡§®‡§π‡•Ä‡§Ç ‡§§‡•ã ‡§π‡§Æ‡§æ‡§∞‡§æ ‡§≠‡§æ‡§à ‡§á‡§∏ ‡§¶‡•Å‡§®‡§ø‡§Ø‡§æ ‡§∏‡•á ‡§ö‡§≤‡§æ ‡§ú‡§æ‡§Ø‡•á‡§ó‡§æ‡•§‡§ú‡•à‡§∏‡•Ä ‡§≠‡•Ä ‡§π‡•ã ‡§Æ‡§¶‡§¶ ‡§ï‡§∞‡•á‡§Ç‡•§‡•§ 07906566404,1439101050594607106,False,,2021-09-18T05:36:42.000Z,India,"@MoHFW_INDIA @PMOIndia @mansukhmandviya @ianuragthakur @DrBharatippawar @PIB_India @mygovindia @COVIDNewsByMIB @DDNewslive @airnewsalerts ‡§Æ‡•á‡§∞‡•á ‡§≠‡§æ‡§à ‡§ï‡•á ‡§ó‡•Å‡§∞‡•ç‡§¶‡•á(kidney)‡§ñ‡§∞‡§æ‡§¨ ‡§π‡•ã ‡§ó‡§è ‡§π‡•à‡§Ç, ‡§™‡§æ‡§∞‡§ø‡§µ‡§æ‡§∞‡§ø‡§ï ‡§∏‡•ç‡§§‡§ø‡§•‡§ø ‡§¨‡§ø‡§≤‡•ç‡§ï‡•Å‡§≤ ‡§®‡§ø‡§Æ‡•ç‡§® ‡§∏‡•ç‡§§‡§∞ ‡§ï‡•Ä ‡§π‡•à ‡§Ö‡§∞‡•ç‡§•‡§æ‡§§ ‡§¶‡•à‡§®‡§ø‡§ï ‡§ú‡•Ä‡§µ‡§® ‡§ï‡•ã ‡§Æ‡§ú‡§¶‡•Ç‡§∞‡•Ä ‡§∏‡•á ‡§ö‡§≤‡§§‡•á ‡§π‡•à‡§Ç‡•§‡§™‡§ø‡§§‡§æ‡§ú‡•Ä ‡§≠‡•Ä ‡§®‡§π‡•Ä‡§Ç ‡§∞‡§π‡•á‡•§‡§Ü‡§™‡§∏‡•á ‡§Ö‡§®‡•Å‡§∞‡•ã‡§ß ‡§π‡•à ‡§ï‡§ø ‡§Ü‡§™ ‡§á‡§Ç‡§∏‡§æ‡§®‡§ø‡§Ø‡§§ ‡§ï‡•á ‡§µ‡§æ‡§∏‡•ç‡§§‡•á ‡§π‡§Æ‡§æ‡§∞‡•Ä ‡§Æ‡§¶‡§¶ ‡§ï‡•ã ‡§Ü‡§ó‡•á ‡§Ü‡§Ø‡•á‡§Ç‡•§‡§®‡§π‡•Ä‡§Ç ‡§§‡•ã ‡§π‡§Æ‡§æ‡§∞‡§æ ‡§≠‡§æ‡§à ‡§á‡§∏ ‡§¶‡•Å‡§®‡§ø‡§Ø‡§æ ‡§∏‡•á ‡§ö‡§≤‡§æ ‡§ú‡§æ‡§Ø‡•á‡§ó‡§æ‡•§‡§ú‡•à‡§∏‡•Ä ‡§≠‡•Ä ‡§π‡•ã ‡§Æ‡§¶‡§¶ ‡§ï‡§∞‡•á‡§Ç‡•§‡•§ 07906566404",[],[],"['MoHFW_INDIA', 'PMOIndia', 'mansukhmandviya', 'ianuragthakur', 'DrBharatippawar', 'PIB_India', 'mygovindia', 'COVIDNewsByMIB']",['https://t.co/PfOJBRYOGH'], MoHFW INDIA  PMOIndia  mansukhmandviya  ianuragthakur  DrBharatippawar  PIB India  mygovindia  COVIDNewsByMIB  DDNewslive  airnewsalerts ‡§Æ‡•á‡§∞‡•á ‡§≠‡§æ‡§à ‡§ï‡•á ‡§ó‡•Å‡§∞‡•ç‡§¶‡•á kidney ‡§ñ‡§∞‡§æ‡§¨ ‡§π‡•ã ‡§ó‡§è ‡§π‡•à‡§Ç  ‡§™‡§æ‡§∞‡§ø‡§µ‡§æ‡§∞‡§ø‡§ï ‡§∏‡•ç‡§§‡§ø‡§•‡§ø ‡§¨‡§ø‡§≤‡•ç‡§ï‡•Å‡§≤ ‡§®‡§ø‡§Æ‡•ç‡§® ‡§∏‡•ç‡§§‡§∞ ‡§ï‡•Ä ‡§π‡•à ‡§Ö‡§∞‡•ç‡§•‡§æ‡§§ ‡§¶‡•à‡§®‡§ø‡§ï ‡§ú‡•Ä‡§µ‡§® ‡§ï‡•ã ‡§Æ‡§ú‡§¶‡•Ç‡§∞‡•Ä ‡§∏‡•á ‡§ö‡§≤‡§§‡•á ‡§π‡•à‡§Ç‡•§‡§™‡§ø‡§§‡§æ‡§ú‡•Ä ‡§≠‡•Ä ‡§®‡§π‡•Ä‡§Ç ‡§∞‡§π‡•á‡•§‡§Ü‡§™‡§∏‡•á ‡§Ö‡§®‡•Å‡§∞‡•ã‡§ß ‡§π‡•à ‡§ï‡§ø ‡§Ü‡§™ ‡§á‡§Ç‡§∏‡§æ‡§®‡§ø‡§Ø‡§§ ‡§ï‡•á ‡§µ‡§æ‡§∏‡•ç‡§§‡•á ‡§π‡§Æ‡§æ‡§∞‡•Ä ‡§Æ‡§¶‡§¶ ‡§ï‡•ã ‡§Ü‡§ó‡•á ‡§Ü‡§Ø‡•á‡§Ç‡•§‡§®‡§π‡•Ä‡§Ç ‡§§‡•ã ‡§π‡§Æ‡§æ‡§∞‡§æ ‡§≠‡§æ‡§à ‡§á‡§∏ ‡§¶‡•Å‡§®‡§ø‡§Ø‡§æ ‡§∏‡•á ‡§ö‡§≤‡§æ ‡§ú‡§æ‡§Ø‡•á‡§ó‡§æ‡•§‡§ú‡•à‡§∏‡•Ä ‡§≠‡•Ä ‡§π‡•ã ‡§Æ‡§¶‡§¶ ‡§ï‡§∞‡•á‡§Ç‡•§‡•§ 07906566404
19,hi,1439087649768153091,2596143056, Unite2FightCorona  TyoharonKeRangCABKeSang ‡§ï‡•ã‡§∞‡•ã‡§®‡§æ ‡§Ö‡§≠‡•Ä ‡§ñ‡§§‡•ç‡§Æ ‡§®‡§π‡•Ä‡§Ç ‡§π‡•Å‡§Ü ‡§π‡•à ‡§á‡§∏‡§≤‡§ø‡§è ‡§§‡•ç‡§Ø‡•ã‡§π‡§æ‡§∞‡•ã‡§Ç ‡§ï‡•á ‡§∏‡§Æ‡§Ø ‡§¨‡§æ‡§π‡§∞ ‡§ú‡§æ‡§®‡•á ‡§∏‡•á ‡§¨‡§ö‡•á‡§Ç ‡§î‡§∞ ‡§∏‡§≠‡•Ä COVID ‡§Ö‡§®‡•Å‡§∞‡•Ç‡§™ ‡§µ‡•ç‡§Ø‡§µ‡§π‡§æ‡§∞‡•ã‡§Ç ‡§ï‡§æ ‡§™‡§æ‡§≤‡§® ‡§ï‡§∞‡•á‡§Ç‡•§ https   t co rS9lV7g9gV,1439087664909541376,True,,2021-09-18T04:43:30.000Z,India,"#Unite2FightCorona 
#TyoharonKeRangCABKeSang 

‡§ï‡•ã‡§∞‡•ã‡§®‡§æ ‡§Ö‡§≠‡•Ä ‡§ñ‡§§‡•ç‡§Æ ‡§®‡§π‡•Ä‡§Ç ‡§π‡•Å‡§Ü ‡§π‡•à ‡§á‡§∏‡§≤‡§ø‡§è ‡§§‡•ç‡§Ø‡•ã‡§π‡§æ‡§∞‡•ã‡§Ç ‡§ï‡•á ‡§∏‡§Æ‡§Ø ‡§¨‡§æ‡§π‡§∞ ‡§ú‡§æ‡§®‡•á ‡§∏‡•á ‡§¨‡§ö‡•á‡§Ç ‡§î‡§∞ ‡§∏‡§≠‡•Ä COVID ‡§Ö‡§®‡•Å‡§∞‡•Ç‡§™ ‡§µ‡•ç‡§Ø‡§µ‡§π‡§æ‡§∞‡•ã‡§Ç ‡§ï‡§æ ‡§™‡§æ‡§≤‡§® ‡§ï‡§∞‡•á‡§Ç‡•§ https://t.co/rS9lV7g9gV",[],"['Unite2FightCorona', 'TyoharonKeRangCABKeSang']",[],['https://t.co/3QPKJTBGfz'], Unite2FightCorona  TyoharonKeRangCABKeSang ‡§ï‡•ã‡§∞‡•ã‡§®‡§æ ‡§Ö‡§≠‡•Ä ‡§ñ‡§§‡•ç‡§Æ ‡§®‡§π‡•Ä‡§Ç ‡§π‡•Å‡§Ü ‡§π‡•à ‡§á‡§∏‡§≤‡§ø‡§è ‡§§‡•ç‡§Ø‡•ã‡§π‡§æ‡§∞‡•ã‡§Ç ‡§ï‡•á ‡§∏‡§Æ‡§Ø ‡§¨‡§æ‡§π‡§∞ ‡§ú‡§æ‡§®‡•á ‡§∏‡•á ‡§¨‡§ö‡•á‡§Ç ‡§î‡§∞ ‡§∏‡§≠‡•Ä COVID ‡§Ö‡§®‡•Å‡§∞‡•Ç‡§™ ‡§µ‡•ç‡§Ø‡§µ‡§π‡§æ‡§∞‡•ã‡§Ç ‡§ï‡§æ ‡§™‡§æ‡§≤‡§® ‡§ï‡§∞‡•á‡§Ç‡•§ https   t co rS9lV7g9gV
20,en,1438802432134320133,2596143056, MoHFW INDIA  PMOIndia  mansukhmandviya  ianuragthakur  DrBharatippawar  PIB India  mygovindia  COVIDNewsByMIB  DDNewslive  airnewsalerts  NitishKumar Well done,1439189778193281030,False, MoHFW INDIA  PMOIndia  mansukhmandviya  ianuragthakur  DrBharatippawar  PIB India  mygovindia  COVIDNewsByMIB  DDNewslive  airnewsalerts  NitishKumar Well done,2021-09-18T11:29:16.000Z,India,@MoHFW_INDIA @PMOIndia @mansukhmandviya @ianuragthakur @DrBharatippawar @PIB_India @mygovindia @COVIDNewsByMIB @DDNewslive @airnewsalerts @NitishKumar Well done,[],[],"['MoHFW_INDIA', 'PMOIndia', 'mansukhmandviya', 'ianuragthakur', 'DrBharatippawar', 'PIB_India', 'mygovindia', 'COVIDNewsByMIB']",['https://t.co/hcprDDm6sJ'],
21,en,1438802432134320133,2596143056, MoHFW INDIA  PMOIndia  mansukhmandviya  ianuragthakur  DrBharatippawar  PIB India  mygovindia  COVIDNewsByMIB  DDNewslive  airnewsalerts  NitishKumar Women are more intelligent than men ,1438905586192556039,False, MoHFW INDIA  PMOIndia  mansukhmandviya  ianuragthakur  DrBharatippawar  PIB India  mygovindia  COVIDNewsByMIB  DDNewslive  airnewsalerts  NitishKumar Women are more intelligent than men ,2021-09-17T16:39:59.000Z,India,@MoHFW_INDIA @PMOIndia @mansukhmandviya @ianuragthakur @DrBharatippawar @PIB_India @mygovindia @COVIDNewsByMIB @DDNewslive @airnewsalerts @NitishKumar Women are more intelligent than men.,[],[],"['MoHFW_INDIA', 'PMOIndia', 'mansukhmandviya', 'ianuragthakur', 'DrBharatippawar', 'PIB_India', 'mygovindia', 'COVIDNewsByMIB']",['https://t.co/Lx0UIwBoZd'],
22,hi,1438802432134320133,2596143056, MoHFW INDIA  PMOIndia  mansukhmandviya  ianuragthakur  DrBharatippawar  PIB India  mygovindia  COVIDNewsByMIB  DDNewslive  airnewsalerts  NitishKumar ‡§Ø‡§π ‡§Æ‡§ø‡§∏‡§æ‡§≤ ‡§®‡§π‡•Ä‡§Ç ‡§∞‡§æ‡§ú‡•ç‡§Ø ‡§§‡§•‡§æ ‡§ï‡•á‡§Ç‡§¶‡•ç‡§∞ ‡§∏‡§∞‡§ï‡§æ‡§∞ ‡§ï‡•á third class ‡§®‡§ø‡§Ø‡•ã‡§ú‡§® ‡§ï‡§æ ‡§™‡•ç‡§∞‡§≠‡§æ‡§µ ‡§π‡•á  ‡§π‡§æ‡§∞ ‡§Æ‡§æ‡§®‡§≤‡•ã  75 25  ‡§´‡•â‡§∞‡•ç‡§Æ‡•ç‡§Ø‡•Å‡§≤‡§æ ‡§Ü‡§ú ‡§≠‡•Ä ‡§Ö‡§µ‡§ó‡§§ ‡§®‡§æ‡§π‡•Ä ‡§π‡•ã ‡§∞‡§π‡§æ ‡§π‡•á ‡§®‡§æ‡§π‡•Ä ‡§∏‡•á‡§µ‡§æ ‡§∏‡•Å‡§µ‡§ø‡§ß‡§æ ‡§â‡§™‡§≤‡§¨‡•ç‡§ß ‡§π‡•ã ‡§∞‡§π‡•Ä ‡§π‡•à ‡§ï‡•á‡§Ç‡§¶‡•ç‡§∞‡•ã‡§™‡§∞ ‡§≠‡§ø‡§° ‡§ì‡§∞ ‡§≤‡§æ‡§à‡§® ‡§∏‡•á ‡§ú‡§®‡§§‡§æ ‡§™‡§∞‡•á‡§∂‡§æ‡§Ç‡§® ‡§π‡•á ,1438819652742770695,False,,2021-09-17T10:58:31.000Z,India,@MoHFW_INDIA @PMOIndia @mansukhmandviya @ianuragthakur @DrBharatippawar @PIB_India @mygovindia @COVIDNewsByMIB @DDNewslive @airnewsalerts @NitishKumar ‡§Ø‡§π ‡§Æ‡§ø‡§∏‡§æ‡§≤ ‡§®‡§π‡•Ä‡§Ç ‡§∞‡§æ‡§ú‡•ç‡§Ø ‡§§‡§•‡§æ ‡§ï‡•á‡§Ç‡§¶‡•ç‡§∞ ‡§∏‡§∞‡§ï‡§æ‡§∞ ‡§ï‡•á third class ‡§®‡§ø‡§Ø‡•ã‡§ú‡§® ‡§ï‡§æ ‡§™‡•ç‡§∞‡§≠‡§æ‡§µ ‡§π‡•á. ‡§π‡§æ‡§∞ ‡§Æ‡§æ‡§®‡§≤‡•ã. 75-25% ‡§´‡•â‡§∞‡•ç‡§Æ‡•ç‡§Ø‡•Å‡§≤‡§æ ‡§Ü‡§ú ‡§≠‡•Ä ‡§Ö‡§µ‡§ó‡§§ ‡§®‡§æ‡§π‡•Ä ‡§π‡•ã ‡§∞‡§π‡§æ ‡§π‡•á ‡§®‡§æ‡§π‡•Ä ‡§∏‡•á‡§µ‡§æ ‡§∏‡•Å‡§µ‡§ø‡§ß‡§æ ‡§â‡§™‡§≤‡§¨‡•ç‡§ß ‡§π‡•ã ‡§∞‡§π‡•Ä ‡§π‡•à ‡§ï‡•á‡§Ç‡§¶‡•ç‡§∞‡•ã‡§™‡§∞ ‡§≠‡§ø‡§° ‡§ì‡§∞ ‡§≤‡§æ‡§à‡§® ‡§∏‡•á ‡§ú‡§®‡§§‡§æ ‡§™‡§∞‡•á‡§∂‡§æ‡§Ç‡§® ‡§π‡•á.,[],[],"['MoHFW_INDIA', 'PMOIndia', 'mansukhmandviya', 'ianuragthakur', 'DrBharatippawar', 'PIB_India', 'mygovindia', 'COVIDNewsByMIB']",['https://t.co/rnlzJ7a9qv'], MoHFW INDIA  PMOIndia  mansukhmandviya  ianuragthakur  DrBharatippawar  PIB India  mygovindia  COVIDNewsByMIB  DDNewslive  airnewsalerts  NitishKumar ‡§Ø‡§π ‡§Æ‡§ø‡§∏‡§æ‡§≤ ‡§®‡§π‡•Ä‡§Ç ‡§∞‡§æ‡§ú‡•ç‡§Ø ‡§§‡§•‡§æ ‡§ï‡•á‡§Ç‡§¶‡•ç‡§∞ ‡§∏‡§∞‡§ï‡§æ‡§∞ ‡§ï‡•á third class ‡§®‡§ø‡§Ø‡•ã‡§ú‡§® ‡§ï‡§æ ‡§™‡•ç‡§∞‡§≠‡§æ‡§µ ‡§π‡•á  ‡§π‡§æ‡§∞ ‡§Æ‡§æ‡§®‡§≤‡•ã  75 25  ‡§´‡•â‡§∞‡•ç‡§Æ‡•ç‡§Ø‡•Å‡§≤‡§æ ‡§Ü‡§ú ‡§≠‡•Ä ‡§Ö‡§µ‡§ó‡§§ ‡§®‡§æ‡§π‡•Ä ‡§π‡•ã ‡§∞‡§π‡§æ ‡§π‡•á ‡§®‡§æ‡§π‡•Ä ‡§∏‡•á‡§µ‡§æ ‡§∏‡•Å‡§µ‡§ø‡§ß‡§æ ‡§â‡§™‡§≤‡§¨‡•ç‡§ß ‡§π‡•ã ‡§∞‡§π‡•Ä ‡§π‡•à ‡§ï‡•á‡§Ç‡§¶‡•ç‡§∞‡•ã‡§™‡§∞ ‡§≠‡§ø‡§° ‡§ì‡§∞ ‡§≤‡§æ‡§à‡§® ‡§∏‡•á ‡§ú‡§®‡§§‡§æ ‡§™‡§∞‡•á‡§∂‡§æ‡§Ç‡§® ‡§π‡•á 
23,en,1438802432134320133,2596143056, MoHFW INDIA  PMOIndia  mansukhmandviya  ianuragthakur  DrBharatippawar  PIB India  mygovindia  COVIDNewsByMIB  DDNewslive  airnewsalerts  NitishKumar  MoHFW INDIA kindly correct its ‡§ö‡§Ç‡§™‡§æ‡§∞‡§£,1438811036895748100,False, MoHFW INDIA  PMOIndia  mansukhmandviya  ianuragthakur  DrBharatippawar  PIB India  mygovindia  COVIDNewsByMIB  DDNewslive  airnewsalerts  NitishKumar  MoHFW INDIA kindly correct its ‡§ö‡§Ç‡§™‡§æ‡§∞‡§£,2021-09-17T10:24:17.000Z,India,@MoHFW_INDIA @PMOIndia @mansukhmandviya @ianuragthakur @DrBharatippawar @PIB_India @mygovindia @COVIDNewsByMIB @DDNewslive @airnewsalerts @NitishKumar @MoHFW_INDIA kindly correct its ‡§ö‡§Ç‡§™‡§æ‡§∞‡§£,[],[],"['MoHFW_INDIA', 'PMOIndia', 'mansukhmandviya', 'ianuragthakur', 'DrBharatippawar', 'PIB_India', 'mygovindia', 'COVIDNewsByMIB']",['https://t.co/7MbaatqzYU'],
24,en,1438798995690639369,2596143056, MoHFW INDIA  mansukhmandviya  PMOIndia  ianuragthakur  DrBharatippawar  PIB India  mygovindia  COVIDNewsByMIB  DDNewslive  airnewsalerts https   t co 4Revhvu0CC donation will help Bala Srinivasarao to undergo kidney transplant,1438800471762763776,False, MoHFW INDIA  mansukhmandviya  PMOIndia  ianuragthakur  DrBharatippawar  PIB India  mygovindia  COVIDNewsByMIB  DDNewslive  airnewsalerts https   t co 4Revhvu0CC donation will help Bala Srinivasarao to undergo kidney transplant,2021-09-17T09:42:18.000Z,India,@MoHFW_INDIA @mansukhmandviya @PMOIndia @ianuragthakur @DrBharatippawar @PIB_India @mygovindia @COVIDNewsByMIB @DDNewslive @airnewsalerts https://t.co/4Revhvu0CC donation will help Bala Srinivasarao to undergo kidney transplant,[],[],"['MoHFW_INDIA', 'mansukhmandviya', 'PMOIndia', 'ianuragthakur', 'DrBharatippawar', 'PIB_India', 'mygovindia', 'COVIDNewsByMIB']",['https://t.co/wugM1RAi5U'],
25,en,1438706795942334465,2596143056, MoHFW INDIA  PMOIndia  mansukhmandviya  ianuragthakur  DrBharatippawar  PIB India  mygovindia  COVIDNewsByMIB  DDNewslive  airnewsalerts BREAKING   Three studies published by the CDC  UK Government  amp  Oxford University find the Covid 19 Vaccines do not work https   t co UVumCVUeDi,1438743219873845250,False, MoHFW INDIA  PMOIndia  mansukhmandviya  ianuragthakur  DrBharatippawar  PIB India  mygovindia  COVIDNewsByMIB  DDNewslive  airnewsalerts BREAKING   Three studies published by the CDC  UK Government  amp  Oxford University find the Covid 19 Vaccines do not work https   t co UVumCVUeDi,2021-09-17T05:54:48.000Z,India,"@MoHFW_INDIA @PMOIndia @mansukhmandviya @ianuragthakur @DrBharatippawar @PIB_India @mygovindia @COVIDNewsByMIB @DDNewslive @airnewsalerts BREAKING - Three studies published by the CDC, UK Government &amp; Oxford University find the Covid-19 Vaccines do not work https://t.co/UVumCVUeDi",[],[],"['MoHFW_INDIA', 'PMOIndia', 'mansukhmandviya', 'ianuragthakur', 'DrBharatippawar', 'PIB_India', 'mygovindia', 'COVIDNewsByMIB']",['https://t.co/2fipOtRTva'],
26,en,1438706795942334465,2596143056, MoHFW INDIA Right ,1438707500111384586,False, MoHFW INDIA Right ,2021-09-17T03:32:52.000Z,India,@MoHFW_INDIA Right.,[],[],['MoHFW_INDIA'],[],
27,hi,1438706795942334465,2596143056, Unite2FightCorona‡§§‡•ç‡§Ø‡•å‡§π‡§æ‡§∞ ‡§Æ‡§®‡§æ‡§§‡•á ‡§∏‡§Æ‡§Ø ‡§∏‡§Æ‡§ù‡§¶‡§æ‡§∞‡•Ä ‡§¨‡§®‡§æ‡§è‡§Ç ‡§∞‡§ñ‡•á‡§Ç  ‡§Æ‡§æ‡§∏‡•ç‡§ï ‡§™‡§π‡§®‡§®‡§æ  2 ‡§ó‡§ú ‡§ï‡•Ä ‡§¶‡•Ç‡§∞‡•Ä ‡§∞‡§ñ‡§®‡§æ ‡§® ‡§≠‡•Ç‡§≤‡•á‡§Ç‡•§ https   t co RYK5PVlGsF,1438706811293470723,True,,2021-09-17T03:30:08.000Z,India,"#Unite2FightCorona

‡§§‡•ç‡§Ø‡•å‡§π‡§æ‡§∞ ‡§Æ‡§®‡§æ‡§§‡•á ‡§∏‡§Æ‡§Ø ‡§∏‡§Æ‡§ù‡§¶‡§æ‡§∞‡•Ä ‡§¨‡§®‡§æ‡§è‡§Ç ‡§∞‡§ñ‡•á‡§Ç, ‡§Æ‡§æ‡§∏‡•ç‡§ï ‡§™‡§π‡§®‡§®‡§æ, 2 ‡§ó‡§ú ‡§ï‡•Ä ‡§¶‡•Ç‡§∞‡•Ä ‡§∞‡§ñ‡§®‡§æ ‡§® ‡§≠‡•Ç‡§≤‡•á‡§Ç‡•§ https://t.co/RYK5PVlGsF",[],['Unite2FightCorona'],[],[], Unite2FightCorona‡§§‡•ç‡§Ø‡•å‡§π‡§æ‡§∞ ‡§Æ‡§®‡§æ‡§§‡•á ‡§∏‡§Æ‡§Ø ‡§∏‡§Æ‡§ù‡§¶‡§æ‡§∞‡•Ä ‡§¨‡§®‡§æ‡§è‡§Ç ‡§∞‡§ñ‡•á‡§Ç  ‡§Æ‡§æ‡§∏‡•ç‡§ï ‡§™‡§π‡§®‡§®‡§æ  2 ‡§ó‡§ú ‡§ï‡•Ä ‡§¶‡•Ç‡§∞‡•Ä ‡§∞‡§ñ‡§®‡§æ ‡§® ‡§≠‡•Ç‡§≤‡•á‡§Ç‡•§ https   t co RYK5PVlGsF
28,hi,1438536136507359233,2596143056, girdhar50  MoHFW INDIA  PMOIndia ‡§π‡•ã ‡§ó‡§Ø‡§æ ‡§≠‡§æ‡§à ,1438738398324277248,False,,2021-09-17T05:35:39.000Z,India,@girdhar50 @MoHFW_INDIA @PMOIndia ‡§π‡•ã ‡§ó‡§Ø‡§æ ‡§≠‡§æ‡§à üôè,['üôè'],[],"['girdhar50', 'MoHFW_INDIA', 'PMOIndia']",[], girdhar50  MoHFW INDIA  PMOIndia ‡§π‡•ã ‡§ó‡§Ø‡§æ ‡§≠‡§æ‡§à 
29,hi,1438536136507359233,2596143056, RajTiwa56444261  MoHFW INDIA  PMOIndia ‡§∏‡§∞‡§ï‡§æ‡§∞ ‡§ï‡§æ ‡§ï‡§æ‡§Æ ‡§•‡•ã‡§∞‡•Ä ‡§¶‡•á‡§∞ ‡§∏‡•á ‡§π‡•Ä ‡§ö‡§≤‡§§‡§æ ‡§π‡•à,1438723166054936585,False,,2021-09-17T04:35:07.000Z,India,@RajTiwa56444261 @MoHFW_INDIA @PMOIndia ‡§∏‡§∞‡§ï‡§æ‡§∞ ‡§ï‡§æ ‡§ï‡§æ‡§Æ ‡§•‡•ã‡§∞‡•Ä ‡§¶‡•á‡§∞ ‡§∏‡•á ‡§π‡•Ä ‡§ö‡§≤‡§§‡§æ ‡§π‡•à,[],[],"['RajTiwa56444261', 'MoHFW_INDIA', 'PMOIndia']",[], RajTiwa56444261  MoHFW INDIA  PMOIndia ‡§∏‡§∞‡§ï‡§æ‡§∞ ‡§ï‡§æ ‡§ï‡§æ‡§Æ ‡§•‡•ã‡§∞‡•Ä ‡§¶‡•á‡§∞ ‡§∏‡•á ‡§π‡•Ä ‡§ö‡§≤‡§§‡§æ ‡§π‡•à
30,hi,1438536136507359233,2596143056, girdhar50  MoHFW INDIA  PMOIndia ‡§õ‡•Å‡§ü‡•ç‡§ü‡•Ä ‡§§‡•ã ‡§®‡§π‡•Ä ‡§ï‡§∞ ‡§∏‡§ï‡§§‡•á ‡§π‡•à ‡§≠‡•à‡§Ø‡§æ    ‡§™‡§∞ ‡§¨‡§ø‡§≤‡§Æ‡•ç‡§¨ ‡§§‡•ã ‡§ï‡§∞ ‡§π‡•Ä ‡§¶‡§ø‡§Ø‡•á ,1438722533830762499,False,,2021-09-17T04:32:36.000Z,India,@girdhar50 @MoHFW_INDIA @PMOIndia ‡§õ‡•Å‡§ü‡•ç‡§ü‡•Ä ‡§§‡•ã ‡§®‡§π‡•Ä ‡§ï‡§∞ ‡§∏‡§ï‡§§‡•á ‡§π‡•à ‡§≠‡•à‡§Ø‡§æ... ‡§™‡§∞ ‡§¨‡§ø‡§≤‡§Æ‡•ç‡§¨ ‡§§‡•ã ‡§ï‡§∞ ‡§π‡•Ä ‡§¶‡§ø‡§Ø‡•á.,[],[],"['girdhar50', 'MoHFW_INDIA', 'PMOIndia']",[], girdhar50  MoHFW INDIA  PMOIndia ‡§õ‡•Å‡§ü‡•ç‡§ü‡•Ä ‡§§‡•ã ‡§®‡§π‡•Ä ‡§ï‡§∞ ‡§∏‡§ï‡§§‡•á ‡§π‡•à ‡§≠‡•à‡§Ø‡§æ    ‡§™‡§∞ ‡§¨‡§ø‡§≤‡§Æ‡•ç‡§¨ ‡§§‡•ã ‡§ï‡§∞ ‡§π‡•Ä ‡§¶‡§ø‡§Ø‡•á 
31,hi,1438536136507359233,2596143056, RajTiwa56444261  MoHFW INDIA  PMOIndia Tiwari bhai kya patta aaj Chutti na kar li ho,1438721894375559172,False,,2021-09-17T04:30:04.000Z,India,@RajTiwa56444261 @MoHFW_INDIA @PMOIndia Tiwari bhai kya patta aaj Chutti na kar li ho,[],[],"['RajTiwa56444261', 'MoHFW_INDIA', 'PMOIndia']",[], RajTiwa56444261  MoHFW INDIA  PMOIndia Tiwari bhai kya patta aaj Chutti na kar li ho
32,hi,1438536136507359233,2596143056, MoHFW INDIA  PMOIndia ‡§Ö‡§™‡§®‡•á ‡§â‡§® ‡§∏‡§Ç‡§µ‡§ø‡§¶‡§æ ‡§ï‡§∞‡•ç‡§Æ‡§ö‡§æ‡§∞‡•Ä ‡§ï‡•á ‡§¨‡§æ‡§∞‡•á ‡§Æ‡•á‡§Ç ‡§≠‡•Ä ‡§∏‡•ã‡§ö‡§ø‡§è ‡§ú‡•ã ‡§á‡§∏ ‡§Æ‡§π‡§æ‡§Æ‡§æ‡§∞‡•Ä ‡§Æ‡•á ‡§Ö‡§™‡§®‡•Ä ‡§ú‡§æ‡§® ‡§ú‡•ã‡§ñ‡§ø‡§Æ ‡§Æ‡•á‡§Ç ‡§°‡§æ‡§≤‡§ï‡§∞ ‡§∏‡•á‡§µ‡§æ‡§è ‡§¶‡•á ‡§∞‡§π‡•á ‡§π‡•à‡§Ç‡§¨‡•á‡§ö‡§æ‡§∞‡•á ‡§ï‡§à ‡§µ‡§∞‡•ç‡§∑‡•ã ‡§∏‡•á ‡§∏‡§Ç‡§µ‡§ø‡§¶‡§æ ‡§™‡§∞ ‡§ï‡§æ‡§∞‡•ç‡§Ø‡§∞‡§§ ‡§π‡•à‡§Ç ‡§Ö‡§≤‡•ç‡§™ ‡§µ‡•á‡§§‡§® ‡§™‡§∞‡§â‡§®‡§ï‡•Ä ‡§®‡•å‡§ï‡§∞‡•Ä ‡§ï‡§æ ‡§ï‡•ã‡§à ‡§≠‡§∞‡•ã‡§∏‡§æ ‡§®‡§π‡•Ä‡§Ç ‡§â‡§®‡§ï‡§æ ‡§≠‡§µ‡§ø‡§∑‡•ç‡§Ø ‡§∏‡•Å‡§∞‡§ï‡•ç‡§∑‡§ø‡§§ ‡§ï‡•Ä‡§ú‡§ø‡§è‡§è‡§è‡§®‡§è‡§Æ ‡§¨‡§π‡§®‡•ã‡§Ç ‡§ï‡•ã ‡§∏‡§Ç‡§µ‡§ø‡§¶‡§æ ‡§∏‡•á ‡§∏‡§Æ ‡§Æ‡§ø‡§≤‡§ø‡§Ø‡§® ‡§ï‡§∞ ‡§¶‡•Ä‡§ú‡§ø‡§è‡§™‡•ç‡§≤‡•Ä‡§ú,1438540591999057920,False,,2021-09-16T16:29:38.000Z,India,"@MoHFW_INDIA @PMOIndia ‡§Ö‡§™‡§®‡•á ‡§â‡§® ‡§∏‡§Ç‡§µ‡§ø‡§¶‡§æ ‡§ï‡§∞‡•ç‡§Æ‡§ö‡§æ‡§∞‡•Ä ‡§ï‡•á ‡§¨‡§æ‡§∞‡•á ‡§Æ‡•á‡§Ç ‡§≠‡•Ä ‡§∏‡•ã‡§ö‡§ø‡§è ‡§ú‡•ã ‡§á‡§∏ ‡§Æ‡§π‡§æ‡§Æ‡§æ‡§∞‡•Ä ‡§Æ‡•á ‡§Ö‡§™‡§®‡•Ä ‡§ú‡§æ‡§® ‡§ú‡•ã‡§ñ‡§ø‡§Æ ‡§Æ‡•á‡§Ç ‡§°‡§æ‡§≤‡§ï‡§∞ ‡§∏‡•á‡§µ‡§æ‡§è ‡§¶‡•á ‡§∞‡§π‡•á ‡§π‡•à‡§Ç

‡§¨‡•á‡§ö‡§æ‡§∞‡•á ‡§ï‡§à ‡§µ‡§∞‡•ç‡§∑‡•ã ‡§∏‡•á ‡§∏‡§Ç‡§µ‡§ø‡§¶‡§æ ‡§™‡§∞ ‡§ï‡§æ‡§∞‡•ç‡§Ø‡§∞‡§§ ‡§π‡•à‡§Ç ‡§Ö‡§≤‡•ç‡§™ ‡§µ‡•á‡§§‡§® ‡§™‡§∞

‡§â‡§®‡§ï‡•Ä ‡§®‡•å‡§ï‡§∞‡•Ä ‡§ï‡§æ ‡§ï‡•ã‡§à ‡§≠‡§∞‡•ã‡§∏‡§æ ‡§®‡§π‡•Ä‡§Ç ‡§â‡§®‡§ï‡§æ ‡§≠‡§µ‡§ø‡§∑‡•ç‡§Ø ‡§∏‡•Å‡§∞‡§ï‡•ç‡§∑‡§ø‡§§ ‡§ï‡•Ä‡§ú‡§ø‡§è

‡§è‡§è‡§®‡§è‡§Æ ‡§¨‡§π‡§®‡•ã‡§Ç ‡§ï‡•ã ‡§∏‡§Ç‡§µ‡§ø‡§¶‡§æ ‡§∏‡•á ‡§∏‡§Æ ‡§Æ‡§ø‡§≤‡§ø‡§Ø‡§® ‡§ï‡§∞ ‡§¶‡•Ä‡§ú‡§ø‡§è

‡§™‡•ç‡§≤‡•Ä‡§ú",[],[],"['MoHFW_INDIA', 'PMOIndia']",['https://t.co/XPgzcWU3rV'], MoHFW INDIA  PMOIndia ‡§Ö‡§™‡§®‡•á ‡§â‡§® ‡§∏‡§Ç‡§µ‡§ø‡§¶‡§æ ‡§ï‡§∞‡•ç‡§Æ‡§ö‡§æ‡§∞‡•Ä ‡§ï‡•á ‡§¨‡§æ‡§∞‡•á ‡§Æ‡•á‡§Ç ‡§≠‡•Ä ‡§∏‡•ã‡§ö‡§ø‡§è ‡§ú‡•ã ‡§á‡§∏ ‡§Æ‡§π‡§æ‡§Æ‡§æ‡§∞‡•Ä ‡§Æ‡•á ‡§Ö‡§™‡§®‡•Ä ‡§ú‡§æ‡§® ‡§ú‡•ã‡§ñ‡§ø‡§Æ ‡§Æ‡•á‡§Ç ‡§°‡§æ‡§≤‡§ï‡§∞ ‡§∏‡•á‡§µ‡§æ‡§è ‡§¶‡•á ‡§∞‡§π‡•á ‡§π‡•à‡§Ç‡§¨‡•á‡§ö‡§æ‡§∞‡•á ‡§ï‡§à ‡§µ‡§∞‡•ç‡§∑‡•ã ‡§∏‡•á ‡§∏‡§Ç‡§µ‡§ø‡§¶‡§æ ‡§™‡§∞ ‡§ï‡§æ‡§∞‡•ç‡§Ø‡§∞‡§§ ‡§π‡•à‡§Ç ‡§Ö‡§≤‡•ç‡§™ ‡§µ‡•á‡§§‡§® ‡§™‡§∞‡§â‡§®‡§ï‡•Ä ‡§®‡•å‡§ï‡§∞‡•Ä ‡§ï‡§æ ‡§ï‡•ã‡§à ‡§≠‡§∞‡•ã‡§∏‡§æ ‡§®‡§π‡•Ä‡§Ç ‡§â‡§®‡§ï‡§æ ‡§≠‡§µ‡§ø‡§∑‡•ç‡§Ø ‡§∏‡•Å‡§∞‡§ï‡•ç‡§∑‡§ø‡§§ ‡§ï‡•Ä‡§ú‡§ø‡§è‡§è‡§è‡§®‡§è‡§Æ ‡§¨‡§π‡§®‡•ã‡§Ç ‡§ï‡•ã ‡§∏‡§Ç‡§µ‡§ø‡§¶‡§æ ‡§∏‡•á ‡§∏‡§Æ ‡§Æ‡§ø‡§≤‡§ø‡§Ø‡§® ‡§ï‡§∞ ‡§¶‡•Ä‡§ú‡§ø‡§è‡§™‡•ç‡§≤‡•Ä‡§ú
33,hi,1438536136507359233,2596143056, LargestVaccineDrive  Unite2FightCorona ‡§π‡§Æ‡§æ‡§∞‡§æ ‡§Ö‡§®‡•Å‡§∞‡•ã‡§ß ‡§π‡•à ‡§ï‡§ø ‡§¶‡•á‡§∂ ‡§Æ‡•á‡§Ç ‡§ï‡•ã‡§∞‡•ã‡§®‡§æ ‡§∏‡•á ‡§¨‡§ö‡§æ‡§µ ‡§ï‡•á ‡§≤‡§ø‡§è ‡§™‡•Ç‡§∞‡•Ä ‡§§‡•à‡§Ø‡§æ‡§∞‡§ø‡§Ø‡§æ‡§Ç ‡§ï‡•Ä ‡§ú‡§æ‡§è‡§Ç ‡§î‡§∞ ‡§ò‡§∞ ‡§Æ‡•á‡§Ç ‡§≠‡•Ä ‡§∏‡•Å‡§∞‡§ï‡•ç‡§∑‡§æ ‡§ï‡§æ ‡§™‡•Ç‡§∞‡§æ ‡§ß‡•ç‡§Ø‡§æ‡§® ‡§∞‡§ñ‡§æ ‡§ú‡§æ‡§è‡•§ ‡§ß‡•ç‡§Ø‡§æ‡§® ‡§∞‡§ñ‡•á‡§Ç  ‡§≤‡§æ‡§™‡§∞‡§µ‡§æ‡§π‡•Ä ‡§®‡§π‡•Ä‡§Ç ‡§ï‡§∞‡§®‡•Ä ‡§π‡•à‡§Ç ‡§î‡§∞ ‡§ü‡•Ä‡§ï‡•á ‡§ï‡•á ‡§¶‡•ã‡§®‡•ã‡§Ç ‡§°‡•ã‡§ú‡§º ‡§≤‡•á‡§®‡•á ‡§π‡•à‡§Ç‡•§  ‡§°‡•â  ‡§µ‡•Ä  ‡§ï‡•á  ‡§™‡•â‡§≤  ‡§∏‡§¶‡§∏‡•ç‡§Ø  ‡§∏‡•ç‡§µ‡§æ‡§∏‡•ç‡§•‡•ç‡§Ø   NITIAayog https   t co 7YF7CP3xCN,1438540473577054218,True,,2021-09-16T16:29:10.000Z,India,"#LargestVaccineDrive #Unite2FightCorona 

‡§π‡§Æ‡§æ‡§∞‡§æ ‡§Ö‡§®‡•Å‡§∞‡•ã‡§ß ‡§π‡•à ‡§ï‡§ø ‡§¶‡•á‡§∂ ‡§Æ‡•á‡§Ç ‡§ï‡•ã‡§∞‡•ã‡§®‡§æ ‡§∏‡•á ‡§¨‡§ö‡§æ‡§µ ‡§ï‡•á ‡§≤‡§ø‡§è ‡§™‡•Ç‡§∞‡•Ä ‡§§‡•à‡§Ø‡§æ‡§∞‡§ø‡§Ø‡§æ‡§Ç ‡§ï‡•Ä ‡§ú‡§æ‡§è‡§Ç ‡§î‡§∞ ‡§ò‡§∞ ‡§Æ‡•á‡§Ç ‡§≠‡•Ä ‡§∏‡•Å‡§∞‡§ï‡•ç‡§∑‡§æ ‡§ï‡§æ ‡§™‡•Ç‡§∞‡§æ ‡§ß‡•ç‡§Ø‡§æ‡§® ‡§∞‡§ñ‡§æ ‡§ú‡§æ‡§è‡•§ ‡§ß‡•ç‡§Ø‡§æ‡§® ‡§∞‡§ñ‡•á‡§Ç, ‡§≤‡§æ‡§™‡§∞‡§µ‡§æ‡§π‡•Ä ‡§®‡§π‡•Ä‡§Ç ‡§ï‡§∞‡§®‡•Ä ‡§π‡•à‡§Ç ‡§î‡§∞ ‡§ü‡•Ä‡§ï‡•á ‡§ï‡•á ‡§¶‡•ã‡§®‡•ã‡§Ç ‡§°‡•ã‡§ú‡§º ‡§≤‡•á‡§®‡•á ‡§π‡•à‡§Ç‡•§
- ‡§°‡•â. ‡§µ‡•Ä. ‡§ï‡•á. ‡§™‡•â‡§≤, ‡§∏‡§¶‡§∏‡•ç‡§Ø, ‡§∏‡•ç‡§µ‡§æ‡§∏‡•ç‡§•‡•ç‡§Ø, @NITIAayog https://t.co/7YF7CP3xCN",[],"['LargestVaccineDrive', 'Unite2FightCorona']",[],['https://t.co/86t6a1hMUY'], LargestVaccineDrive  Unite2FightCorona ‡§π‡§Æ‡§æ‡§∞‡§æ ‡§Ö‡§®‡•Å‡§∞‡•ã‡§ß ‡§π‡•à ‡§ï‡§ø ‡§¶‡•á‡§∂ ‡§Æ‡•á‡§Ç ‡§ï‡•ã‡§∞‡•ã‡§®‡§æ ‡§∏‡•á ‡§¨‡§ö‡§æ‡§µ ‡§ï‡•á ‡§≤‡§ø‡§è ‡§™‡•Ç‡§∞‡•Ä ‡§§‡•à‡§Ø‡§æ‡§∞‡§ø‡§Ø‡§æ‡§Ç ‡§ï‡•Ä ‡§ú‡§æ‡§è‡§Ç ‡§î‡§∞ ‡§ò‡§∞ ‡§Æ‡•á‡§Ç ‡§≠‡•Ä ‡§∏‡•Å‡§∞‡§ï‡•ç‡§∑‡§æ ‡§ï‡§æ ‡§™‡•Ç‡§∞‡§æ ‡§ß‡•ç‡§Ø‡§æ‡§® ‡§∞‡§ñ‡§æ ‡§ú‡§æ‡§è‡•§ ‡§ß‡•ç‡§Ø‡§æ‡§® ‡§∞‡§ñ‡•á‡§Ç  ‡§≤‡§æ‡§™‡§∞‡§µ‡§æ‡§π‡•Ä ‡§®‡§π‡•Ä‡§Ç ‡§ï‡§∞‡§®‡•Ä ‡§π‡•à‡§Ç ‡§î‡§∞ ‡§ü‡•Ä‡§ï‡•á ‡§ï‡•á ‡§¶‡•ã‡§®‡•ã‡§Ç ‡§°‡•ã‡§ú‡§º ‡§≤‡•á‡§®‡•á ‡§π‡•à‡§Ç‡•§  ‡§°‡•â  ‡§µ‡•Ä  ‡§ï‡•á  ‡§™‡•â‡§≤  ‡§∏‡§¶‡§∏‡•ç‡§Ø  ‡§∏‡•ç‡§µ‡§æ‡§∏‡•ç‡§•‡•ç‡§Ø   NITIAayog https   t co 7YF7CP3xCN
34,en,1438536136507359233,2596143056, MoHFW INDIA  mansukhmandviya Further Speed Up the Vaccination Speed for the Adults all above 18yrs   Approve the Vaccines for the Kids to the earliest before the Festive Season Sets in,1438539775783305216,False, MoHFW INDIA  mansukhmandviya Further Speed Up the Vaccination Speed for the Adults all above 18yrs   Approve the Vaccines for the Kids to the earliest before the Festive Season Sets in,2021-09-16T16:26:23.000Z,India,@MoHFW_INDIA @mansukhmandviya Further Speed Up the Vaccination Speed for the Adults all above 18yrs.. Approve the Vaccines for the Kids to the earliest before the Festive Season Sets in,[],[],"['MoHFW_INDIA', 'mansukhmandviya']",['https://t.co/UsceYVfMlk'],
35,en,1438536136507359233,2596143056, MoHFW INDIA Further Speed Up the Vaccination Speed for the Adults all above 18yrs   Approve the Vaccines for the Kids to the earliest before the Festive Season Sets in,1438539745890496512,False, MoHFW INDIA Further Speed Up the Vaccination Speed for the Adults all above 18yrs   Approve the Vaccines for the Kids to the earliest before the Festive Season Sets in,2021-09-16T16:26:16.000Z,India,@MoHFW_INDIA Further Speed Up the Vaccination Speed for the Adults all above 18yrs.. Approve the Vaccines for the Kids to the earliest before the Festive Season Sets in,[],[],['MoHFW_INDIA'],['https://t.co/2IljK1YvGm'],
36,hi,1438536136507359233,2596143056, MoHFW INDIA  PMOIndia ‡§∏‡§∞‡§æ‡§π‡§®‡•Ä‡§Ø ‡§ï‡§¶‡§Æ ‡§ï‡•ã‡§µ‡§ø‡§° ‡§™‡•ç‡§∞‡§¨‡§Ç‡§ß‡§® ‡§Æ‡•á‡§Ç,1438539720917602305,False,,2021-09-16T16:26:10.000Z,India,@MoHFW_INDIA @PMOIndia ‡§∏‡§∞‡§æ‡§π‡§®‡•Ä‡§Ø ‡§ï‡§¶‡§Æ ‡§ï‡•ã‡§µ‡§ø‡§° ‡§™‡•ç‡§∞‡§¨‡§Ç‡§ß‡§® ‡§Æ‡•á‡§Ç,[],[],"['MoHFW_INDIA', 'PMOIndia']",[], MoHFW INDIA  PMOIndia ‡§∏‡§∞‡§æ‡§π‡§®‡•Ä‡§Ø ‡§ï‡§¶‡§Æ ‡§ï‡•ã‡§µ‡§ø‡§° ‡§™‡•ç‡§∞‡§¨‡§Ç‡§ß‡§® ‡§Æ‡•á‡§Ç
37,en,1438536136507359233,2596143056, MoHFW INDIA  PMOIndia Further Speed Up the Vaccination Speed for the Adults all above 18yrs   Approve the Vaccines for the Kids to the earliest before the Festive Season Sets in,1438539712973578242,False, MoHFW INDIA  PMOIndia Further Speed Up the Vaccination Speed for the Adults all above 18yrs   Approve the Vaccines for the Kids to the earliest before the Festive Season Sets in,2021-09-16T16:26:09.000Z,India,@MoHFW_INDIA @PMOIndia Further Speed Up the Vaccination Speed for the Adults all above 18yrs.. Approve the Vaccines for the Kids to the earliest before the Festive Season Sets in,[],[],"['MoHFW_INDIA', 'PMOIndia']",['https://t.co/4rTMSD3PcD'],
38,hi,1438536136507359233,2596143056, MoHFW INDIA  mansukhmandviya ‡§¨‡•á‡§∞‡•ã‡§ú‡§ó‡§æ‡§∞‡•ã ‡§ï‡•á ‡§≤‡§ø‡§Ø‡•á ‡§∏‡§Ç‡§µ‡•á‡§¶‡§®‡§∂‡•Ä‡§≤ ‡§Æ‡•Å‡§ñ‡•ç‡§Ø ‡§Æ‡§Ç‡§§‡•ç‡§∞‡•Ä ‡§ï‡§π‡•á ‡§ú‡§æ‡§®‡•á ‡§µ‡§æ‡§≤‡•á  ashokgehlot51 ‡§ú‡•Ä ‡§ï‡•Ä ‡§ï‡•ç‡§Ø‡§æ ‡§Ø‡§π‡•Ä ‡§π‡•à ‡§∏‡§Ç‡§µ‡§¶‡•á‡§®‡§∂‡•Ä‡§≤‡§§‡§æ  ‡§∞‡§æ‡§ú‡§∏‡•ç‡§•‡§æ‡§® ‡§µ‡§ø‡§¶‡•ç‡§Ø‡•Å‡§§ ‡§â‡§§‡•ç‡§™‡§æ‡§¶‡§® ‡§®‡§ø‡§ó‡§Æ ‡§§‡§ï‡§®‡•Ä‡§ï‡•Ä ‡§ï‡§æ‡§Æ‡§ó‡§æ‡§∞‡•ã‡§Ç ‡§ï‡•á ‡§ï‡§∞‡•Ä‡§¨ 600 ‡§™‡§¶‡•ã‡§Ç ‡§™‡§∞ ‡§≠‡§∞‡•ç‡§§‡•Ä ‡§ï‡•Ä ‡§∏‡§π‡§Æ‡§§‡§ø ‡§Æ‡§æ‡§Ç‡§ó ‡§∞‡§π‡§æ ‡§π‡•à ‡§∞‡§æ‡§ú‡•ç‡§Ø ‡§∏‡§∞‡§ï‡§æ‡§∞ ‡§≠‡§∞‡•ç‡§§‡•Ä ‡§ï‡•Ä ‡§∏‡§π‡§Æ‡§§‡§ø ‡§ï‡•ç‡§Ø‡•ã‡§Ç ‡§®‡§π‡•Ä‡§Ç ‡§¶‡•á ‡§∞‡§π‡•Ä ‡§π‡•à   RahulGandhi  DrBDKallaINC https   t co c3yIvRyfSi,1438539509394653189,False,,2021-09-16T16:25:20.000Z,India,"@MoHFW_INDIA @mansukhmandviya ‡§¨‡•á‡§∞‡•ã‡§ú‡§ó‡§æ‡§∞‡•ã ‡§ï‡•á ‡§≤‡§ø‡§Ø‡•á ‡§∏‡§Ç‡§µ‡•á‡§¶‡§®‡§∂‡•Ä‡§≤ ‡§Æ‡•Å‡§ñ‡•ç‡§Ø ‡§Æ‡§Ç‡§§‡•ç‡§∞‡•Ä ‡§ï‡§π‡•á ‡§ú‡§æ‡§®‡•á ‡§µ‡§æ‡§≤‡•á @ashokgehlot51 ‡§ú‡•Ä ‡§ï‡•Ä ‡§ï‡•ç‡§Ø‡§æ ‡§Ø‡§π‡•Ä ‡§π‡•à ‡§∏‡§Ç‡§µ‡§¶‡•á‡§®‡§∂‡•Ä‡§≤‡§§‡§æ, 
‡§∞‡§æ‡§ú‡§∏‡•ç‡§•‡§æ‡§® ‡§µ‡§ø‡§¶‡•ç‡§Ø‡•Å‡§§ ‡§â‡§§‡•ç‡§™‡§æ‡§¶‡§® ‡§®‡§ø‡§ó‡§Æ ‡§§‡§ï‡§®‡•Ä‡§ï‡•Ä ‡§ï‡§æ‡§Æ‡§ó‡§æ‡§∞‡•ã‡§Ç ‡§ï‡•á ‡§ï‡§∞‡•Ä‡§¨ 600 ‡§™‡§¶‡•ã‡§Ç ‡§™‡§∞ ‡§≠‡§∞‡•ç‡§§‡•Ä ‡§ï‡•Ä ‡§∏‡§π‡§Æ‡§§‡§ø ‡§Æ‡§æ‡§Ç‡§ó ‡§∞‡§π‡§æ ‡§π‡•à ‡§∞‡§æ‡§ú‡•ç‡§Ø ‡§∏‡§∞‡§ï‡§æ‡§∞ ‡§≠‡§∞‡•ç‡§§‡•Ä ‡§ï‡•Ä ‡§∏‡§π‡§Æ‡§§‡§ø ‡§ï‡•ç‡§Ø‡•ã‡§Ç ‡§®‡§π‡•Ä‡§Ç ‡§¶‡•á ‡§∞‡§π‡•Ä ‡§π‡•à ?
@RahulGandhi @DrBDKallaINC https://t.co/c3yIvRyfSi",[],[],"['MoHFW_INDIA', 'mansukhmandviya', 'ashokgehlot51']",['https://t.co/Unu8kzJAqt'], MoHFW INDIA  mansukhmandviya ‡§¨‡•á‡§∞‡•ã‡§ú‡§ó‡§æ‡§∞‡•ã ‡§ï‡•á ‡§≤‡§ø‡§Ø‡•á ‡§∏‡§Ç‡§µ‡•á‡§¶‡§®‡§∂‡•Ä‡§≤ ‡§Æ‡•Å‡§ñ‡•ç‡§Ø ‡§Æ‡§Ç‡§§‡•ç‡§∞‡•Ä ‡§ï‡§π‡•á ‡§ú‡§æ‡§®‡•á ‡§µ‡§æ‡§≤‡•á  ashokgehlot51 ‡§ú‡•Ä ‡§ï‡•Ä ‡§ï‡•ç‡§Ø‡§æ ‡§Ø‡§π‡•Ä ‡§π‡•à ‡§∏‡§Ç‡§µ‡§¶‡•á‡§®‡§∂‡•Ä‡§≤‡§§‡§æ  ‡§∞‡§æ‡§ú‡§∏‡•ç‡§•‡§æ‡§® ‡§µ‡§ø‡§¶‡•ç‡§Ø‡•Å‡§§ ‡§â‡§§‡•ç‡§™‡§æ‡§¶‡§® ‡§®‡§ø‡§ó‡§Æ ‡§§‡§ï‡§®‡•Ä‡§ï‡•Ä ‡§ï‡§æ‡§Æ‡§ó‡§æ‡§∞‡•ã‡§Ç ‡§ï‡•á ‡§ï‡§∞‡•Ä‡§¨ 600 ‡§™‡§¶‡•ã‡§Ç ‡§™‡§∞ ‡§≠‡§∞‡•ç‡§§‡•Ä ‡§ï‡•Ä ‡§∏‡§π‡§Æ‡§§‡§ø ‡§Æ‡§æ‡§Ç‡§ó ‡§∞‡§π‡§æ ‡§π‡•à ‡§∞‡§æ‡§ú‡•ç‡§Ø ‡§∏‡§∞‡§ï‡§æ‡§∞ ‡§≠‡§∞‡•ç‡§§‡•Ä ‡§ï‡•Ä ‡§∏‡§π‡§Æ‡§§‡§ø ‡§ï‡•ç‡§Ø‡•ã‡§Ç ‡§®‡§π‡•Ä‡§Ç ‡§¶‡•á ‡§∞‡§π‡•Ä ‡§π‡•à   RahulGandhi  DrBDKallaINC https   t co c3yIvRyfSi
39,hi,1438536136507359233,2596143056, MoHFW INDIA ‡§¨‡•á‡§∞‡•ã‡§ú‡§ó‡§æ‡§∞‡•ã ‡§ï‡•á ‡§≤‡§ø‡§Ø‡•á ‡§∏‡§Ç‡§µ‡•á‡§¶‡§®‡§∂‡•Ä‡§≤ ‡§Æ‡•Å‡§ñ‡•ç‡§Ø ‡§Æ‡§Ç‡§§‡•ç‡§∞‡•Ä ‡§ï‡§π‡•á ‡§ú‡§æ‡§®‡•á ‡§µ‡§æ‡§≤‡•á  ashokgehlot51 ‡§ú‡•Ä ‡§ï‡•Ä ‡§ï‡•ç‡§Ø‡§æ ‡§Ø‡§π‡•Ä ‡§π‡•à ‡§∏‡§Ç‡§µ‡§¶‡•á‡§®‡§∂‡•Ä‡§≤‡§§‡§æ  ‡§∞‡§æ‡§ú‡§∏‡•ç‡§•‡§æ‡§® ‡§µ‡§ø‡§¶‡•ç‡§Ø‡•Å‡§§ ‡§â‡§§‡•ç‡§™‡§æ‡§¶‡§® ‡§®‡§ø‡§ó‡§Æ ‡§§‡§ï‡§®‡•Ä‡§ï‡•Ä ‡§ï‡§æ‡§Æ‡§ó‡§æ‡§∞‡•ã‡§Ç ‡§ï‡•á ‡§ï‡§∞‡•Ä‡§¨ 600 ‡§™‡§¶‡•ã‡§Ç ‡§™‡§∞ ‡§≠‡§∞‡•ç‡§§‡•Ä ‡§ï‡•Ä ‡§∏‡§π‡§Æ‡§§‡§ø ‡§Æ‡§æ‡§Ç‡§ó ‡§∞‡§π‡§æ ‡§π‡•à ‡§∞‡§æ‡§ú‡•ç‡§Ø ‡§∏‡§∞‡§ï‡§æ‡§∞ ‡§≠‡§∞‡•ç‡§§‡•Ä ‡§ï‡•Ä ‡§∏‡§π‡§Æ‡§§‡§ø ‡§ï‡•ç‡§Ø‡•ã‡§Ç ‡§®‡§π‡•Ä‡§Ç ‡§¶‡•á ‡§∞‡§π‡•Ä ‡§π‡•à   RahulGandhi  DrBDKallaINC https   t co oEOfuQboZB,1438539454004666371,False,,2021-09-16T16:25:07.000Z,India,"@MoHFW_INDIA ‡§¨‡•á‡§∞‡•ã‡§ú‡§ó‡§æ‡§∞‡•ã ‡§ï‡•á ‡§≤‡§ø‡§Ø‡•á ‡§∏‡§Ç‡§µ‡•á‡§¶‡§®‡§∂‡•Ä‡§≤ ‡§Æ‡•Å‡§ñ‡•ç‡§Ø ‡§Æ‡§Ç‡§§‡•ç‡§∞‡•Ä ‡§ï‡§π‡•á ‡§ú‡§æ‡§®‡•á ‡§µ‡§æ‡§≤‡•á @ashokgehlot51 ‡§ú‡•Ä ‡§ï‡•Ä ‡§ï‡•ç‡§Ø‡§æ ‡§Ø‡§π‡•Ä ‡§π‡•à ‡§∏‡§Ç‡§µ‡§¶‡•á‡§®‡§∂‡•Ä‡§≤‡§§‡§æ, 
‡§∞‡§æ‡§ú‡§∏‡•ç‡§•‡§æ‡§® ‡§µ‡§ø‡§¶‡•ç‡§Ø‡•Å‡§§ ‡§â‡§§‡•ç‡§™‡§æ‡§¶‡§® ‡§®‡§ø‡§ó‡§Æ ‡§§‡§ï‡§®‡•Ä‡§ï‡•Ä ‡§ï‡§æ‡§Æ‡§ó‡§æ‡§∞‡•ã‡§Ç ‡§ï‡•á ‡§ï‡§∞‡•Ä‡§¨ 600 ‡§™‡§¶‡•ã‡§Ç ‡§™‡§∞ ‡§≠‡§∞‡•ç‡§§‡•Ä ‡§ï‡•Ä ‡§∏‡§π‡§Æ‡§§‡§ø ‡§Æ‡§æ‡§Ç‡§ó ‡§∞‡§π‡§æ ‡§π‡•à ‡§∞‡§æ‡§ú‡•ç‡§Ø ‡§∏‡§∞‡§ï‡§æ‡§∞ ‡§≠‡§∞‡•ç‡§§‡•Ä ‡§ï‡•Ä ‡§∏‡§π‡§Æ‡§§‡§ø ‡§ï‡•ç‡§Ø‡•ã‡§Ç ‡§®‡§π‡•Ä‡§Ç ‡§¶‡•á ‡§∞‡§π‡•Ä ‡§π‡•à ?
@RahulGandhi @DrBDKallaINC https://t.co/oEOfuQboZB",[],[],"['MoHFW_INDIA', 'ashokgehlot51']",['https://t.co/stDDgt2TvC'], MoHFW INDIA ‡§¨‡•á‡§∞‡•ã‡§ú‡§ó‡§æ‡§∞‡•ã ‡§ï‡•á ‡§≤‡§ø‡§Ø‡•á ‡§∏‡§Ç‡§µ‡•á‡§¶‡§®‡§∂‡•Ä‡§≤ ‡§Æ‡•Å‡§ñ‡•ç‡§Ø ‡§Æ‡§Ç‡§§‡•ç‡§∞‡•Ä ‡§ï‡§π‡•á ‡§ú‡§æ‡§®‡•á ‡§µ‡§æ‡§≤‡•á  ashokgehlot51 ‡§ú‡•Ä ‡§ï‡•Ä ‡§ï‡•ç‡§Ø‡§æ ‡§Ø‡§π‡•Ä ‡§π‡•à ‡§∏‡§Ç‡§µ‡§¶‡•á‡§®‡§∂‡•Ä‡§≤‡§§‡§æ  ‡§∞‡§æ‡§ú‡§∏‡•ç‡§•‡§æ‡§® ‡§µ‡§ø‡§¶‡•ç‡§Ø‡•Å‡§§ ‡§â‡§§‡•ç‡§™‡§æ‡§¶‡§® ‡§®‡§ø‡§ó‡§Æ ‡§§‡§ï‡§®‡•Ä‡§ï‡•Ä ‡§ï‡§æ‡§Æ‡§ó‡§æ‡§∞‡•ã‡§Ç ‡§ï‡•á ‡§ï‡§∞‡•Ä‡§¨ 600 ‡§™‡§¶‡•ã‡§Ç ‡§™‡§∞ ‡§≠‡§∞‡•ç‡§§‡•Ä ‡§ï‡•Ä ‡§∏‡§π‡§Æ‡§§‡§ø ‡§Æ‡§æ‡§Ç‡§ó ‡§∞‡§π‡§æ ‡§π‡•à ‡§∞‡§æ‡§ú‡•ç‡§Ø ‡§∏‡§∞‡§ï‡§æ‡§∞ ‡§≠‡§∞‡•ç‡§§‡•Ä ‡§ï‡•Ä ‡§∏‡§π‡§Æ‡§§‡§ø ‡§ï‡•ç‡§Ø‡•ã‡§Ç ‡§®‡§π‡•Ä‡§Ç ‡§¶‡•á ‡§∞‡§π‡•Ä ‡§π‡•à   RahulGandhi  DrBDKallaINC https   t co oEOfuQboZB
40,hi,1438536136507359233,2596143056, MoHFW INDIA  PMOIndia ‡§¨‡•á‡§∞‡•ã‡§ú‡§ó‡§æ‡§∞‡•ã ‡§ï‡•á ‡§≤‡§ø‡§Ø‡•á ‡§∏‡§Ç‡§µ‡•á‡§¶‡§®‡§∂‡•Ä‡§≤ ‡§Æ‡•Å‡§ñ‡•ç‡§Ø ‡§Æ‡§Ç‡§§‡•ç‡§∞‡•Ä ‡§ï‡§π‡•á ‡§ú‡§æ‡§®‡•á ‡§µ‡§æ‡§≤‡•á  ashokgehlot51 ‡§ú‡•Ä ‡§ï‡•Ä ‡§ï‡•ç‡§Ø‡§æ ‡§Ø‡§π‡•Ä ‡§π‡•à ‡§∏‡§Ç‡§µ‡§¶‡•á‡§®‡§∂‡•Ä‡§≤‡§§‡§æ  ‡§∞‡§æ‡§ú‡§∏‡•ç‡§•‡§æ‡§® ‡§µ‡§ø‡§¶‡•ç‡§Ø‡•Å‡§§ ‡§â‡§§‡•ç‡§™‡§æ‡§¶‡§® ‡§®‡§ø‡§ó‡§Æ ‡§§‡§ï‡§®‡•Ä‡§ï‡•Ä ‡§ï‡§æ‡§Æ‡§ó‡§æ‡§∞‡•ã‡§Ç ‡§ï‡•á ‡§ï‡§∞‡•Ä‡§¨ 600 ‡§™‡§¶‡•ã‡§Ç ‡§™‡§∞ ‡§≠‡§∞‡•ç‡§§‡•Ä ‡§ï‡•Ä ‡§∏‡§π‡§Æ‡§§‡§ø ‡§Æ‡§æ‡§Ç‡§ó ‡§∞‡§π‡§æ ‡§π‡•à ‡§∞‡§æ‡§ú‡•ç‡§Ø ‡§∏‡§∞‡§ï‡§æ‡§∞ ‡§≠‡§∞‡•ç‡§§‡•Ä ‡§ï‡•Ä ‡§∏‡§π‡§Æ‡§§‡§ø ‡§ï‡•ç‡§Ø‡•ã‡§Ç ‡§®‡§π‡•Ä‡§Ç ‡§¶‡•á ‡§∞‡§π‡•Ä ‡§π‡•à   RahulGandhi  DrBDKallaINC https   t co 31qfOGcEqa,1438539380855959553,False,,2021-09-16T16:24:49.000Z,India,"@MoHFW_INDIA @PMOIndia ‡§¨‡•á‡§∞‡•ã‡§ú‡§ó‡§æ‡§∞‡•ã ‡§ï‡•á ‡§≤‡§ø‡§Ø‡•á ‡§∏‡§Ç‡§µ‡•á‡§¶‡§®‡§∂‡•Ä‡§≤ ‡§Æ‡•Å‡§ñ‡•ç‡§Ø ‡§Æ‡§Ç‡§§‡•ç‡§∞‡•Ä ‡§ï‡§π‡•á ‡§ú‡§æ‡§®‡•á ‡§µ‡§æ‡§≤‡•á @ashokgehlot51 ‡§ú‡•Ä ‡§ï‡•Ä ‡§ï‡•ç‡§Ø‡§æ ‡§Ø‡§π‡•Ä ‡§π‡•à ‡§∏‡§Ç‡§µ‡§¶‡•á‡§®‡§∂‡•Ä‡§≤‡§§‡§æ, 
‡§∞‡§æ‡§ú‡§∏‡•ç‡§•‡§æ‡§® ‡§µ‡§ø‡§¶‡•ç‡§Ø‡•Å‡§§ ‡§â‡§§‡•ç‡§™‡§æ‡§¶‡§® ‡§®‡§ø‡§ó‡§Æ ‡§§‡§ï‡§®‡•Ä‡§ï‡•Ä ‡§ï‡§æ‡§Æ‡§ó‡§æ‡§∞‡•ã‡§Ç ‡§ï‡•á ‡§ï‡§∞‡•Ä‡§¨ 600 ‡§™‡§¶‡•ã‡§Ç ‡§™‡§∞ ‡§≠‡§∞‡•ç‡§§‡•Ä ‡§ï‡•Ä ‡§∏‡§π‡§Æ‡§§‡§ø ‡§Æ‡§æ‡§Ç‡§ó ‡§∞‡§π‡§æ ‡§π‡•à ‡§∞‡§æ‡§ú‡•ç‡§Ø ‡§∏‡§∞‡§ï‡§æ‡§∞ ‡§≠‡§∞‡•ç‡§§‡•Ä ‡§ï‡•Ä ‡§∏‡§π‡§Æ‡§§‡§ø ‡§ï‡•ç‡§Ø‡•ã‡§Ç ‡§®‡§π‡•Ä‡§Ç ‡§¶‡•á ‡§∞‡§π‡•Ä ‡§π‡•à ?
@RahulGandhi @DrBDKallaINC https://t.co/31qfOGcEqa",[],[],"['MoHFW_INDIA', 'PMOIndia', 'ashokgehlot51']",['https://t.co/eCgMxIhiuq'], MoHFW INDIA  PMOIndia ‡§¨‡•á‡§∞‡•ã‡§ú‡§ó‡§æ‡§∞‡•ã ‡§ï‡•á ‡§≤‡§ø‡§Ø‡•á ‡§∏‡§Ç‡§µ‡•á‡§¶‡§®‡§∂‡•Ä‡§≤ ‡§Æ‡•Å‡§ñ‡•ç‡§Ø ‡§Æ‡§Ç‡§§‡•ç‡§∞‡•Ä ‡§ï‡§π‡•á ‡§ú‡§æ‡§®‡•á ‡§µ‡§æ‡§≤‡•á  ashokgehlot51 ‡§ú‡•Ä ‡§ï‡•Ä ‡§ï‡•ç‡§Ø‡§æ ‡§Ø‡§π‡•Ä ‡§π‡•à ‡§∏‡§Ç‡§µ‡§¶‡•á‡§®‡§∂‡•Ä‡§≤‡§§‡§æ  ‡§∞‡§æ‡§ú‡§∏‡•ç‡§•‡§æ‡§® ‡§µ‡§ø‡§¶‡•ç‡§Ø‡•Å‡§§ ‡§â‡§§‡•ç‡§™‡§æ‡§¶‡§® ‡§®‡§ø‡§ó‡§Æ ‡§§‡§ï‡§®‡•Ä‡§ï‡•Ä ‡§ï‡§æ‡§Æ‡§ó‡§æ‡§∞‡•ã‡§Ç ‡§ï‡•á ‡§ï‡§∞‡•Ä‡§¨ 600 ‡§™‡§¶‡•ã‡§Ç ‡§™‡§∞ ‡§≠‡§∞‡•ç‡§§‡•Ä ‡§ï‡•Ä ‡§∏‡§π‡§Æ‡§§‡§ø ‡§Æ‡§æ‡§Ç‡§ó ‡§∞‡§π‡§æ ‡§π‡•à ‡§∞‡§æ‡§ú‡•ç‡§Ø ‡§∏‡§∞‡§ï‡§æ‡§∞ ‡§≠‡§∞‡•ç‡§§‡•Ä ‡§ï‡•Ä ‡§∏‡§π‡§Æ‡§§‡§ø ‡§ï‡•ç‡§Ø‡•ã‡§Ç ‡§®‡§π‡•Ä‡§Ç ‡§¶‡•á ‡§∞‡§π‡•Ä ‡§π‡•à   RahulGandhi  DrBDKallaINC https   t co 31qfOGcEqa
41,hi,1438536136507359233,2596143056, LargestVaccineDrive  Unite2FightCorona ‡§∞‡§æ‡§ú‡•ç‡§Ø‡•ã‡§Ç ‡§è‡§µ‡§Ç ‡§ï‡•á‡§Ç‡§¶‡•ç‡§∞ ‡§∂‡§æ‡§∏‡§ø‡§§ ‡§™‡•ç‡§∞‡§¶‡•á‡§∂ ‡§Ö‡§®‡•Å‡§∏‡§æ‡§∞ ‡§∏‡§ï‡•ç‡§∞‡§ø‡§Ø ‡§Æ‡§æ‡§Æ‡§≤‡•á   1 ‡§≤‡§æ‡§ñ ‡§∏‡•á ‡§Ö‡§ß‡§ø‡§ï   1 ‡§∞‡§æ‡§ú‡•ç‡§Ø50 000 ‡§∏‡•á 1 ‡§≤‡§æ‡§ñ   1 ‡§∞‡§æ‡§ú‡•ç‡§Ø10 000 ‡§∏‡•á 50 000   4 ‡§∞‡§æ‡§ú‡•ç‡§Ø10 000 ‡§∏‡•á ‡§ï‡§Æ   30 ‡§∞‡§æ‡§ú‡•ç‡§Ø  ‡§∂‡•ç‡§∞‡•Ä ‡§∞‡§æ‡§ú‡•á‡§∂ ‡§≠‡•Ç‡§∑‡§£  ‡§∏‡§ö‡§ø‡§µ  ‡§∏‡•ç‡§µ‡§æ‡§∏‡•ç‡§•‡•ç‡§Ø ‡§è‡§µ‡§Ç ‡§™‡§∞‡§ø‡§µ‡§æ‡§∞ ‡§ï‡§≤‡•ç‡§Ø‡§æ‡§£ ‡§Æ‡§Ç‡§§‡•ç‡§∞‡§æ‡§≤‡§Ø  mansukhmandviya https   t co 4Am3GkEfle,1438539219304026113,True,,2021-09-16T16:24:11.000Z,India,"#LargestVaccineDrive #Unite2FightCorona 

‡§∞‡§æ‡§ú‡•ç‡§Ø‡•ã‡§Ç ‡§è‡§µ‡§Ç ‡§ï‡•á‡§Ç‡§¶‡•ç‡§∞ ‡§∂‡§æ‡§∏‡§ø‡§§ ‡§™‡•ç‡§∞‡§¶‡•á‡§∂ ‡§Ö‡§®‡•Å‡§∏‡§æ‡§∞ ‡§∏‡§ï‡•ç‡§∞‡§ø‡§Ø ‡§Æ‡§æ‡§Æ‡§≤‡•á - 
1 ‡§≤‡§æ‡§ñ ‡§∏‡•á ‡§Ö‡§ß‡§ø‡§ï - 1 ‡§∞‡§æ‡§ú‡•ç‡§Ø
50,000 ‡§∏‡•á 1 ‡§≤‡§æ‡§ñ - 1 ‡§∞‡§æ‡§ú‡•ç‡§Ø
10,000 ‡§∏‡•á 50,000 - 4 ‡§∞‡§æ‡§ú‡•ç‡§Ø
10,000 ‡§∏‡•á ‡§ï‡§Æ - 30 ‡§∞‡§æ‡§ú‡•ç‡§Ø
- ‡§∂‡•ç‡§∞‡•Ä ‡§∞‡§æ‡§ú‡•á‡§∂ ‡§≠‡•Ç‡§∑‡§£, ‡§∏‡§ö‡§ø‡§µ, ‡§∏‡•ç‡§µ‡§æ‡§∏‡•ç‡§•‡•ç‡§Ø ‡§è‡§µ‡§Ç ‡§™‡§∞‡§ø‡§µ‡§æ‡§∞ ‡§ï‡§≤‡•ç‡§Ø‡§æ‡§£ ‡§Æ‡§Ç‡§§‡•ç‡§∞‡§æ‡§≤‡§Ø 

@mansukhmandviya https://t.co/4Am3GkEfle",[],"['LargestVaccineDrive', 'Unite2FightCorona']",[],['https://t.co/EjCWJHLq8S'], LargestVaccineDrive  Unite2FightCorona ‡§∞‡§æ‡§ú‡•ç‡§Ø‡•ã‡§Ç ‡§è‡§µ‡§Ç ‡§ï‡•á‡§Ç‡§¶‡•ç‡§∞ ‡§∂‡§æ‡§∏‡§ø‡§§ ‡§™‡•ç‡§∞‡§¶‡•á‡§∂ ‡§Ö‡§®‡•Å‡§∏‡§æ‡§∞ ‡§∏‡§ï‡•ç‡§∞‡§ø‡§Ø ‡§Æ‡§æ‡§Æ‡§≤‡•á   1 ‡§≤‡§æ‡§ñ ‡§∏‡•á ‡§Ö‡§ß‡§ø‡§ï   1 ‡§∞‡§æ‡§ú‡•ç‡§Ø50 000 ‡§∏‡•á 1 ‡§≤‡§æ‡§ñ   1 ‡§∞‡§æ‡§ú‡•ç‡§Ø10 000 ‡§∏‡•á 50 000   4 ‡§∞‡§æ‡§ú‡•ç‡§Ø10 000 ‡§∏‡•á ‡§ï‡§Æ   30 ‡§∞‡§æ‡§ú‡•ç‡§Ø  ‡§∂‡•ç‡§∞‡•Ä ‡§∞‡§æ‡§ú‡•á‡§∂ ‡§≠‡•Ç‡§∑‡§£  ‡§∏‡§ö‡§ø‡§µ  ‡§∏‡•ç‡§µ‡§æ‡§∏‡•ç‡§•‡•ç‡§Ø ‡§è‡§µ‡§Ç ‡§™‡§∞‡§ø‡§µ‡§æ‡§∞ ‡§ï‡§≤‡•ç‡§Ø‡§æ‡§£ ‡§Æ‡§Ç‡§§‡•ç‡§∞‡§æ‡§≤‡§Ø  mansukhmandviya https   t co 4Am3GkEfle
42,hi,1438536136507359233,2596143056, LargestVaccineDrive  Unite2FightCorona ‡§¶‡•á‡§∂ ‡§Æ‡•á‡§Ç ‡§Ö‡§¨ ‡§§‡§ï 57 87 ‡§ï‡§∞‡•ã‡§°‡§º ‡§≤‡•ã‡§ó‡•ã‡§Ç ‡§ï‡•ã ‡§™‡§π‡§≤‡•Ä ‡§î‡§∞ 18 70 ‡§ï‡§∞‡•ã‡§°‡§º ‡§ï‡•ã ‡§¶‡•Ç‡§∏‡§∞‡•Ä ‡§°‡•ã‡§ú‡§º ‡§≤‡§ó ‡§ö‡•Å‡§ï‡•Ä ‡§π‡•à‡§Ç‡•§ 10 ‡§∞‡§æ‡§ú‡•ç‡§Ø ‡§è‡§µ‡§Ç ‡§∏‡§Ç‡§ò ‡§∂‡§æ‡§∏‡§ø‡§§ ‡§™‡•ç‡§∞‡§¶‡•á‡§∂ ‡§ê‡§∏‡•á ‡§π‡•à‡§Ç ‡§ú‡§π‡§æ‡§Ç ‡§∂‡§§ ‡§™‡•ç‡§∞‡§§‡§ø‡§∂‡§§ ‡§≤‡•ã‡§ó‡•ã‡§Ç ‡§®‡•á ‡§Ö‡§™‡§®‡•Ä ‡§™‡§π‡§≤‡•Ä ‡§°‡•ã‡§ú‡§º ‡§≤‡§ó‡§µ‡§æ ‡§≤‡•Ä ‡§π‡•à‡•§  ‡§∂‡•ç‡§∞‡•Ä ‡§∞‡§æ‡§ú‡•á‡§∂ ‡§≠‡•Ç‡§∑‡§£  ‡§∏‡§ö‡§ø‡§µ  ‡§∏‡•ç‡§µ‡§æ‡§∏‡•ç‡§•‡•ç‡§Ø ‡§è‡§µ‡§Ç ‡§™‡§∞‡§ø‡§µ‡§æ‡§∞ ‡§ï‡§≤‡•ç‡§Ø‡§æ‡§£ ‡§Æ‡§Ç‡§§‡•ç‡§∞‡§æ‡§≤‡§Ø https   t co Y9zQVZmvAa,1438537817831796736,True,,2021-09-16T16:18:37.000Z,India,"#LargestVaccineDrive #Unite2FightCorona 

‡§¶‡•á‡§∂ ‡§Æ‡•á‡§Ç ‡§Ö‡§¨ ‡§§‡§ï 57.87 ‡§ï‡§∞‡•ã‡§°‡§º ‡§≤‡•ã‡§ó‡•ã‡§Ç ‡§ï‡•ã ‡§™‡§π‡§≤‡•Ä ‡§î‡§∞ 18.70 ‡§ï‡§∞‡•ã‡§°‡§º ‡§ï‡•ã ‡§¶‡•Ç‡§∏‡§∞‡•Ä ‡§°‡•ã‡§ú‡§º ‡§≤‡§ó ‡§ö‡•Å‡§ï‡•Ä ‡§π‡•à‡§Ç‡•§ 10 ‡§∞‡§æ‡§ú‡•ç‡§Ø ‡§è‡§µ‡§Ç ‡§∏‡§Ç‡§ò ‡§∂‡§æ‡§∏‡§ø‡§§ ‡§™‡•ç‡§∞‡§¶‡•á‡§∂ ‡§ê‡§∏‡•á ‡§π‡•à‡§Ç ‡§ú‡§π‡§æ‡§Ç ‡§∂‡§§ ‡§™‡•ç‡§∞‡§§‡§ø‡§∂‡§§ ‡§≤‡•ã‡§ó‡•ã‡§Ç ‡§®‡•á ‡§Ö‡§™‡§®‡•Ä ‡§™‡§π‡§≤‡•Ä ‡§°‡•ã‡§ú‡§º ‡§≤‡§ó‡§µ‡§æ ‡§≤‡•Ä ‡§π‡•à‡•§
- ‡§∂‡•ç‡§∞‡•Ä ‡§∞‡§æ‡§ú‡•á‡§∂ ‡§≠‡•Ç‡§∑‡§£, ‡§∏‡§ö‡§ø‡§µ, ‡§∏‡•ç‡§µ‡§æ‡§∏‡•ç‡§•‡•ç‡§Ø ‡§è‡§µ‡§Ç ‡§™‡§∞‡§ø‡§µ‡§æ‡§∞ ‡§ï‡§≤‡•ç‡§Ø‡§æ‡§£ ‡§Æ‡§Ç‡§§‡•ç‡§∞‡§æ‡§≤‡§Ø https://t.co/Y9zQVZmvAa",[],"['LargestVaccineDrive', 'Unite2FightCorona']",[],['https://t.co/q0OqF4aKuV'], LargestVaccineDrive  Unite2FightCorona ‡§¶‡•á‡§∂ ‡§Æ‡•á‡§Ç ‡§Ö‡§¨ ‡§§‡§ï 57 87 ‡§ï‡§∞‡•ã‡§°‡§º ‡§≤‡•ã‡§ó‡•ã‡§Ç ‡§ï‡•ã ‡§™‡§π‡§≤‡•Ä ‡§î‡§∞ 18 70 ‡§ï‡§∞‡•ã‡§°‡§º ‡§ï‡•ã ‡§¶‡•Ç‡§∏‡§∞‡•Ä ‡§°‡•ã‡§ú‡§º ‡§≤‡§ó ‡§ö‡•Å‡§ï‡•Ä ‡§π‡•à‡§Ç‡•§ 10 ‡§∞‡§æ‡§ú‡•ç‡§Ø ‡§è‡§µ‡§Ç ‡§∏‡§Ç‡§ò ‡§∂‡§æ‡§∏‡§ø‡§§ ‡§™‡•ç‡§∞‡§¶‡•á‡§∂ ‡§ê‡§∏‡•á ‡§π‡•à‡§Ç ‡§ú‡§π‡§æ‡§Ç ‡§∂‡§§ ‡§™‡•ç‡§∞‡§§‡§ø‡§∂‡§§ ‡§≤‡•ã‡§ó‡•ã‡§Ç ‡§®‡•á ‡§Ö‡§™‡§®‡•Ä ‡§™‡§π‡§≤‡•Ä ‡§°‡•ã‡§ú‡§º ‡§≤‡§ó‡§µ‡§æ ‡§≤‡•Ä ‡§π‡•à‡•§  ‡§∂‡•ç‡§∞‡•Ä ‡§∞‡§æ‡§ú‡•á‡§∂ ‡§≠‡•Ç‡§∑‡§£  ‡§∏‡§ö‡§ø‡§µ  ‡§∏‡•ç‡§µ‡§æ‡§∏‡•ç‡§•‡•ç‡§Ø ‡§è‡§µ‡§Ç ‡§™‡§∞‡§ø‡§µ‡§æ‡§∞ ‡§ï‡§≤‡•ç‡§Ø‡§æ‡§£ ‡§Æ‡§Ç‡§§‡•ç‡§∞‡§æ‡§≤‡§Ø https   t co Y9zQVZmvAa
43,en,1438536136507359233,2596143056, MoHFW INDIA  PMOIndia Sir Etawah s condition is very serious  due to dengue and viral fever  proper treatment is not available here ,1438536878018351107,False, MoHFW INDIA  PMOIndia Sir Etawah s condition is very serious  due to dengue and viral fever  proper treatment is not available here ,2021-09-16T16:14:53.000Z,India,"@MoHFW_INDIA @PMOIndia Sir Etawah's condition is very serious, due to dengue and viral fever, proper treatment is not available here.",[],[],"['MoHFW_INDIA', 'PMOIndia']",[],
44,en,1438536136507359233,2596143056, MoHFW INDIA  PMOIndia Sir Etawah s condition is very serious  due to dengue and viral fever  proper treatment is not available here ,1438536695792631817,False, MoHFW INDIA  PMOIndia Sir Etawah s condition is very serious  due to dengue and viral fever  proper treatment is not available here ,2021-09-16T16:14:09.000Z,India,"@MoHFW_INDIA @PMOIndia Sir Etawah's condition is very serious, due to dengue and viral fever, proper treatment is not available here.",[],[],"['MoHFW_INDIA', 'PMOIndia']",[],
45,hi,1438536136507359233,2596143056, MoHFW INDIA  PMOIndia ‡§ï‡•É‡§™‡§Ø‡§æ ‡§á‡§∏ ‡§¨‡§ö‡•ç‡§ö‡•á ‡§ï‡•Ä ‡§Æ‡§¶‡§¶ ‡§ï‡§∞‡•á‡§Ü‡§Ç‡§ñ ‡§ï‡•Ä ‡§π‡§æ‡§≤‡§§ ‡§¨‡§π‡•Å‡§§ ‡§ñ‡§∞‡§æ‡§¨ ‡§π‡•à‡§Ç‡•§‡§ï‡§æ‡§´‡•Ä ‡§ñ‡§∞‡•ç‡§ö ‡§¨‡§§‡§æ‡§Ø‡§æ ‡§ó‡§Ø‡§æ ‡§π‡•à‡•§‡§Æ‡•á‡§∞‡•Ä ‡§Ü‡§™‡§∏‡•á ‡§™‡•ç‡§∞‡§æ‡§∞‡•ç‡§•‡§®‡§æ ‡§π‡•à‡•§‡§ú‡•ã ‡§≠‡•Ä ‡§Æ‡§¶‡§¶ ‡§π‡•ã ‡§ú‡§∞‡•Ç‡§∞ ‡§ï‡§∞‡•á‡•§  SonuSood  https   t co yuIOWu2cjv,1438536198243315712,False,,2021-09-16T16:12:11.000Z,India,"@MoHFW_INDIA @PMOIndia ‡§ï‡•É‡§™‡§Ø‡§æ ‡§á‡§∏ ‡§¨‡§ö‡•ç‡§ö‡•á ‡§ï‡•Ä ‡§Æ‡§¶‡§¶ ‡§ï‡§∞‡•á
‡§Ü‡§Ç‡§ñ ‡§ï‡•Ä ‡§π‡§æ‡§≤‡§§ ‡§¨‡§π‡•Å‡§§ ‡§ñ‡§∞‡§æ‡§¨ ‡§π‡•à‡§Ç‡•§
‡§ï‡§æ‡§´‡•Ä ‡§ñ‡§∞‡•ç‡§ö ‡§¨‡§§‡§æ‡§Ø‡§æ ‡§ó‡§Ø‡§æ ‡§π‡•à‡•§‡§Æ‡•á‡§∞‡•Ä ‡§Ü‡§™‡§∏‡•á ‡§™‡•ç‡§∞‡§æ‡§∞‡•ç‡§•‡§®‡§æ ‡§π‡•à‡•§‡§ú‡•ã ‡§≠‡•Ä ‡§Æ‡§¶‡§¶ ‡§π‡•ã ‡§ú‡§∞‡•Ç‡§∞ ‡§ï‡§∞‡•á‡•§ @SonuSood 
 https://t.co/yuIOWu2cjv",[],[],"['MoHFW_INDIA', 'PMOIndia']",['https://t.co/sNVu9tXC5g'], MoHFW INDIA  PMOIndia ‡§ï‡•É‡§™‡§Ø‡§æ ‡§á‡§∏ ‡§¨‡§ö‡•ç‡§ö‡•á ‡§ï‡•Ä ‡§Æ‡§¶‡§¶ ‡§ï‡§∞‡•á‡§Ü‡§Ç‡§ñ ‡§ï‡•Ä ‡§π‡§æ‡§≤‡§§ ‡§¨‡§π‡•Å‡§§ ‡§ñ‡§∞‡§æ‡§¨ ‡§π‡•à‡§Ç‡•§‡§ï‡§æ‡§´‡•Ä ‡§ñ‡§∞‡•ç‡§ö ‡§¨‡§§‡§æ‡§Ø‡§æ ‡§ó‡§Ø‡§æ ‡§π‡•à‡•§‡§Æ‡•á‡§∞‡•Ä ‡§Ü‡§™‡§∏‡•á ‡§™‡•ç‡§∞‡§æ‡§∞‡•ç‡§•‡§®‡§æ ‡§π‡•à‡•§‡§ú‡•ã ‡§≠‡•Ä ‡§Æ‡§¶‡§¶ ‡§π‡•ã ‡§ú‡§∞‡•Ç‡§∞ ‡§ï‡§∞‡•á‡•§  SonuSood  https   t co yuIOWu2cjv
46,en,1438536136507359233,2596143056, MoHFW INDIA  PMOIndia To avoid direct contact that spreads Delta variant  use free BostApp instead to communicate with people at the same place  Download for free at Apple https   t co uChWynVbJG  amp  Google https   t co Nvi0yitq3f https   t co saLJcDJgKE,1438536197404569602,False, MoHFW INDIA  PMOIndia To avoid direct contact that spreads Delta variant  use free BostApp instead to communicate with people at the same place  Download for free at Apple https   t co uChWynVbJG  amp  Google https   t co Nvi0yitq3f https   t co saLJcDJgKE,2021-09-16T16:12:10.000Z,India,"@MoHFW_INDIA @PMOIndia To avoid direct contact that spreads Delta variant, use free BostApp instead to communicate with people at the same place. Download for free at Apple https://t.co/uChWynVbJG &amp; Google https://t.co/Nvi0yitq3f https://t.co/saLJcDJgKE",[],[],"['MoHFW_INDIA', 'PMOIndia']",['https://t.co/jsO5kzaiPL'],
47,hi,1438396385527681025,2596143056, MoHFW INDIA  DDNewsHindi  HwwaWives  PMOIndia ‡§∞‡§æ‡§∑‡•ç‡§ü‡•ç‡§∞ ‡§ï‡•á ‡§∏‡§ú‡§ó ‡§™‡•ç‡§∞‡§π‡§∞‡§ø‡§Ø‡•ã‡§Ç ‡§ï‡•ã ‡§∏‡•à‡§≤‡•ç‡§Ø‡•Ç‡§ü  ‡§ú‡§Ø‡§π‡§ø‡§Ç‡§¶  ,1438484203289526272,False,,2021-09-16T12:45:34.000Z,India,@MoHFW_INDIA @DDNewsHindi @HwwaWives @PMOIndia ‡§∞‡§æ‡§∑‡•ç‡§ü‡•ç‡§∞ ‡§ï‡•á ‡§∏‡§ú‡§ó ‡§™‡•ç‡§∞‡§π‡§∞‡§ø‡§Ø‡•ã‡§Ç ‡§ï‡•ã ‡§∏‡•à‡§≤‡•ç‡§Ø‡•Ç‡§ü !‡§ú‡§Ø‡§π‡§ø‡§Ç‡§¶ !,[],[],"['MoHFW_INDIA', 'DDNewsHindi', 'HwwaWives', 'PMOIndia']",[], MoHFW INDIA  DDNewsHindi  HwwaWives  PMOIndia ‡§∞‡§æ‡§∑‡•ç‡§ü‡•ç‡§∞ ‡§ï‡•á ‡§∏‡§ú‡§ó ‡§™‡•ç‡§∞‡§π‡§∞‡§ø‡§Ø‡•ã‡§Ç ‡§ï‡•ã ‡§∏‡•à‡§≤‡•ç‡§Ø‡•Ç‡§ü  ‡§ú‡§Ø‡§π‡§ø‡§Ç‡§¶  
