,tweet_lang,replied_to_tweet_id,replied_to_user_id,reply_text,id,verified,text_es,tweet_date,country,tweet_text,tweet_emoticons,hashtags,mentions,tweet_urls
0,es,1439710480885420036,591361197, Claudiashein  VekaDuncan Lo que marc√≥ al ex  Jefe de Gobierno L√≥pez Obrador fue el ser contestatario e irreverente con el Presidente Fox  Nada que ver ahora ,1440250714547056649,False, Claudiashein  VekaDuncan Lo que marc√≥ al ex  Jefe de Gobierno L√≥pez Obrador fue el ser contestatario e irreverente con el Presidente Fox  Nada que ver ahora ,2021-09-21T09:45:03.000Z,Mexico,@Claudiashein @VekaDuncan Lo que marc√≥ al ex- Jefe de Gobierno L√≥pez Obrador fue el ser contestatario e irreverente con el Presidente Fox. Nada que ver ahora.,[],[],"['Claudiashein', 'VekaDuncan']",['https://t.co/kkIAGd0CL2']
1,es,1439710480885420036,591361197, Claudiashein Sueldos actuales y ver con cuanto se compran los art√≠culos de primera necesidad  el comportamiento real de los Servicios de Seguridad a la poblaci√≥n  el trato a los alumnos  en escuelas  todo lo relacionado con la poblaci√≥n su protecci√≥n como primer punto gracias por su spoyo,1440112633626120195,False, Claudiashein Sueldos actuales y ver con cuanto se compran los art√≠culos de primera necesidad  el comportamiento real de los Servicios de Seguridad a la poblaci√≥n  el trato a los alumnos  en escuelas  todo lo relacionado con la poblaci√≥n su protecci√≥n como primer punto gracias por su spoyo,2021-09-21T00:36:22.000Z,Mexico,"@Claudiashein Sueldos actuales y ver con cuanto se compran los art√≠culos de primera necesidad, el comportamiento real de los Servicios de Seguridad a la poblaci√≥n, el trato a los alumnos  en escuelas, todo lo relacionado con la poblaci√≥n su protecci√≥n como primer punto gracias por su spoyo",[],[],['Claudiashein'],['https://t.co/1DP2IbXmmY']
2,es,1439710480885420036,591361197, Claudiashein Es muy importante el que vivan directamente las situaciones que padece la poblacion  La Atenci√≥n al publico en las diferentes Secretarias sin que se sepan observados para que se vea la realidad de las cosas que se quieren cambiar Salud Educaci√≥n Seguridad Compras con los sueldos,1440111369811079168,False, Claudiashein Es muy importante el que vivan directamente las situaciones que padece la poblacion  La Atenci√≥n al publico en las diferentes Secretarias sin que se sepan observados para que se vea la realidad de las cosas que se quieren cambiar Salud Educaci√≥n Seguridad Compras con los sueldos,2021-09-21T00:31:21.000Z,Mexico,"@Claudiashein Es muy importante el que vivan directamente las situaciones que padece la poblacion, La Atenci√≥n al publico en las diferentes Secretarias,sin que se sepan observados para que se vea la realidad de las cosas que se quieren cambiar Salud,Educaci√≥n,Seguridad Compras con los sueldos",[],[],['Claudiashein'],['https://t.co/s7VGkygBws']
3,es,1439710480885420036,591361197, Claudiashein Por favor su apoyo  Claudiashein https   t co heKb4b5KJA,1439994786602229766,False, Claudiashein Por favor su apoyo  Claudiashein https   t co heKb4b5KJA,2021-09-20T16:48:05.000Z,Mexico,"@Claudiashein Por favor su apoyo @Claudiashein üëáüèº
https://t.co/heKb4b5KJA",['üëáüèº'],[],"['Claudiashein', 'Claudiashein']",['https://t.co/heKb4b5KJA']
4,es,1439710480885420036,591361197, Claudiashein Podemos hablar sobre nuestro futuro  Que la CDMX firme el  Acuerdo Basado En Plantas    Plant Treaty Firma aqui  https   t co bjuq4fsceR,1439990096778911753,False, Claudiashein Podemos hablar sobre nuestro futuro  Que la CDMX firme el  Acuerdo Basado En Plantas    Plant Treaty Firma aqui  https   t co bjuq4fsceR,2021-09-20T16:29:27.000Z,Mexico,"@Claudiashein Podemos hablar sobre nuestro futuro? Que la CDMX firme el ""Acuerdo Basado En Plantas "" @Plant_Treaty 

Firma aqui: https://t.co/bjuq4fsceR",[],[],"['Claudiashein', 'Plant_Treaty']",['https://t.co/Q4GMugFA2c']
5,es,1439710480885420036,591361197, Claudiashein As√≠ los di√°logos de la foca aplaudidora  https   t co fkdh56RvEs,1439989705890693122,False, Claudiashein As√≠ los di√°logos de la foca aplaudidora  https   t co fkdh56RvEs,2021-09-20T16:27:54.000Z,Mexico,@Claudiashein As√≠ los di√°logos de la foca aplaudidora: https://t.co/fkdh56RvEs,[],[],['Claudiashein'],[]
6,es,1439710480885420036,591361197, MiguelES MX  Claudiashein Porque si argumentas en mi publicaci√≥n  por lo menos contesta las preguntas directas Sabes bien que en mucho tengo raz√≥n y posiblemente tambi√©n este equivocada en otro tanto Vivamos realidades sin proteger a culpables Somos parte de esto y depende si eres opresor u oprimido,1439977456245555203,False, MiguelES MX  Claudiashein Porque si argumentas en mi publicaci√≥n  por lo menos contesta las preguntas directas Sabes bien que en mucho tengo raz√≥n y posiblemente tambi√©n este equivocada en otro tanto Vivamos realidades sin proteger a culpables Somos parte de esto y depende si eres opresor u oprimido,2021-09-20T15:39:13.000Z,Mexico,"@MiguelES_MX @Claudiashein Porque si argumentas en mi publicaci√≥n, por lo menos contesta las preguntas directas.
Sabes bien que en mucho tengo raz√≥n y posiblemente tambi√©n este equivocada en otro tanto.
Vivamos realidades sin proteger a culpables.
Somos parte de esto y depende si eres opresor u oprimido",[],[],"['MiguelES_MX', 'Claudiashein']",['https://t.co/pwHPVi9q0G']
7,es,1439710480885420036,591361197, LZamora19492784  Claudiashein ¬øPor qu√© se las tendr√≠a que contestar  Jajajaja  Usted no puede ni sostener lo que dijo al principio  que ah√≠ en ese momento hubieron elementos castrenses  y de ah√≠ sali√≥ con una burdada del nivel   est√°n de civiles  yo los s√© identificar    √Åndele  Tenga excelente d√≠a ,1439967704161599488,False, LZamora19492784  Claudiashein ¬øPor qu√© se las tendr√≠a que contestar  Jajajaja  Usted no puede ni sostener lo que dijo al principio  que ah√≠ en ese momento hubieron elementos castrenses  y de ah√≠ sali√≥ con una burdada del nivel   est√°n de civiles  yo los s√© identificar    √Åndele  Tenga excelente d√≠a ,2021-09-20T15:00:28.000Z,Mexico,"@LZamora19492784 @Claudiashein ¬øPor qu√© se las tendr√≠a que contestar? Jajajaja. Usted no puede ni sostener lo que dijo al principio, que ah√≠ en ese momento hubieron elementos castrenses, y de ah√≠ sali√≥ con una burdada del nivel: ""est√°n de civiles, yo los s√© identificar"". üòÇ √Åndele. Tenga excelente d√≠a.",['üòÇ'],[],"['LZamora19492784', 'Claudiashein']",['https://t.co/XR0z3P0DQ2']
8,es,1439710480885420036,591361197, MiguelES MX  Claudiashein Pero no contestaste ni una sola de mis preguntas Y eso al final del d√≠a me responde quien eres  Uno m√°s    ,1439967065704644615,False, MiguelES MX  Claudiashein Pero no contestaste ni una sola de mis preguntas Y eso al final del d√≠a me responde quien eres  Uno m√°s    ,2021-09-20T14:57:56.000Z,Mexico,"@MiguelES_MX @Claudiashein Pero no contestaste ni una sola de mis preguntas.
Y eso al final del d√≠a me responde quien eres..
Uno m√°s....",[],[],"['MiguelES_MX', 'Claudiashein']",[]
9,es,1439710480885420036,591361197, LZamora19492784  Claudiashein Jajajajajaja  ¬øSoy Guardia Nacional  Es que cada cosa que escribe es un sinsentido  de verdad  Ah  con eso de que sabe perfectamente c√≥mo distinguir a un militar de civil  ¬øno  De verdad que dicen las mismas cosas que los que dicen ser  diferentes   ,1439966199656460294,False, LZamora19492784  Claudiashein Jajajajajaja  ¬øSoy Guardia Nacional  Es que cada cosa que escribe es un sinsentido  de verdad  Ah  con eso de que sabe perfectamente c√≥mo distinguir a un militar de civil  ¬øno  De verdad que dicen las mismas cosas que los que dicen ser  diferentes   ,2021-09-20T14:54:29.000Z,Mexico,"@LZamora19492784 @Claudiashein Jajajajajaja, ¬øSoy Guardia Nacional? Es que cada cosa que escribe es un sinsentido, de verdad. Ah, con eso de que sabe perfectamente c√≥mo distinguir a un militar de civil, ¬øno? De verdad que dicen las mismas cosas que los que dicen ser ""diferentes"". üòÇ",['üòÇ'],[],"['LZamora19492784', 'Claudiashein']",['https://t.co/VCYYM9uqun']
10,es,1439710480885420036,591361197, MiguelES MX  Claudiashein Ahora comprendo Eres guardia nacionalY te sientes muy orgulloso de pertenecer a este gobierno fallido Por lo menos tienes entrenamiento Est√°s haciendo algo positivo por la sociedad O solo haces lo que te ordenan por muy vil y asqueroso que sea Ilustrame  ,1439965526881705987,False, MiguelES MX  Claudiashein Ahora comprendo Eres guardia nacionalY te sientes muy orgulloso de pertenecer a este gobierno fallido Por lo menos tienes entrenamiento Est√°s haciendo algo positivo por la sociedad O solo haces lo que te ordenan por muy vil y asqueroso que sea Ilustrame  ,2021-09-20T14:51:49.000Z,Mexico,"@MiguelES_MX @Claudiashein Ahora comprendo.
Eres guardia nacional
Y te sientes muy orgulloso de pertenecer a este gobierno fallido?
Por lo menos tienes entrenamiento?
Est√°s haciendo algo positivo por la sociedad?
O solo haces lo que te ordenan por muy vil y asqueroso que sea?
Ilustrame!!",[],[],"['MiguelES_MX', 'Claudiashein']",['https://t.co/9B33yQIf67']
11,es,1439710480885420036,591361197, LZamora19492784  Claudiashein Jajajajajajajaja  ahora resulta que saben idfentificarlos de  civiles   A falta de argumentos coherentes eso  s√≠ claro ,1439963914868035588,False, LZamora19492784  Claudiashein Jajajajajajajaja  ahora resulta que saben idfentificarlos de  civiles   A falta de argumentos coherentes eso  s√≠ claro ,2021-09-20T14:45:25.000Z,Mexico,"@LZamora19492784 @Claudiashein Jajajajajajajaja, ahora resulta que saben idfentificarlos de ""civiles"". A falta de argumentos coherentes eso, s√≠ claro.",[],[],"['LZamora19492784', 'Claudiashein']",['https://t.co/3ti54v5b7c']
12,es,1439710480885420036,591361197, LZamora19492784  Claudiashein As√≠  es y lo peor es que cuando ven alguna cr√≠tica al presidentito bolchevique  que disque dirige a la naci√≥n  no saben reclamar con coherencia  solo salen a insultar y ya se sienten dioses  por eso nunca van a progresar por agacho es ,1439963057854324742,False, LZamora19492784  Claudiashein As√≠  es y lo peor es que cuando ven alguna cr√≠tica al presidentito bolchevique  que disque dirige a la naci√≥n  no saben reclamar con coherencia  solo salen a insultar y ya se sienten dioses  por eso nunca van a progresar por agacho es ,2021-09-20T14:42:00.000Z,Mexico,"@LZamora19492784 @Claudiashein As√≠, es y lo peor es que cuando ven alguna cr√≠tica al presidentito bolchevique, que disque dirige a la naci√≥n, no saben reclamar con coherencia, solo salen a insultar,y ya se sienten dioses, por eso nunca van a progresar por agacho es.",[],[],"['LZamora19492784', 'Claudiashein']",['https://t.co/ncCc5NmSS5']
13,es,1439710480885420036,591361197, Veronic20245684  Claudiashein Lo dijiste bienNo piensanTampoco les importa  porque se conforman con sus limosnas  no tienen inter√©s por salir adelante,1439960955090255874,False, Veronic20245684  Claudiashein Lo dijiste bienNo piensanTampoco les importa  porque se conforman con sus limosnas  no tienen inter√©s por salir adelante,2021-09-20T14:33:39.000Z,Mexico,"@Veronic20245684 @Claudiashein Lo dijiste bien
No piensan
Tampoco les importa, porque se conforman con sus limosnas, no tienen inter√©s por salir adelante",[],[],"['Veronic20245684', 'Claudiashein']",['https://t.co/Ki8AECisHt']
14,es,1439710480885420036,591361197, LZamora19492784  Claudiashein Ojal√° de verdad  hay tanto nublado por las d√°divas que son los que lo defienden como gatos boca arriba  no piensan que eso no es eterno  pero les da miedo trabajar  es m√°s f√°cil estirar la mano ,1439960235146465282,False, LZamora19492784  Claudiashein Ojal√° de verdad  hay tanto nublado por las d√°divas que son los que lo defienden como gatos boca arriba  no piensan que eso no es eterno  pero les da miedo trabajar  es m√°s f√°cil estirar la mano ,2021-09-20T14:30:47.000Z,Mexico,"@LZamora19492784 @Claudiashein Ojal√° de verdad, hay tanto nublado por las d√°divas que son los que lo defienden como gatos boca arriba, no piensan que eso no es eterno, pero les da miedo trabajar, es m√°s f√°cil estirar la mano.",[],[],"['LZamora19492784', 'Claudiashein']",['https://t.co/wKbyg5MjIS']
15,es,1439710480885420036,591361197, Veronic20245684  Claudiashein As√≠ esEn las elecciones estoy segura que Morena se va y con la cola entre las patas,1439959228194725895,False, Veronic20245684  Claudiashein As√≠ esEn las elecciones estoy segura que Morena se va y con la cola entre las patas,2021-09-20T14:26:47.000Z,Mexico,"@Veronic20245684 @Claudiashein As√≠ es
En las elecciones estoy segura que Morena se va y con la cola entre las patas",[],[],"['Veronic20245684', 'Claudiashein']",[]
16,es,1439710480885420036,591361197, LZamora19492784  Claudiashein Si  caray u a m√°s de sus incongruencias  de verdad que no hay forma de ayudarlos y aun as√≠ la gente sigue defendiendolos y a estas pobres personas  para las elecciones se les olvidan estos malos tratos y vuelven a votar por esos que hoy los golpean,1439957310034567175,False, LZamora19492784  Claudiashein Si  caray u a m√°s de sus incongruencias  de verdad que no hay forma de ayudarlos y aun as√≠ la gente sigue defendiendolos y a estas pobres personas  para las elecciones se les olvidan estos malos tratos y vuelven a votar por esos que hoy los golpean,2021-09-20T14:19:10.000Z,Mexico,"@LZamora19492784 @Claudiashein Si, caray u a m√°s de sus incongruencias, de verdad que no hay forma de ayudarlos y aun as√≠ la gente sigue defendiendolos y a estas pobres personas, para las elecciones se les olvidan estos malos tratos y vuelven a votar por esos que hoy los golpeanü§∑üèª‚Äç‚ôÄÔ∏è",['ü§∑üèª\u200d‚ôÄÔ∏è'],[],"['LZamora19492784', 'Claudiashein']",['https://t.co/u22xMQbnIk']
17,es,1439710480885420036,591361197, Charly94826386  Claudiashein Y seguro les quitan el 60  de limosnas,1439949949895168001,False, Charly94826386  Claudiashein Y seguro les quitan el 60  de limosnas,2021-09-20T13:49:55.000Z,Mexico,@Charly94826386 @Claudiashein Y seguro les quitan el 60% de limosnas,[],[],"['Charly94826386', 'Claudiashein']",[]
18,es,1439710480885420036,591361197, Veronic20245684  Claudiashein ExactamenteY quieren poner una ind√≠gena en reforma para honrarlosHIP√ìCRITAS https   t co AyuMGVBrXJ,1439949804478603275,False, Veronic20245684  Claudiashein ExactamenteY quieren poner una ind√≠gena en reforma para honrarlosHIP√ìCRITAS https   t co AyuMGVBrXJ,2021-09-20T13:49:21.000Z,Mexico,"@Veronic20245684 @Claudiashein Exactamente
Y quieren poner una ind√≠gena en reforma para honrarlos
HIP√ìCRITAS https://t.co/AyuMGVBrXJ",[],[],"['Veronic20245684', 'Claudiashein']",[]
19,es,1439710480885420036,591361197, MiguelES MX  Claudiashein Vestiditos de civiles los muy Cobardes por ordenes de Claudia SheinbaumMira el video 10 veces m√°s a ver si finalmente entiendes lo que miras,1439949088712237061,False, MiguelES MX  Claudiashein Vestiditos de civiles los muy Cobardes por ordenes de Claudia SheinbaumMira el video 10 veces m√°s a ver si finalmente entiendes lo que miras,2021-09-20T13:46:30.000Z,Mexico,"@MiguelES_MX @Claudiashein Vestiditos de civiles los muy Cobardes por ordenes de Claudia Sheinbaum
Mira el video 10 veces m√°s a ver si finalmente entiendes lo que miras",[],[],"['MiguelES_MX', 'Claudiashein']",['https://t.co/A9Hchh8464']
20,es,1439710480885420036,591361197, LZamora19492784  Claudiashein En ning√∫n momento del video se ve a alg√∫n elemento de la GN  No mienta por convivir ,1439938026881306627,False, LZamora19492784  Claudiashein En ning√∫n momento del video se ve a alg√∫n elemento de la GN  No mienta por convivir ,2021-09-20T13:02:33.000Z,Mexico,@LZamora19492784 @Claudiashein En ning√∫n momento del video se ve a alg√∫n elemento de la GN. No mienta por convivir.,[],[],"['LZamora19492784', 'Claudiashein']",[]
21,es,1439710480885420036,591361197, Claudiashein  lopezobrador   martibatres  AlcCuauhtemocMx Imposible pasar por dichas calles tomadas tendederos con ropa gente alcolizandose y drogandose en las puertas de nuestras casas  agresiones  esc√°ndalos nocturnos impunidad total la  SSC CDMX los protege a ellos  adem√°s elotaci√≥n infantil a todas luces  asiquieresserpresidenta https   t co YnHzl8zx5w,1439927627494604801,False, Claudiashein  lopezobrador   martibatres  AlcCuauhtemocMx Imposible pasar por dichas calles tomadas tendederos con ropa gente alcolizandose y drogandose en las puertas de nuestras casas  agresiones  esc√°ndalos nocturnos impunidad total la  SSC CDMX los protege a ellos  adem√°s elotaci√≥n infantil a todas luces  asiquieresserpresidenta https   t co YnHzl8zx5w,2021-09-20T12:21:13.000Z,Mexico,@Claudiashein @lopezobrador_ @martibatres @AlcCuauhtemocMx Imposible pasar por dichas calles tomadas tendederos con ropa gente alcolizandose y drogandose en las puertas de nuestras casas  agresiones  esc√°ndalos nocturnos impunidad total la @SSC_CDMX los protege a ellos  adem√°s explotaci√≥n infantil a todas luces #asiquieresserpresidenta https://t.co/YnHzl8zx5w,['xp'],[],"['Claudiashein', 'lopezobrador_', 'martibatres', 'AlcCuauhtemocMx']",['https://t.co/TUIt7SK1Mx']
22,es,1439710480885420036,591361197, Claudiashein  lopezobrador   martibatres la cdmx el gob q ni te ve ni te oye 4 a√±os tenemos los vecinos d mil√°nyroma col Ju√°rez  AlcCuauhtemocMx pidiendo el retiro d este campamento d paraca√≠distas apostado a mitad d dichas calles mismo q viola nuestros derechos esc√°ndalos agresiones drogas https   t co IbjL4FyHoq,1439926414174834692,False, Claudiashein  lopezobrador   martibatres la cdmx el gob q ni te ve ni te oye 4 a√±os tenemos los vecinos d mil√°nyroma col Ju√°rez  AlcCuauhtemocMx pidiendo el retiro d este campamento d paraca√≠distas apostado a mitad d dichas calles mismo q viola nuestros derechos esc√°ndalos agresiones drogas https   t co IbjL4FyHoq,2021-09-20T12:16:24.000Z,Mexico,"@Claudiashein @lopezobrador_ @martibatres la cdmx el gob q ni te ve ni te oye 4 a√±os tenemos los vecinos d mil√°nyroma col Ju√°rez @AlcCuauhtemocMx pidiendo el retiro d este campamento d paraca√≠distas apostado a mitad d
 dichas calles mismo q viola nuestros derechos esc√°ndalos agresiones drogas https://t.co/IbjL4FyHoq",[],[],"['Claudiashein', 'lopezobrador_', 'martibatres']",['https://t.co/fyi4hD05Fs']
23,es,1439710480885420036,591361197, LZamora19492784  Claudiashein A las mujeres ind√≠genas las tiene trabajando en los sem√°foros,1439904803899985932,False, LZamora19492784  Claudiashein A las mujeres ind√≠genas las tiene trabajando en los sem√°foros,2021-09-20T10:50:32.000Z,Mexico,@LZamora19492784 @Claudiashein A las mujeres ind√≠genas las tiene trabajando en los sem√°foros,[],[],"['LZamora19492784', 'Claudiashein']",[]
24,es,1439710480885420036,591361197, Claudiashein Asesina https   t co adLBHhHSCs,1439904641777639426,False, Claudiashein Asesina https   t co adLBHhHSCs,2021-09-20T10:49:53.000Z,Mexico,@Claudiashein Asesina https://t.co/adLBHhHSCs,[],[],['Claudiashein'],[]
25,es,1438905412376424448,591361197, Claudiashein Cuando a los de 18 a 29 a√±os en la alcald√≠a Coyoacan Ni siquiera lo han mencionado  ya est√°n desesperados os j√≥venes ,1439415669372727296,False, Claudiashein Cuando a los de 18 a 29 a√±os en la alcald√≠a Coyoacan Ni siquiera lo han mencionado  ya est√°n desesperados os j√≥venes ,2021-09-19T02:26:53.000Z,Mexico,"@Claudiashein Cuando a los de 18 a 29 a√±os en la alcald√≠a Coyoacan?
Ni siquiera lo han mencionado, ya est√°n desesperados os j√≥venes.",[],[],['Claudiashein'],[]
26,es,1438905412376424448,591361197, JuanDiaz Vaz  Claudiashein  PartidoMorenaMx No hay problema  a mucho chairo de coyoacan tampoco le ha tocado la vacuna y no pueden decir nada por que saben que es cierto ,1439386732873584642,False, JuanDiaz Vaz  Claudiashein  PartidoMorenaMx No hay problema  a mucho chairo de coyoacan tampoco le ha tocado la vacuna y no pueden decir nada por que saben que es cierto ,2021-09-19T00:31:54.000Z,Mexico,"@JuanDiaz_Vaz @Claudiashein @PartidoMorenaMx No hay problema, a mucho chairo de coyoacan tampoco le ha tocado la vacuna y no pueden decir nada por que saben que es cierto ü§£ü§£",['ü§£'],[],"['JuanDiaz_Vaz', 'Claudiashein', 'PartidoMorenaMx']",['https://t.co/MrNHPxveH4']
27,es,1438905412376424448,591361197, danielcombi  Claudiashein  PartidoMorenaMx Aguas con los chairos  ya vez que huelen a los fifis ,1439386326525259776,False, danielcombi  Claudiashein  PartidoMorenaMx Aguas con los chairos  ya vez que huelen a los fifis ,2021-09-19T00:30:17.000Z,Mexico,"@danielcombi @Claudiashein @PartidoMorenaMx Aguas con los chairos, ya vez que huelen a los fifis 
ü§£ü§£ü§£ü§£",['ü§£'],[],"['danielcombi', 'Claudiashein', 'PartidoMorenaMx']",[]
28,es,1438905412376424448,591361197, JuanDiaz Vaz  Claudiashein  PartidoMorenaMx Por que soy fifi  no quiero ser parte del pueblo bueno y sabio,1439385879479476228,False, JuanDiaz Vaz  Claudiashein  PartidoMorenaMx Por que soy fifi  no quiero ser parte del pueblo bueno y sabio,2021-09-19T00:28:30.000Z,Mexico,"@JuanDiaz_Vaz @Claudiashein @PartidoMorenaMx Por que soy fifi, no quiero ser parte del pueblo bueno y sabio",[],[],"['JuanDiaz_Vaz', 'Claudiashein', 'PartidoMorenaMx']",[]
29,es,1438905412376424448,591361197, Claudiashein Por favor yo quiero vacunar a mi nena tiene 12 a√±os  antecedente de asma,1439353577596768260,False, Claudiashein Por favor yo quiero vacunar a mi nena tiene 12 a√±os  antecedente de asma,2021-09-18T22:20:09.000Z,Mexico,"@Claudiashein Por favor yo quiero vacunar a mi nena tiene 12 a√±os, antecedente de asma",[],[],['Claudiashein'],[]
30,es,1438905412376424448,591361197, Claudiashein Vivimos tiempos dificiles   debido a la destrucci√≥n que llevan en 3 a√±os   la inpunidad  de tu desgobierno tu triunfalismo y soberbia ,1439338365233602560,False, Claudiashein Vivimos tiempos dificiles   debido a la destrucci√≥n que llevan en 3 a√±os   la inpunidad  de tu desgobierno tu triunfalismo y soberbia ,2021-09-18T21:19:42.000Z,Mexico,"@Claudiashein Vivimos tiempos dificiles , debido a la destrucci√≥n que llevan en 3 a√±os.. la inpunidad  de tu desgobierno tu triunfalismo y soberbia.",[],[],['Claudiashein'],['https://t.co/mbtwFFrghW']
31,es,1438905412376424448,591361197, lalocavalia  Claudiashein A ok  para saber  Ya soy  AMLOVER  Que qui√©n sabe que signifique  Pero  seguir√© fingiendo ser imb√©cil e in√∫til un rato m√°s para no defraudarte  https   t co ltYKgXp2SC,1439289189032513542,False, lalocavalia  Claudiashein A ok  para saber  Ya soy  AMLOVER  Que qui√©n sabe que signifique  Pero  seguir√© fingiendo ser imb√©cil e in√∫til un rato m√°s para no defraudarte  https   t co ltYKgXp2SC,2021-09-18T18:04:18.000Z,Mexico,"@lalocavalia @Claudiashein A ok, para saber. Ya soy ""AMLOVER"" Que qui√©n sabe que signifique. Pero, seguir√© fingiendo ser imb√©cil e in√∫til un rato m√°s para no defraudarte. https://t.co/ltYKgXp2SC",[],[],"['lalocavalia', 'Claudiashein']",['https://t.co/77HC6p7VJs']
32,es,1438905412376424448,591361197, Claudiashein Podr√≠an decir ¬øporqu√© no se ha vacunado a los j√≥venes de Coyoacan  tienen alg√∫n resentimiento poselectoral ,1439288968818855943,False, Claudiashein Podr√≠an decir ¬øporqu√© no se ha vacunado a los j√≥venes de Coyoacan  tienen alg√∫n resentimiento poselectoral ,2021-09-18T18:03:25.000Z,Mexico,"@Claudiashein Podr√≠an decir ¬øporqu√© no se ha vacunado a los j√≥venes de Coyoacan, tienen alg√∫n resentimiento poselectoral?",[],[],['Claudiashein'],[]
33,es,1438905412376424448,591361197,  osvaldo elias  Claudiashein No seas imb√©cil  sabes lo perfectamente a menos que seas un amlover lo que significa mi Twitt   y si tuvieras un poco de sentido com√∫n sabr√≠as que el el 3 le sigue al 2 en el teclado y que por digitaci√≥n r√°pida uno puede oprimir otra tecla  Pero el fondo es el mismo  In√∫til  Bye,1439285813792153611,False,  osvaldo elias  Claudiashein No seas imb√©cil  sabes lo perfectamente a menos que seas un amlover lo que significa mi Twitt   y si tuvieras un poco de sentido com√∫n sabr√≠as que el el 3 le sigue al 2 en el teclado y que por digitaci√≥n r√°pida uno puede oprimir otra tecla  Pero el fondo es el mismo  In√∫til  Bye,2021-09-18T17:50:53.000Z,Mexico,"@_osvaldo_elias @Claudiashein No seas imb√©cil, sabes lo perfectamente a menos que seas un amlover lo que significa mi Twitt...y si tuvieras un poco de sentido com√∫n sabr√≠as que el el 3 le sigue al 2 en el teclado y que por digitaci√≥n r√°pida uno puede oprimir otra tecla. Pero el fondo es el mismo. In√∫til. Bye",[],[],"['_osvaldo_elias', 'Claudiashein']",['https://t.co/tllCaAnKm2']
34,es,1438905412376424448,591361197, lalocavalia  Claudiashein No veo ning√∫n error ortogr√°fico  t√∫ si   ,1439273848541794309,False, lalocavalia  Claudiashein No veo ning√∫n error ortogr√°fico  t√∫ si   ,2021-09-18T17:03:20.000Z,Mexico,@lalocavalia @Claudiashein No veo ning√∫n error ortogr√°fico ü§∑üèª‚Äç‚ôÇÔ∏è t√∫ si???,['ü§∑üèª\u200d‚ôÇÔ∏è'],[],"['lalocavalia', 'Claudiashein']",[]
35,es,1438905412376424448,591361197, Claudiashein De que hablas no mames  otros pa√≠ses tienen ya meses que terminaron su vacunaci√≥n Algunos todav√≠a no terminan o empiezan sus campa√±as de vacunaci√≥n y aun as√≠ tienen menos muertos que nosotros Es aberrante que no tengan un gramo de pudor para publicar estas porquer√≠as ,1439245130276425729,False, Claudiashein De que hablas no mames  otros pa√≠ses tienen ya meses que terminaron su vacunaci√≥n Algunos todav√≠a no terminan o empiezan sus campa√±as de vacunaci√≥n y aun as√≠ tienen menos muertos que nosotros Es aberrante que no tengan un gramo de pudor para publicar estas porquer√≠as ,2021-09-18T15:09:13.000Z,Mexico,"@Claudiashein De que hablas no mames ü§∑üèª‚Äç‚ôÇÔ∏èü§∑üèª‚Äç‚ôÇÔ∏èü§∑üèª‚Äç‚ôÇÔ∏è otros pa√≠ses tienen ya meses que terminaron su vacunaci√≥n.

Algunos todav√≠a no terminan o empiezan sus campa√±as de vacunaci√≥n y aun as√≠ tienen menos muertos que nosotros.

Es aberrante que no tengan un gramo de pudor para publicar estas porquer√≠as.",['ü§∑üèª\u200d‚ôÇÔ∏è'],[],['Claudiashein'],['https://t.co/zvfF4gVE36']
36,es,1438905412376424448,591361197, Claudiashein Es lamentable y asqueroso que te rasgues la vestiduras pidiendo igual y que los pobres primero y por revancha pol√≠tica le quitaste la ayuda a algunos ciudadanos de la alcald√≠a  abraham borden lo que no ganaron en urnas por soberbia a hora lo van a perder por miserables  vromog,1439232719070711810,False, Claudiashein Es lamentable y asqueroso que te rasgues la vestiduras pidiendo igual y que los pobres primero y por revancha pol√≠tica le quitaste la ayuda a algunos ciudadanos de la alcald√≠a  abraham borden lo que no ganaron en urnas por soberbia a hora lo van a perder por miserables  vromog,2021-09-18T14:19:54.000Z,Mexico,@Claudiashein Es lamentable y asqueroso que te rasgues la vestiduras pidiendo igual y que los pobres primero y por revancha pol√≠tica le quitaste la ayuda a algunos ciudadanos de la alcald√≠a @abraham_borden lo que no ganaron en urnas por soberbia a hora lo van a perder por miserables @vromog,[],[],['Claudiashein'],['https://t.co/JDivPGEPwP']
37,es,1438905412376424448,591361197, Claudiashein Pero pongan las vacunas  no las guarden solamente  han tardado demasiado en Azcapotzalco con vacunas de 18 29  todo iba a su tiempo hasta que perdi√≥ morena  otras alcald√≠as con sus dos dosis y aqu√≠ NI UNA y ni fechas hay  llevan 7 semanas de retraso,1439232603895259146,False, Claudiashein Pero pongan las vacunas  no las guarden solamente  han tardado demasiado en Azcapotzalco con vacunas de 18 29  todo iba a su tiempo hasta que perdi√≥ morena  otras alcald√≠as con sus dos dosis y aqu√≠ NI UNA y ni fechas hay  llevan 7 semanas de retraso,2021-09-18T14:19:27.000Z,Mexico,"@Claudiashein Pero pongan las vacunas, no las guarden solamente, han tardado demasiado en Azcapotzalco con vacunas de 18-29, todo iba a su tiempo hasta que perdi√≥ morena, otras alcald√≠as con sus dos dosis y aqu√≠ NI UNA y ni fechas hay, llevan 7 semanas de retraso",[],[],['Claudiashein'],['https://t.co/zMzFkupcQs']
38,es,1438905412376424448,591361197, Claudiashein Buen d√≠a Dra   haga caso de estoOjal√° despu√©s del sismo quiten a todos los vendedores ambulantes que est√°n en los pasillos del metro  ejemplo son centro m√©dico  Pino Su√°rez y Guerrero  son un riesgo para evacuar en caso de un sismo ,1439219699313778696,False, Claudiashein Buen d√≠a Dra   haga caso de estoOjal√° despu√©s del sismo quiten a todos los vendedores ambulantes que est√°n en los pasillos del metro  ejemplo son centro m√©dico  Pino Su√°rez y Guerrero  son un riesgo para evacuar en caso de un sismo ,2021-09-18T13:28:10.000Z,Mexico,"@Claudiashein Buen d√≠a Dra , haga caso de esto
Ojal√° despu√©s del sismo quiten a todos los vendedores ambulantes que est√°n en los pasillos del metro, ejemplo son centro m√©dico, Pino Su√°rez y Guerrero, son un riesgo para evacuar en caso de un sismo.",[],[],['Claudiashein'],['https://t.co/I1D3MUNTWM']
39,es,1438905412376424448,591361197,  osvaldo elias  Claudiashein Cuando no tienen nada que responder se fijan en la ortograf√≠a ,1439212830801203203,False,  osvaldo elias  Claudiashein Cuando no tienen nada que responder se fijan en la ortograf√≠a ,2021-09-18T13:00:52.000Z,Mexico,@_osvaldo_elias @Claudiashein Cuando no tienen nada que responder se fijan en la ortograf√≠a.,[],[],"['_osvaldo_elias', 'Claudiashein']",[]
40,es,1438905412376424448,591361197, Claudiashein Y los ni√±os  Para cuando ,1439212059028336647,False, Claudiashein Y los ni√±os  Para cuando ,2021-09-18T12:57:48.000Z,Mexico,@Claudiashein Y los ni√±os? Para cuando?,[],[],['Claudiashein'],[]
41,es,1438905412376424448,591361197, Claudiashein Si claro  y aun sin vacunas ni dinero para eso ya se lo acabo el cacas,1439208278739718145,False, Claudiashein Si claro  y aun sin vacunas ni dinero para eso ya se lo acabo el cacas,2021-09-18T12:42:47.000Z,Mexico,"@Claudiashein Si claro, y aun sin vacunas ni dinero para eso,ya se lo acabo el cacas",[],[],['Claudiashein'],[]
42,es,1438905412376424448,591361197, Claudiashein CHTPM conoces el significado de dolor  No tienes idea  inepta  hip√≥crita  ladrona y cobarde  ten el valor y da cifras reales  deja de burlarte y robar dinero de el pueblo  resuelve la linea 12  hospitales  trabajadores de el metro  adultos mayores  pero no  primero eres t√∫   ,1439193739356954624,False, Claudiashein CHTPM conoces el significado de dolor  No tienes idea  inepta  hip√≥crita  ladrona y cobarde  ten el valor y da cifras reales  deja de burlarte y robar dinero de el pueblo  resuelve la linea 12  hospitales  trabajadores de el metro  adultos mayores  pero no  primero eres t√∫   ,2021-09-18T11:45:01.000Z,Mexico,"@Claudiashein CHTPM conoces el significado de dolor? No tienes idea, inepta, hip√≥crita, ladrona y cobarde, ten el valor y da cifras reales, deja de burlarte y robar dinero de el pueblo, resuelve la linea 12, hospitales, trabajadores de el metro, adultos mayores, pero no, primero eres t√∫...",[],[],['Claudiashein'],['https://t.co/5uueFCiNye']
43,es,1438905412376424448,591361197,  osvaldo elias  EmbajadorQBP  Claudiashein No bueno   y siguen regalando vacunas a otros pa√≠ses ,1439118400849076226,False,  osvaldo elias  EmbajadorQBP  Claudiashein No bueno   y siguen regalando vacunas a otros pa√≠ses ,2021-09-18T06:45:38.000Z,Mexico,"@_osvaldo_elias @EmbajadorQBP @Claudiashein No bueno ü§¶ü§¶, y siguen regalando vacunas a otros pa√≠ses.",['ü§¶'],[],"['_osvaldo_elias', 'EmbajadorQBP', 'Claudiashein']",[]
44,es,1438905412376424448,591361197,  osvaldo elias  Claudiashein  A VCarranza  julioc moreno No lo sabemos  no sal√≠a  me parte el alma  le traiamos todo  me arrepiento de no haberla llevado a otra alcald√≠a a vacunarla  en  A VCarranza de  julioc moreno tardaron demasiado a los adultos mayores ,1439110536050790403,False,  osvaldo elias  Claudiashein  A VCarranza  julioc moreno No lo sabemos  no sal√≠a  me parte el alma  le traiamos todo  me arrepiento de no haberla llevado a otra alcald√≠a a vacunarla  en  A VCarranza de  julioc moreno tardaron demasiado a los adultos mayores ,2021-09-18T06:14:23.000Z,Mexico,"@_osvaldo_elias @Claudiashein @A_VCarranza @julioc_moreno No lo sabemos, no sal√≠a, me parte el alma, le traiamos todo, me arrepiento de no haberla llevado a otra alcald√≠a a vacunarla, en @A_VCarranza de @julioc_moreno tardaron demasiado a los adultos mayores.",[],[],"['_osvaldo_elias', 'Claudiashein', 'A_VCarranza', 'julioc_moreno']",['https://t.co/lOpUSJDFaF']
45,es,1438905412376424448,591361197, RaulFrancoRami2  KarenSuAl80  Claudiashein Afortunados ustedes que m√≠nimo se interesen en reactivar la econom√≠a pero ni se imaginan lo que el pr√≥ximo Gobernador tiene dentro de una de sus prioridades    Panista por cierto  https   t co dDpNCeLPbY,1439101488920514560,False, RaulFrancoRami2  KarenSuAl80  Claudiashein Afortunados ustedes que m√≠nimo se interesen en reactivar la econom√≠a pero ni se imaginan lo que el pr√≥ximo Gobernador tiene dentro de una de sus prioridades    Panista por cierto  https   t co dDpNCeLPbY,2021-09-18T05:38:26.000Z,Mexico,@RaulFrancoRami2 @KarenSuAl80 @Claudiashein Afortunados ustedes que m√≠nimo se interesen en reactivar la econom√≠a pero ni se imaginan lo que el pr√≥ximo Gobernador tiene dentro de una de sus prioridades... Panista por cierto ü§∑üèª‚Äç‚ôÇÔ∏è https://t.co/dDpNCeLPbY,['ü§∑üèª\u200d‚ôÇÔ∏è'],[],"['RaulFrancoRami2', 'KarenSuAl80', 'Claudiashein']",['https://t.co/vf18e39bfB']
46,es,1438905412376424448,591361197, AlexaLidia  Claudiashein As√≠ m√°s o menos como en Quer√©taro donde lo m√°s importante para el pr√≥ximo Gobernador es apoyar a un Equipo de f√∫tbol  Y eso que es un gobierno Panista    https   t co 34p2unJnAF,1439101091468267520,False, AlexaLidia  Claudiashein As√≠ m√°s o menos como en Quer√©taro donde lo m√°s importante para el pr√≥ximo Gobernador es apoyar a un Equipo de f√∫tbol  Y eso que es un gobierno Panista    https   t co 34p2unJnAF,2021-09-18T05:36:52.000Z,Mexico,@AlexaLidia @Claudiashein As√≠ m√°s o menos como en Quer√©taro donde lo m√°s importante para el pr√≥ximo Gobernador es apoyar a un Equipo de f√∫tbol? Y eso que es un gobierno Panista... https://t.co/34p2unJnAF,[],[],"['AlexaLidia', 'Claudiashein']",['https://t.co/u1oqEo6Knp']
47,es,1438905412376424448,591361197, CoquitoCohen  Claudiashein Tu te quejas de eso y mira en Quer√©taro lo que nos espera con un gobierno de derecha    https   t co eJTAD1fK5y,1439100544308625410,False, CoquitoCohen  Claudiashein Tu te quejas de eso y mira en Quer√©taro lo que nos espera con un gobierno de derecha    https   t co eJTAD1fK5y,2021-09-18T05:34:41.000Z,Mexico,@CoquitoCohen @Claudiashein Tu te quejas de eso y mira en Quer√©taro lo que nos espera con un gobierno de derecha... https://t.co/eJTAD1fK5y,[],[],"['CoquitoCohen', 'Claudiashein']",[]
48,es,1438905412376424448,591361197, lalocavalia  Claudiashein Ya tienen linea 13 en la  CDMX ,1439099287045120004,False, lalocavalia  Claudiashein Ya tienen linea 13 en la  CDMX ,2021-09-18T05:29:41.000Z,Mexico,@lalocavalia @Claudiashein Ya tienen linea 13 en la. CDMX?,[],[],"['lalocavalia', 'Claudiashein']",[]
49,es,1438905412376424448,591361197, AngieCarrilloE  EmbajadorQBP  Claudiashein Imag√≠nense aqu√≠ en Quer√©taro a los de 30 a√±os apenas los vacunaron    Y es gobierno Panista que se supone est√° m√°s al pendiente de la gente sin olvidar que aqu√≠ se envasa una de las vacunas ,1439099117326712834,False, AngieCarrilloE  EmbajadorQBP  Claudiashein Imag√≠nense aqu√≠ en Quer√©taro a los de 30 a√±os apenas los vacunaron    Y es gobierno Panista que se supone est√° m√°s al pendiente de la gente sin olvidar que aqu√≠ se envasa una de las vacunas ,2021-09-18T05:29:01.000Z,Mexico,@AngieCarrilloE @EmbajadorQBP @Claudiashein Imag√≠nense aqu√≠ en Quer√©taro a los de 30 a√±os apenas los vacunaron... Y es gobierno Panista que se supone est√° m√°s al pendiente de la gente sin olvidar que aqu√≠ se envasa una de las vacunas ü§∑üèª‚Äç‚ôÇÔ∏è,['ü§∑üèª\u200d‚ôÇÔ∏è'],[],"['AngieCarrilloE', 'EmbajadorQBP', 'Claudiashein']",['https://t.co/YLnFohNchz']
50,es,1438905412376424448,591361197, Claudiashein T√∫ no defiendes un ideal  t√∫ destruyes  ¬øqu√© se siente tener podrida el alma y no avanzar  Cu√°l es tu propuesta de valor par el mundo  nunca se ha escuchado tu voz    s√≥lo un peque√±o silbido que se esconde detr√°s de la falda de alguien    que triste pasar tu vida as√≠,1439098882575720448,False, Claudiashein T√∫ no defiendes un ideal  t√∫ destruyes  ¬øqu√© se siente tener podrida el alma y no avanzar  Cu√°l es tu propuesta de valor par el mundo  nunca se ha escuchado tu voz    s√≥lo un peque√±o silbido que se esconde detr√°s de la falda de alguien    que triste pasar tu vida as√≠,2021-09-18T05:28:05.000Z,Mexico,"@Claudiashein T√∫ no defiendes un ideal, t√∫ destruyes, ¬øqu√© se siente tener podrida el alma y no avanzar? Cu√°l es tu propuesta de valor par el mundo, nunca se ha escuchado tu voz... s√≥lo un peque√±o silbido que se esconde detr√°s de la falda de alguien... que triste pasar tu vida as√≠",[],[],['Claudiashein'],['https://t.co/ozQG6Imyt4']
51,es,1438873580100534278,591361197, Claudiashein  Congreso CdMex  Capital 21 Las mentiras avanzan,1439200520653127680,False, Claudiashein  Congreso CdMex  Capital 21 Las mentiras avanzan,2021-09-18T12:11:57.000Z,Mexico,@Claudiashein @Congreso_CdMex @Capital_21 Las mentiras avanzan,[],[],"['Claudiashein', 'Congreso_CdMex', 'Capital_21']",[]
52,es,1438873580100534278,591361197, Claudiashein  Congreso CdMex  Capital 21 Apoco  Que gran forma de o√≠r pura estupidez y perder el tiempo  justo como los circos que da el todas las ma√±anas  que flojera,1439052866518388737,False, Claudiashein  Congreso CdMex  Capital 21 Apoco  Que gran forma de o√≠r pura estupidez y perder el tiempo  justo como los circos que da el todas las ma√±anas  que flojera,2021-09-18T02:25:14.000Z,Mexico,"@Claudiashein @Congreso_CdMex @Capital_21 Apoco? Que gran forma de o√≠r pura estupidez y perder el tiempo, justo como los circos que da elüí©üí© todas las ma√±anas, que flojera",['üí©'],[],"['Claudiashein', 'Congreso_CdMex', 'Capital_21']",['https://t.co/4vWkVAPNFe']
53,es,1438873580100534278,591361197, Claudiashein  Congreso CdMex  Capital 21 Para que sirve denunciar  Predio 5178 Perif√©rico Sur COYOACAN vecinos no aceptar√°n m√°s Megaconstrucciones ILEGALESDenunciado el 11 agosto del 2020  en la ma√±anera a   lopezobrador   Sin recibir ayuda https   t co gW3dcqFCwe,1439020254655623169,False, Claudiashein  Congreso CdMex  Capital 21 Para que sirve denunciar  Predio 5178 Perif√©rico Sur COYOACAN vecinos no aceptar√°n m√°s Megaconstrucciones ILEGALESDenunciado el 11 agosto del 2020  en la ma√±anera a   lopezobrador   Sin recibir ayuda https   t co gW3dcqFCwe,2021-09-18T00:15:39.000Z,Mexico,"@Claudiashein @Congreso_CdMex @Capital_21 Para que sirve denunciar? 
Predio 5178 Perif√©rico Sur COYOACAN vecinos no aceptar√°n m√°s Megaconstrucciones ILEGALES
Denunciado el 11 agosto del 2020  en la ma√±anera a  @lopezobrador_  
Sin recibir ayuda https://t.co/gW3dcqFCwe",[],[],"['Claudiashein', 'Congreso_CdMex', 'Capital_21']",['https://t.co/4fnHzJROwc']
54,es,1438873580100534278,591361197, Claudiashein  Congreso CdMex  Capital 21 Y vas a informar cuando detienen a Ebrard por la l√≠nea 12 ,1438948656816824330,False, Claudiashein  Congreso CdMex  Capital 21 Y vas a informar cuando detienen a Ebrard por la l√≠nea 12 ,2021-09-17T19:31:08.000Z,Mexico,@Claudiashein @Congreso_CdMex @Capital_21 Y vas a informar cuando detienen a Ebrard por la l√≠nea 12?,[],[],"['Claudiashein', 'Congreso_CdMex', 'Capital_21']",[]
55,es,1438873580100534278,591361197, Claudiashein  Congreso CdMex  Capital 21  Claudiashein la mejor jefa de gobierno    ,1438942199744507908,False, Claudiashein  Congreso CdMex  Capital 21  Claudiashein la mejor jefa de gobierno    ,2021-09-17T19:05:29.000Z,Mexico,@Claudiashein @Congreso_CdMex @Capital_21 @Claudiashein la mejor jefa de gobierno... ‚ù§Ô∏è,['‚ù§Ô∏è'],[],"['Claudiashein', 'Congreso_CdMex', 'Capital_21', 'Claudiashein']",[]
56,es,1438873580100534278,591361197, Claudiashein  julioc moreno  Congreso CdMex  Capital 21 Dra  Claudia Shembaum Jefa de Gobierno  CDMX  https   t co CR6cRGcUEz,1438935974168436747,False, Claudiashein  julioc moreno  Congreso CdMex  Capital 21 Dra  Claudia Shembaum Jefa de Gobierno  CDMX  https   t co CR6cRGcUEz,2021-09-17T18:40:45.000Z,Mexico,"@Claudiashein @julioc_moreno @Congreso_CdMex @Capital_21 Dra. Claudia Shembaum 
Jefa de Gobierno  CDMX. https://t.co/CR6cRGcUEz",[],[],"['Claudiashein', 'julioc_moreno', 'Congreso_CdMex', 'Capital_21']",[]
57,es,1438873580100534278,591361197, Claudiashein  Congreso CdMex  Capital 21 Informe pitero  ,1438930614883917824,False, Claudiashein  Congreso CdMex  Capital 21 Informe pitero  ,2021-09-17T18:19:27.000Z,Mexico,@Claudiashein @Congreso_CdMex @Capital_21 Informe pitero!!,[],[],"['Claudiashein', 'Congreso_CdMex', 'Capital_21']",[]
58,es,1438873580100534278,591361197, Claudiashein  Congreso CdMex  Capital 21 Presidenta       ,1438930107939401730,False, Claudiashein  Congreso CdMex  Capital 21 Presidenta       ,2021-09-17T18:17:26.000Z,Mexico,@Claudiashein @Congreso_CdMex @Capital_21 Presidenta !!!!!!,[],[],"['Claudiashein', 'Congreso_CdMex', 'Capital_21']",[]
59,es,1438873580100534278,591361197, hhh541112  Claudiashein  Congreso CdMex  Capital 21 Que nos dice tu mam√° de tener un chairo mediocre e imb√©cil como tu  Se feliz con las croquetas que te avientan  Y que tiene que ver vox en esto  ,1438918033582534659,False, hhh541112  Claudiashein  Congreso CdMex  Capital 21 Que nos dice tu mam√° de tener un chairo mediocre e imb√©cil como tu  Se feliz con las croquetas que te avientan  Y que tiene que ver vox en esto  ,2021-09-17T17:29:27.000Z,Mexico,@hhh541112 @Claudiashein @Congreso_CdMex @Capital_21 Que nos dice tu mam√° de tener un chairo mediocre e imb√©cil como tu? Se feliz con las croquetas que te avientan. Y que tiene que ver vox en esto??,[],[],"['hhh541112', 'Claudiashein', 'Congreso_CdMex', 'Capital_21']",['https://t.co/YDv0hs5wkZ']
60,es,1438873580100534278,591361197, XavExiga  Claudiashein  Congreso CdMex  Capital 21  BJAlcaldia  AccionNacional A lo wey es no saber que los permisos NO son de la alcald√≠a el uso de suelo viene del gobierno   Hay chairo,1438917620841992198,False, XavExiga  Claudiashein  Congreso CdMex  Capital 21  BJAlcaldia  AccionNacional A lo wey es no saber que los permisos NO son de la alcald√≠a el uso de suelo viene del gobierno   Hay chairo,2021-09-17T17:27:49.000Z,Mexico,@XavExiga @Claudiashein @Congreso_CdMex @Capital_21 @BJAlcaldia @AccionNacional A lo wey es no saber que los permisos NO son de la alcald√≠a el uso de suelo viene del gobierno üôÑüôÑ. Hay chairo,['üôÑ'],[],"['XavExiga', 'Claudiashein', 'Congreso_CdMex', 'Capital_21', 'BJAlcaldia', 'AccionNacional']",['https://t.co/JNYAqoVI4R']
61,es,1438873580100534278,591361197, miloabri  miribe16  Claudiashein  Congreso CdMex  Capital 21  BJAlcaldia  AccionNacional Jajajaja ni a cual irle  vive tu vida cegado  bendiciones ,1438910539393024004,False, miloabri  miribe16  Claudiashein  Congreso CdMex  Capital 21  BJAlcaldia  AccionNacional Jajajaja ni a cual irle  vive tu vida cegado  bendiciones ,2021-09-17T16:59:40.000Z,Mexico,"@miloabri @miribe16 @Claudiashein @Congreso_CdMex @Capital_21 @BJAlcaldia @AccionNacional Jajajaja ni a cual irle, vive tu vida cegado, bendiciones.",[],[],"['miloabri', 'miribe16', 'Claudiashein', 'Congreso_CdMex', 'Capital_21', 'BJAlcaldia', 'AccionNacional']",['https://t.co/LcoX0v9bNk']
62,es,1438873580100534278,591361197, Claudiashein  vromog  Congreso CdMex  Capital 21 Puras mentiras cobra  110 mil y cl√°sico de los de  morena piensa que es una pensi√≥n que le paga el pueblo,1438906273920061442,False, Claudiashein  vromog  Congreso CdMex  Capital 21 Puras mentiras cobra  110 mil y cl√°sico de los de  morena piensa que es una pensi√≥n que le paga el pueblo,2021-09-17T16:42:43.000Z,Mexico,@Claudiashein @vromog @Congreso_CdMex @Capital_21 Puras mentiras cobra $110 mil y cl√°sico de los de #morena piensa que es una pensi√≥n que le paga el pueblo,[],['morena'],"['Claudiashein', 'vromog', 'Congreso_CdMex', 'Capital_21']",['https://t.co/a95J3R6SNH']
63,es,1438873580100534278,591361197, Claudiashein  Congreso CdMex  Capital 21 Espero informes si ya est√°n en la C√ÅRCEL LOS RESPONSABLES DE LA L√çNEA 12 ,1438905345775005696,False, Claudiashein  Congreso CdMex  Capital 21 Espero informes si ya est√°n en la C√ÅRCEL LOS RESPONSABLES DE LA L√çNEA 12 ,2021-09-17T16:39:02.000Z,Mexico,@Claudiashein @Congreso_CdMex @Capital_21 Espero informes si ya est√°n en la C√ÅRCEL LOS RESPONSABLES DE LA L√çNEA 12.,[],[],"['Claudiashein', 'Congreso_CdMex', 'Capital_21']",[]
64,es,1438873580100534278,591361197, XavExiga  miribe16  Claudiashein  Congreso CdMex  Capital 21  BJAlcaldia  AccionNacional Jajajajjaja la corrupci√≥n inmobiliaria empez√≥ desde que Obrador fue jefe de gobierno y hoy se re confirma la posici√≥n corrupta de la 4T para generar m√°s dinero para su campa√±a pol√≠tica con la reciente noticia de que esta vieja inepta  decidi√≥ eliminar las clausuras y suspensiones,1438904700259246080,False, XavExiga  miribe16  Claudiashein  Congreso CdMex  Capital 21  BJAlcaldia  AccionNacional Jajajajjaja la corrupci√≥n inmobiliaria empez√≥ desde que Obrador fue jefe de gobierno y hoy se re confirma la posici√≥n corrupta de la 4T para generar m√°s dinero para su campa√±a pol√≠tica con la reciente noticia de que esta vieja inepta  decidi√≥ eliminar las clausuras y suspensiones,2021-09-17T16:36:28.000Z,Mexico,"@XavExiga @miribe16 @Claudiashein @Congreso_CdMex @Capital_21 @BJAlcaldia @AccionNacional Jajajajjaja la corrupci√≥n inmobiliaria empez√≥ desde que Obrador fue jefe de gobierno y hoy se re confirma la posici√≥n corrupta de la 4T para generar m√°s dinero para su campa√±a pol√≠tica,con la reciente noticia de que esta vieja inepta, decidi√≥ eliminar las clausuras y suspensiones",[],[],"['XavExiga', 'miribe16', 'Claudiashein', 'Congreso_CdMex', 'Capital_21', 'BJAlcaldia', 'AccionNacional']",['https://t.co/iH87CAqUsW']
65,es,1438873580100534278,591361197, Claudiashein  Congreso CdMex  Capital 21 L√≠nea 12  porra desgraciada ,1438904074901106697,False, Claudiashein  Congreso CdMex  Capital 21 L√≠nea 12  porra desgraciada ,2021-09-17T16:33:59.000Z,Mexico,"@Claudiashein @Congreso_CdMex @Capital_21 L√≠nea 12, porra desgraciada.",[],[],"['Claudiashein', 'Congreso_CdMex', 'Capital_21']",[]
66,es,1438873580100534278,591361197, achilpamarquez  Claudiashein  julioc moreno  Congreso CdMex  Capital 21 Se dice lamebotas  boot  chairo o simplemente Muerte cerebral a quien escribe esto ,1438903680925847555,False, achilpamarquez  Claudiashein  julioc moreno  Congreso CdMex  Capital 21 Se dice lamebotas  boot  chairo o simplemente Muerte cerebral a quien escribe esto ,2021-09-17T16:32:25.000Z,Mexico,"@achilpamarquez @Claudiashein @julioc_moreno @Congreso_CdMex @Capital_21 Se dice lamebotas, boot, chairo o simplemente Muerte cerebral,a quien escribe esto?",[],[],"['achilpamarquez', 'Claudiashein', 'julioc_moreno', 'Congreso_CdMex', 'Capital_21']",['https://t.co/hCHLnUargn']
67,es,1438873580100534278,591361197, Claudiashein  Congreso CdMex  Capital 21 Sra cuando van a dejar de arruinar al comercio que est√° cerca del z√≥calo con sus vallas y cierres de paso   no se vale,1438903527238164482,False, Claudiashein  Congreso CdMex  Capital 21 Sra cuando van a dejar de arruinar al comercio que est√° cerca del z√≥calo con sus vallas y cierres de paso   no se vale,2021-09-17T16:31:49.000Z,Mexico,"@Claudiashein @Congreso_CdMex @Capital_21 Sra cuando van a dejar de arruinar al comercio que est√° cerca del z√≥calo con sus vallas y cierres de paso , no se vale",[],[],"['Claudiashein', 'Congreso_CdMex', 'Capital_21']",['https://t.co/e9DQZHt7BA']
68,es,1438873580100534278,591361197, miribe16  Claudiashein  Congreso CdMex  Capital 21 No hables a lo wey  el 80  de la construcci√≥n se ha dado en  BJAlcaldia  del  AccionNacional permisos ba√±ados de corrupci√≥n y sin cumplir el reglamento de la cdmx para la edificaci√≥n contra sismos https   t co PHfE2HeSpM,1438902895651471365,False, miribe16  Claudiashein  Congreso CdMex  Capital 21 No hables a lo wey  el 80  de la construcci√≥n se ha dado en  BJAlcaldia  del  AccionNacional permisos ba√±ados de corrupci√≥n y sin cumplir el reglamento de la cdmx para la edificaci√≥n contra sismos https   t co PHfE2HeSpM,2021-09-17T16:29:18.000Z,Mexico,"@miribe16 @Claudiashein @Congreso_CdMex @Capital_21 No hables a lo wey, el 80% de la construcci√≥n se ha dado en @BJAlcaldia  del @AccionNacional permisos ba√±ados de corrupci√≥n y sin cumplir el reglamento de la cdmx para la edificaci√≥n contra sismos.
https://t.co/PHfE2HeSpM",[],[],"['miribe16', 'Claudiashein', 'Congreso_CdMex', 'Capital_21']",['https://t.co/r88Lt4UleM']
69,es,1438873580100534278,591361197, Claudiashein  Congreso CdMex  Capital 21 ¬øVas a informar de los fallecimientos de la l√≠nea 12  de tus sem√°foros amarillos y verdes con tonalidad de rojo y que llev√≥ al colapso en diciembre enero  ¬øO ser√° una informe feliz  feliz ,1438901776099446788,False, Claudiashein  Congreso CdMex  Capital 21 ¬øVas a informar de los fallecimientos de la l√≠nea 12  de tus sem√°foros amarillos y verdes con tonalidad de rojo y que llev√≥ al colapso en diciembre enero  ¬øO ser√° una informe feliz  feliz ,2021-09-17T16:24:51.000Z,Mexico,"@Claudiashein @Congreso_CdMex @Capital_21 ¬øVas a informar de los fallecimientos de la l√≠nea 12, de tus sem√°foros amarillos y verdes con tonalidad de rojo y que llev√≥ al colapso en diciembre-enero? ¬øO ser√° una informe feliz, feliz?",[],[],"['Claudiashein', 'Congreso_CdMex', 'Capital_21']",['https://t.co/ug4tvf6Fdh']
70,es,1438873580100534278,591361197, Claudiashein  Congreso CdMex  Capital 21 Lo mejor de lo m Jor para usted distinguida se√±ora,1438901314579218440,False, Claudiashein  Congreso CdMex  Capital 21 Lo mejor de lo m Jor para usted distinguida se√±ora,2021-09-17T16:23:01.000Z,Mexico,@Claudiashein @Congreso_CdMex @Capital_21 Lo mejor de lo m Jor para usted distinguida se√±ora,[],[],"['Claudiashein', 'Congreso_CdMex', 'Capital_21']",[]
71,es,1438873580100534278,591361197, Claudiashein  Congreso CdMex  Capital 21 Te dio permiso el amo de informar ,1438900862848471044,False, Claudiashein  Congreso CdMex  Capital 21 Te dio permiso el amo de informar ,2021-09-17T16:21:13.000Z,Mexico,@Claudiashein @Congreso_CdMex @Capital_21 Te dio permiso el amo de informar?,[],[],"['Claudiashein', 'Congreso_CdMex', 'Capital_21']",[]
72,es,1438873580100534278,591361197, Claudiashein  Congreso CdMex  Capital 21 Qu√© hay de positivo en tu informe Qu√© La tragedia qu√© ocasionaste ha quedado impune  https   t co sq2U2EejNY,1438899983827275780,False, Claudiashein  Congreso CdMex  Capital 21 Qu√© hay de positivo en tu informe Qu√© La tragedia qu√© ocasionaste ha quedado impune  https   t co sq2U2EejNY,2021-09-17T16:17:44.000Z,Mexico,@Claudiashein @Congreso_CdMex @Capital_21 Qu√© hay de positivo en tu informe Qu√© La tragedia qu√© ocasionaste ha quedado impune? https://t.co/sq2U2EejNY,[],[],"['Claudiashein', 'Congreso_CdMex', 'Capital_21']",['https://t.co/zVeHOBEFJU']
73,es,1438873580100534278,591361197, Claudiashein  Congreso CdMex  Capital 21 Puras pinches mentiras como el de su suegro el cacas,1438899898255085568,False, Claudiashein  Congreso CdMex  Capital 21 Puras pinches mentiras como el de su suegro el cacas,2021-09-17T16:17:23.000Z,Mexico,@Claudiashein @Congreso_CdMex @Capital_21 Puras pinches mentiras como el de su suegro el cacas,[],[],"['Claudiashein', 'Congreso_CdMex', 'Capital_21']",[]
74,es,1438873580100534278,591361197, Claudiashein  Congreso CdMex  Capital 21 Gracias  esperamos ver a gente en la carcel por l LINEA 12      ,1438899850096091147,False, Claudiashein  Congreso CdMex  Capital 21 Gracias  esperamos ver a gente en la carcel por l LINEA 12      ,2021-09-17T16:17:12.000Z,Mexico,"@Claudiashein @Congreso_CdMex @Capital_21 Gracias, esperamos ver a gente en la carcel por l LINEA 12!!!!!!",[],[],"['Claudiashein', 'Congreso_CdMex', 'Capital_21']",[]
75,es,1438873580100534278,591361197, Claudiashein  Congreso CdMex  Capital 21 Sus reclamos de la caricaturesca minor√≠a baches   plaga  no bueno hay  AccionNacional dan risa  verdad buena  https   t co MNKFwCXlxC,1438899084589473792,False, Claudiashein  Congreso CdMex  Capital 21 Sus reclamos de la caricaturesca minor√≠a baches   plaga  no bueno hay  AccionNacional dan risa  verdad buena  https   t co MNKFwCXlxC,2021-09-17T16:14:09.000Z,Mexico,"@Claudiashein @Congreso_CdMex @Capital_21 Sus reclamos de la caricaturesca minor√≠a baches , plaga  no bueno hay @AccionNacional dan risa  verdad buena. https://t.co/MNKFwCXlxC",[],[],"['Claudiashein', 'Congreso_CdMex', 'Capital_21']",['https://t.co/ZaFvSrmc7P']
76,es,1421277692498952195,591361197, Claudiashein Le exijo ponga atenci√≥n a los casos de COVID en las escuelas  ya que se est√° ocultando la informaci√≥n a los padres que llevamos obligados a nuestros hijos  hay contagios por el virus  falta de insumos para limpiar  negativa por parte de la escuela para apoyar a quienes no asisten,1440189827886944257,False, Claudiashein Le exijo ponga atenci√≥n a los casos de COVID en las escuelas  ya que se est√° ocultando la informaci√≥n a los padres que llevamos obligados a nuestros hijos  hay contagios por el virus  falta de insumos para limpiar  negativa por parte de la escuela para apoyar a quienes no asisten,2021-09-21T05:43:07.000Z,Mexico,"@Claudiashein Le exijo ponga atenci√≥n a los casos de COVID en las escuelas, ya que se est√° ocultando la informaci√≥n a los padres que llevamos obligados a nuestros hijos, hay contagios por el virus, falta de insumos para limpiar, negativa por parte de la escuela para apoyar a quienes no asisten",[],[],['Claudiashein'],['https://t.co/akWrU8JgIJ']
