,tweet_lang,verified,id,tweet_text,tweet_emoticons,hashtags,mentions,tweet_urls,country,text_hi,tweet_date
0,hi,False,1440539717380952070,"#рд╡рд╕реБрдзреИрд╡_рдХреБрдЯреБрдВрдмрдХрдо рдкреНрд░рдорд╛рдгрд┐рдд рдХрд░рддреЗ рд╣реБрдП #Namo рджреНрд╡рд╛рд░рд╛ рдХреЗрд╡рд▓ #COVID19 рдЯреАрдХрд╛ рдЯреАрдХрд╛рдХрд░рдг рдХреЗрдВрджреНрд░ рдкрд░ рдЖрдкрдХреЛ рдЖрдзрд╛рд░ рдХрд╛рд░реНрдб рдХреЗ рдЕрд▓рд╛рд╡рд╛ рдХрд┐рд╕реА рдЕрдиреНрдп рдкрд╣рдЪрд╛рди рдкрддреНрд░ рдпрд╛ рдореЗрдбрд┐рдХрд▓ рд╕рд░реНрдЯрд┐рдлрд┐рдХреЗрдЯ рдХреЛ рджрд┐рдЦрд╛рдиреЗ рдХреА рдЖрд╡рд╢реНрдпрдХрддрд╛ рдирд╣реАрдВ рд╣реИред
#рд░реЛрд╣рд┐рдВрдЧреНрдпрд╛ #рдмрд╛рдВрдЧреНрд▓рд╛рджреЗрд╢реА рднреА рдЦреВрдм рд▓рдЧрд╡рд╛ рд░рд╣реЗ #рдЯреАрдХрд╛_рдЬреАрдд_рдХрд╛

#Unite2FightCorona #LargestVaccinationDrive https://t.co/7uKtpmsqnf https://t.co/Gjnwd7v96K",[],"['рд╡рд╕реБрдзреИрд╡_рдХреБрдЯреБрдВрдмрдХрдо', 'Namo', 'COVID19', 'рд░реЛрд╣рд┐рдВрдЧреНрдпрд╛', 'рдмрд╛рдВрдЧреНрд▓рд╛рджреЗрд╢реА', 'рдЯреАрдХрд╛_рдЬреАрдд_рдХрд╛', 'Unite2FightCorona', 'LargestVaccinationDrive']",[],['https://t.co/7uKtpmsqnf'],India, рд╡рд╕реБрдзреИрд╡ рдХреБрдЯреБрдВрдмрдХрдо рдкреНрд░рдорд╛рдгрд┐рдд рдХрд░рддреЗ рд╣реБрдП  Namo рджреНрд╡рд╛рд░рд╛ рдХреЗрд╡рд▓  COVID19 рдЯреАрдХрд╛ рдЯреАрдХрд╛рдХрд░рдг рдХреЗрдВрджреНрд░ рдкрд░ рдЖрдкрдХреЛ рдЖрдзрд╛рд░ рдХрд╛рд░реНрдб рдХреЗ рдЕрд▓рд╛рд╡рд╛ рдХрд┐рд╕реА рдЕрдиреНрдп рдкрд╣рдЪрд╛рди рдкрддреНрд░ рдпрд╛ рдореЗрдбрд┐рдХрд▓ рд╕рд░реНрдЯрд┐рдлрд┐рдХреЗрдЯ рдХреЛ рджрд┐рдЦрд╛рдиреЗ рдХреА рдЖрд╡рд╢реНрдпрдХрддрд╛ рдирд╣реАрдВ рд╣реИред рд░реЛрд╣рд┐рдВрдЧреНрдпрд╛  рдмрд╛рдВрдЧреНрд▓рд╛рджреЗрд╢реА рднреА рдЦреВрдм рд▓рдЧрд╡рд╛ рд░рд╣реЗ  рдЯреАрдХрд╛ рдЬреАрдд рдХрд╛ Unite2FightCorona  LargestVaccinationDrive https   t co 7uKtpmsqnf https   t co Gjnwd7v96K,2021-09-22 05:00:00
1,hi,True,1440537525127290890,"#COVID19 рдХрд╛ рдЯреАрдХрд╛ рд▓рдЧрд╡рд╛рдиреЗ рдХреЗ рд▓рд┐рдП рдЯреАрдХрд╛рдХрд░рдг рдХреЗрдВрджреНрд░ рдкрд░ рдЖрдкрдХреЛ рдЖрдзрд╛рд░ рдХрд╛рд░реНрдб рдХреЗ рдЕрд▓рд╛рд╡рд╛ рдХрд┐рд╕реА рдЕрдиреНрдп рдкрд╣рдЪрд╛рди рдкрддреНрд░ рдпрд╛ рдореЗрдбрд┐рдХрд▓ рд╕рд░реНрдЯрд┐рдлрд┐рдХреЗрдЯ рдХреЛ рджрд┐рдЦрд╛рдиреЗ рдХреА рдЖрд╡рд╢реНрдпрдХрддрд╛ рдирд╣реАрдВ рд╣реИред

 рдЖрдк рднреА рдЬрд▓реНрдж-рд╕реЗ- рдЬрд▓реНрдж рд▓рдЧрд╡рд╛рдПрдВ #рдЯреАрдХрд╛_рдЬреАрдд_рдХрд╛ред

#Unite2FightCorona #LargestVaccinationDrive",[],"['COVID19', 'рдЯреАрдХрд╛_рдЬреАрдд_рдХрд╛', 'Unite2FightCorona', 'LargestVaccinationDrive']",[],[],India, COVID19 рдХрд╛ рдЯреАрдХрд╛ рд▓рдЧрд╡рд╛рдиреЗ рдХреЗ рд▓рд┐рдП рдЯреАрдХрд╛рдХрд░рдг рдХреЗрдВрджреНрд░ рдкрд░ рдЖрдкрдХреЛ рдЖрдзрд╛рд░ рдХрд╛рд░реНрдб рдХреЗ рдЕрд▓рд╛рд╡рд╛ рдХрд┐рд╕реА рдЕрдиреНрдп рдкрд╣рдЪрд╛рди рдкрддреНрд░ рдпрд╛ рдореЗрдбрд┐рдХрд▓ рд╕рд░реНрдЯрд┐рдлрд┐рдХреЗрдЯ рдХреЛ рджрд┐рдЦрд╛рдиреЗ рдХреА рдЖрд╡рд╢реНрдпрдХрддрд╛ рдирд╣реАрдВ рд╣реИред рдЖрдк рднреА рдЬрд▓реНрдж рд╕реЗ  рдЬрд▓реНрдж рд▓рдЧрд╡рд╛рдПрдВ  рдЯреАрдХрд╛ рдЬреАрдд рдХрд╛ред Unite2FightCorona  LargestVaccinationDrive,2021-09-22 05:00:00
2,hi,False,1439936108779880453,"Patna AIIMS рдХреЗ рдиреЛрдбрд▓ рдСрдлрд┐рд╕рд░ рднреА рдХрд╣ рд░рд╣реЗ - рдЯреАрдХрд╛ рд▓рдЧрд╡рд╛ рд▓рд┐рдпрд╛ рдЗрд╕рдХрд╛ рдорддрд▓рдм рдЖрдк рдХреЛрд░реЛрдирд╛ рд╕реЗ рдЬреАрдд рдирд╣реАрдВ рдЧрдП ред рднреАрдбрд╝ рд╡рд╛рд▓реЗ рдЗрд▓рд╛рдХреЗ рдореЗрдВ рдорд╛рд╕реНрдХ рд▓рдЧрд╛рдирд╛ рдЕрдирд┐рд╡рд╛рд░реНрдп рд░рдЦреЗ, рд╣рд╛рде рдзреЛрдпреЗ рдФрд░ рджреВрд░реА рд░рдЦрдиреЗ рдХрд╛ рдХреЛрд╢рд┐рд╢ рдХрд░реЗ

@BiharHealthDept  @ngo_smart @SHSBihar @Dist_Gopalganj 
#CR4Vaccine #LargestVaccinationDrive #mahaabhiyaan https://t.co/l6mmYPrsRl",[],"['CR4Vaccine', 'LargestVaccinationDrive', 'mahaabhiyaan']","['BiharHealthDept', 'ngo_smart', 'SHSBihar', 'Dist_Gopalganj']",[],India,Patna AIIMS рдХреЗ рдиреЛрдбрд▓ рдСрдлрд┐рд╕рд░ рднреА рдХрд╣ рд░рд╣реЗ   рдЯреАрдХрд╛ рд▓рдЧрд╡рд╛ рд▓рд┐рдпрд╛ рдЗрд╕рдХрд╛ рдорддрд▓рдм рдЖрдк рдХреЛрд░реЛрдирд╛ рд╕реЗ рдЬреАрдд рдирд╣реАрдВ рдЧрдП ред рднреАрдбрд╝ рд╡рд╛рд▓реЗ рдЗрд▓рд╛рдХреЗ рдореЗрдВ рдорд╛рд╕реНрдХ рд▓рдЧрд╛рдирд╛ рдЕрдирд┐рд╡рд╛рд░реНрдп рд░рдЦреЗ  рд╣рд╛рде рдзреЛрдпреЗ рдФрд░ рджреВрд░реА рд░рдЦрдиреЗ рдХрд╛ рдХреЛрд╢рд┐рд╢ рдХрд░реЗ BiharHealthDept   ngo smart  SHSBihar  Dist Gopalganj  CR4Vaccine  LargestVaccinationDrive  mahaabhiyaan https   t co l6mmYPrsRl,2021-09-20 13:00:00
3,hi,False,1439554685392674823,рдЬрд┐рддрдиреА рднреА рдХреЛрд╢рд┐рд╢ рдХрд░рдиреА рд╣реИ рдХрд░рд▓реЛ рдЯрд┐рдХрд╛ рдореБрдлреНрдд рдореЗрдВ рджреЛ рдпрд╛ рди рджреЛ рд▓реЗрдХрд┐рди рдпреВрдкреА рдХрд╛ рд╣рд╛рд▓ рдмрдВрдЧрд╛рд▓ рд╕реЗ рдмрджрддрд░ рд╣реЛрдЧрд╛ рдЬреАрдд рдХреА рд╕реЛрдЪ рдирд┐рдХрд╛рд▓ рджреЛ рджрд┐рдорд╛рдЧ рд╕реЗред,[],[],[],[],India,рдЬрд┐рддрдиреА рднреА рдХреЛрд╢рд┐рд╢ рдХрд░рдиреА рд╣реИ рдХрд░рд▓реЛ рдЯрд┐рдХрд╛ рдореБрдлреНрдд рдореЗрдВ рджреЛ рдпрд╛ рди рджреЛ рд▓реЗрдХрд┐рди рдпреВрдкреА рдХрд╛ рд╣рд╛рд▓ рдмрдВрдЧрд╛рд▓ рд╕реЗ рдмрджрддрд░ рд╣реЛрдЧрд╛ рдЬреАрдд рдХреА рд╕реЛрдЪ рдирд┐рдХрд╛рд▓ рджреЛ рджрд┐рдорд╛рдЧ рд╕реЗред,2021-09-19 12:00:00
4,hi,False,1439145743277719553,"рдПрдХ рджрд┐рди 2.5 рдХрд░реЛрдбрд╝ рдЯреАрдХрд╛ рд▓рдЧрд╛рдирд╛ рдЖрд╕рд╛рди рдмрд╛рдд рдирд╣реАрдВ рд╣реИ!
рдпрд╣ рдПрдХ рд╕рд╢рдХреНрдд рдФрд░ рд╕реНрд╡рд╕реНрде рднрд╛рд░рдд рдХрд╛ рд╕рдВрдХрд▓реНрдк рд╣реИ| @narendramodi @mansukhmandviya рдЬреА рдпреЗ рд╕рд┐рджреНрдзреА рдЖрдкрдХреЗ рккрлНрк░ркпрк╛рк╕рлЛ рдХреА рдЬреАрдд рд╣реИ | https://t.co/Or9k3BNXKW",[],[],"['narendramodi', 'mansukhmandviya']",[],India,рдПрдХ рджрд┐рди 2 5 рдХрд░реЛрдбрд╝ рдЯреАрдХрд╛ рд▓рдЧрд╛рдирд╛ рдЖрд╕рд╛рди рдмрд╛рдд рдирд╣реАрдВ рд╣реИ рдпрд╣ рдПрдХ рд╕рд╢рдХреНрдд рдФрд░ рд╕реНрд╡рд╕реНрде рднрд╛рд░рдд рдХрд╛ рд╕рдВрдХрд▓реНрдк рд╣реИ   narendramodi  mansukhmandviya рдЬреА рдпреЗ рд╕рд┐рджреНрдзреА рдЖрдкрдХреЗ рккрлНрк░ркпрк╛рк╕рлЛ рдХреА рдЬреАрдд рд╣реИ   https   t co Or9k3BNXKW,2021-09-18 09:00:00
5,hi,False,1439094692814077954,"@RahulGandhi рдкрд╣рд▓реА рдмрд╛рдд.. рдкреАрдПрдо рдореЛрджреА рдЬреА рдХреЗ рдЬрдиреНрдорджрд┐рди рдкрд░ рджреЗрд╢ рдХреЗ 2.5 рдХрд░реЛрдбрд╝ рд▓реЛрдЧреЛрдВ рдХрд╛ рдЯреАрдХрд╛рдХрд░рдг рд╣реБрдЖ рд╣реИ, рдЭреВрдард╛ рдЖрдВрдХрдбрд╝рд╛ рдордд рджрд┐рдЦрд╛рдУ... 
рджреВрд╕рд░реА рдмрд╛рдд.. рдЕрдЧрд░ рддреБрдо рд▓реЛрдЧ рдЕрдкрдирд╛ рд╡рд┐рдХрд╛рд╕ рд╡рд┐рд░реЛрдзреА рдПрдЬреЗрдВрдбрд╝рд╛ рдЫреЛрдбрд╝рдХрд░ рджреЗрд╢рд╣рд┐рдд рдореЗрдВ рд▓рдЧ рдЬрд╛рдУ рддреЛ рдкреНрд░рддрд┐рджрд┐рди рдЗрд╕рд╕реЗ рдХрд╣реАрдВ рдЬреНрдпрд╛рджрд╛ рд▓реЛрдЧреЛрдВ рдХреЛ рдЬреАрдд рдХрд╛ рдЯреАрдХрд╛ рд▓рдЧ рд╕рдХрддрд╛ рд╣реИред  рд╕рдордЭреЗ рдкрдкреНрдкреВред https://t.co/vaDLiGCNQF",[],[],['RahulGandhi'],[],India, RahulGandhi рдкрд╣рд▓реА рдмрд╛рдд   рдкреАрдПрдо рдореЛрджреА рдЬреА рдХреЗ рдЬрдиреНрдорджрд┐рди рдкрд░ рджреЗрд╢ рдХреЗ 2 5 рдХрд░реЛрдбрд╝ рд▓реЛрдЧреЛрдВ рдХрд╛ рдЯреАрдХрд╛рдХрд░рдг рд╣реБрдЖ рд╣реИ  рдЭреВрдард╛ рдЖрдВрдХрдбрд╝рд╛ рдордд рджрд┐рдЦрд╛рдУ    рджреВрд╕рд░реА рдмрд╛рдд   рдЕрдЧрд░ рддреБрдо рд▓реЛрдЧ рдЕрдкрдирд╛ рд╡рд┐рдХрд╛рд╕ рд╡рд┐рд░реЛрдзреА рдПрдЬреЗрдВрдбрд╝рд╛ рдЫреЛрдбрд╝рдХрд░ рджреЗрд╢рд╣рд┐рдд рдореЗрдВ рд▓рдЧ рдЬрд╛рдУ рддреЛ рдкреНрд░рддрд┐рджрд┐рди рдЗрд╕рд╕реЗ рдХрд╣реАрдВ рдЬреНрдпрд╛рджрд╛ рд▓реЛрдЧреЛрдВ рдХреЛ рдЬреАрдд рдХрд╛ рдЯреАрдХрд╛ рд▓рдЧ рд╕рдХрддрд╛ рд╣реИред  рд╕рдордЭреЗ рдкрдкреНрдкреВред https   t co vaDLiGCNQF,2021-09-18 05:00:00
6,hi,False,1438886144112939014,рд╕реБрд▓реНрддрд╛рдирдкреБрд░/рд▓рдореНрднреБрдЖ рдЬрдиреНрдорджрд┐рди рдкрд░ рдкреИрд░реЛрдВ рддрд▓реЗ рдХреБрдЪрд▓рд╛ рдЬрд╛ рд░рд╣рд╛ рдкреАрдПрдо рдореЛрджреА рдХрд╛ рдЪрд┐рддреНрд░ рдмреНрд▓реЙрдХ рдХреЗ рд▓рд╛рднрд╛рд░реНрдереА рдорд┐рд▓рди рдХреЗрдиреНрджреНрд░ рдореЗрдВ рд░рдЦрд╛ рдЬреАрдд рдХрд╛ рдЯреАрдХрд╛ рдХрд╛ рдмреИрдирд░ рд╕реНрд╡рдпрдВ рд╕рд╣рд╛рдпрддрд╛ рд╕рдореВрд╣ рдХреА рдорд╣рд┐рд▓рд╛рдУрдВ рдХрд╛ рдЦрд╛рддрд╛ рдЦреЛрд▓рдиреЗ рдкрд╣реБрдБрдЪреЗ рдмреИрдВрдХ рдЕрдлрд╕рд░ рд╕реНрд╡рд╛рд╕реНрдереНрдп рд╡рд┐рднрд╛рдЧ рдиреЗ рдЭрд╛рдбрд╝рд╛ рдкрд▓реНрд▓рд╛ рдХрд╣рд╛ рдореБрдЭрд╕реЗ рдирд╣реАрдВ рд╣реИ рдмреИрдирд░ рдХрд╛ рдирд╛рддрд╛ @myogiadityanath @PMOIndia https://t.co/UD5SKvMZzh,[],[],"['myogiadityanath', 'PMOIndia']",[],India,рд╕реБрд▓реНрддрд╛рдирдкреБрд░ рд▓рдореНрднреБрдЖ рдЬрдиреНрдорджрд┐рди рдкрд░ рдкреИрд░реЛрдВ рддрд▓реЗ рдХреБрдЪрд▓рд╛ рдЬрд╛ рд░рд╣рд╛ рдкреАрдПрдо рдореЛрджреА рдХрд╛ рдЪрд┐рддреНрд░ рдмреНрд▓реЙрдХ рдХреЗ рд▓рд╛рднрд╛рд░реНрдереА рдорд┐рд▓рди рдХреЗрдиреНрджреНрд░ рдореЗрдВ рд░рдЦрд╛ рдЬреАрдд рдХрд╛ рдЯреАрдХрд╛ рдХрд╛ рдмреИрдирд░ рд╕реНрд╡рдпрдВ рд╕рд╣рд╛рдпрддрд╛ рд╕рдореВрд╣ рдХреА рдорд╣рд┐рд▓рд╛рдУрдВ рдХрд╛ рдЦрд╛рддрд╛ рдЦреЛрд▓рдиреЗ рдкрд╣реБрдБрдЪреЗ рдмреИрдВрдХ рдЕрдлрд╕рд░ рд╕реНрд╡рд╛рд╕реНрдереНрдп рд╡рд┐рднрд╛рдЧ рдиреЗ рдЭрд╛рдбрд╝рд╛ рдкрд▓реНрд▓рд╛ рдХрд╣рд╛ рдореБрдЭрд╕реЗ рдирд╣реАрдВ рд╣реИ рдмреИрдирд░ рдХрд╛ рдирд╛рддрд╛  myogiadityanath  PMOIndia https   t co UD5SKvMZzh,2021-09-17 15:00:00
7,hi,False,1438869344449032194,"#MereParivarKaTikakaran
@Baagi_Ballia_ 
@TanushiKaranwa
@Microsoft 
@jeevanpradataF 
рдЖрдЬ рджреЗрд╢ рдореЗрдВ рдХреЛрд░реЛрдирд╛ рдХреЗ рдЦрд┐рд▓рд╛рдлрд╝ рджреБрдирд┐рдпрд╛ рдХреЗ рд╕рдмрд╕реЗ рдмрдбрд╝реЗ рдЯреАрдХрд╛рдХрд░рдг рдЕрднрд┐рдпрд╛рди рдХреА рд╢реБрд░реВрдЖрдд рд╣реЛ рд░рд╣реА рд╣реИредрдЙрдореНрдореАрджреЛрдВ рдХрд╛ рдЯреАрдХрд╛рднрд░реЛрд╕реЗ рдХрд╛ рдЯреАрдХрд╛
рд╕рдВрдШрд░реНрд╖ рднрд░реА рдЬреАрдд рдХрд╛ рдЯреАрдХрд╛рдЕрддреАрдд рдХреЗ рд╕реНрдорд░рдг рдХрд╛ рдЯреАрдХрд╛ рднрд╡рд┐рд╖реНрдп рдХреЛ рд╕рдВрд╡рд╛рд░рдиреЗ рдХрд╛ рдЯреАрдХрд╛ЁЯЩПЁЯЩП https://t.co/GQeAMIE8cw",['ЁЯЩП'],['MereParivarKaTikakaran'],"['Baagi_Ballia_', 'Microsoft', 'jeevanpradataF']",[],India, MereParivarKaTikakaran Baagi Ballia   TanushiKaranwa Microsoft  jeevanpradataF рдЖрдЬ рджреЗрд╢ рдореЗрдВ рдХреЛрд░реЛрдирд╛ рдХреЗ рдЦрд┐рд▓рд╛рдлрд╝ рджреБрдирд┐рдпрд╛ рдХреЗ рд╕рдмрд╕реЗ рдмрдбрд╝реЗ рдЯреАрдХрд╛рдХрд░рдг рдЕрднрд┐рдпрд╛рди рдХреА рд╢реБрд░реВрдЖрдд рд╣реЛ рд░рд╣реА рд╣реИредрдЙрдореНрдореАрджреЛрдВ рдХрд╛ рдЯреАрдХрд╛рднрд░реЛрд╕реЗ рдХрд╛ рдЯреАрдХрд╛рд╕рдВрдШрд░реНрд╖ рднрд░реА рдЬреАрдд рдХрд╛ рдЯреАрдХрд╛рдЕрддреАрдд рдХреЗ рд╕реНрдорд░рдг рдХрд╛ рдЯреАрдХрд╛ рднрд╡рд┐рд╖реНрдп рдХреЛ рд╕рдВрд╡рд╛рд░рдиреЗ рдХрд╛ рдЯреАрдХрд╛ https   t co GQeAMIE8cw,2021-09-17 14:00:00
8,hi,False,1438568963294711827,"рдиреЛрдПрдбрд╛ рдорд╣рд╛рдирдЧрд░ рдХреЗ рдЬрдирдкреНрд░рддрд┐рдирд┐рдзрд┐, рд▓реЛрдХрдкреНрд░рд┐рдп рд╡рд┐рдзрд╛рдпрдХ @PankajSinghBJP рдХреЗ рдкреНрд░рдпрд╛рд╕ рд╕реЗ рдХреЛрд╡рд┐рдб рд╡реИрдХреНрд╕реАрдиреЗрд╢рди рд╡рд┐рдзрд╡рдд рддрд░реАрдХреЗ рд╕реЗ рдЪрд▓ рд░рд╣рд╛ рд╣реИ рд╕рднреА рд╕реЗ рдирд┐рд╡реЗрджрди рд╣реИ рдХрд┐ рдЬрд┐рдиреНрд╣реЛрдВрдиреЗ рд╡реИрдХреНрд╕реАрдиреЗрд╢рди рдЕрднреА рддрдХ рдирд╣реАрдВ рдХрд░рд╡рд╛рдпрд╛рд╣реИ рд╡рд╣ рднреА рдЬреАрдд рдХрд╛ рдЯреАрдХрд╛ рдЬрд░реВрд░ рд▓рдЧрд╡рд╛рдпреЗрдВ @Manojguptabjp @ganeshjatavbjp @shivansh_sh https://t.co/QHOmU4mjPk",[],[],"['PankajSinghBJP', 'Manojguptabjp', 'ganeshjatavbjp', 'shivansh_sh']",[],India,рдиреЛрдПрдбрд╛ рдорд╣рд╛рдирдЧрд░ рдХреЗ рдЬрдирдкреНрд░рддрд┐рдирд┐рдзрд┐  рд▓реЛрдХрдкреНрд░рд┐рдп рд╡рд┐рдзрд╛рдпрдХ  PankajSinghBJP рдХреЗ рдкреНрд░рдпрд╛рд╕ рд╕реЗ рдХреЛрд╡рд┐рдб рд╡реИрдХреНрд╕реАрдиреЗрд╢рди рд╡рд┐рдзрд╡рдд рддрд░реАрдХреЗ рд╕реЗ рдЪрд▓ рд░рд╣рд╛ рд╣реИ рд╕рднреА рд╕реЗ рдирд┐рд╡реЗрджрди рд╣реИ рдХрд┐ рдЬрд┐рдиреНрд╣реЛрдВрдиреЗ рд╡реИрдХреНрд╕реАрдиреЗрд╢рди рдЕрднреА рддрдХ рдирд╣реАрдВ рдХрд░рд╡рд╛рдпрд╛рд╣реИ рд╡рд╣ рднреА рдЬреАрдд рдХрд╛ рдЯреАрдХрд╛ рдЬрд░реВрд░ рд▓рдЧрд╡рд╛рдпреЗрдВ  Manojguptabjp  ganeshjatavbjp  shivansh sh https   t co QHOmU4mjPk,2021-09-16 18:00:00
9,hi,False,1438548965469745153,"рд╡реИрдХреНрд╕реАрди рд▓рдЧрд╡рд╛рдПрдВрдЧреЗ; рдХреЛрд░реЛрдирд╛ рдХреЛ рд╣рд░рд╛рдПрдВрдЧреЗред ЁЯТЙ
#LargestVaccinationDrive 
#рдЯреАрдХрд╛_рдЬреАрдд_рдХрд╛
#IndiaFightsCorona #COVID19",['ЁЯТЙ'],"['LargestVaccinationDrive', 'рдЯреАрдХрд╛_рдЬреАрдд_рдХрд╛', 'IndiaFightsCorona', 'COVID19']",[],[],India,рд╡реИрдХреНрд╕реАрди рд▓рдЧрд╡рд╛рдПрдВрдЧреЗ  рдХреЛрд░реЛрдирд╛ рдХреЛ рд╣рд░рд╛рдПрдВрдЧреЗред  LargestVaccinationDrive  рдЯреАрдХрд╛ рдЬреАрдд рдХрд╛ IndiaFightsCorona  COVID19,2021-09-16 17:00:00
10,hi,False,1438535775600078853,"рдХреЛрд░реЛрдирд╛ рдХреЛ рд╕рд┐рдЦрд╛рдирд╛ рд╣реИ рд╕рдмрдХ
рд╡реИрдХреНрд╕реАрди рдХрд╛ рд▓реЗрдВ рд╕реБрд░рдХреНрд╖рд╛ рдХрд╡рдЪред
18+ рдЖрдпреБ рдХреЗ рд╕рднреА рд▓реЛрдЧ https://t.co/B0He3m7FhI рдкрд░ рдкрдВрдЬреАрдХрд░рдг рдХрд░ рдирд┐:рд╢реБрд▓реНрдХ рд╡реИрдХреНрд╕реАрди рдХрд╛ рд▓рд╛рдн рд▓реЗрдВред
#LargestVaccineDrive #Smart #wewin #smartcrcampaign #smartcampaigm @MoHFW_INDIA @NHMDamanDiu @myogiadityanath #рдЯреАрдХрд╛_рдЬреАрдд_рдХрд╛ https://t.co/bX1Jpzu0Oq",[],"['LargestVaccineDrive', 'Smart', 'wewin', 'smartcrcampaign', 'smartcampaigm', 'рдЯреАрдХрд╛_рдЬреАрдд_рдХрд╛']","['MoHFW_INDIA', 'NHMDamanDiu', 'myogiadityanath']",['https://t.co/B0He3m7FhI'],India,рдХреЛрд░реЛрдирд╛ рдХреЛ рд╕рд┐рдЦрд╛рдирд╛ рд╣реИ рд╕рдмрдХрд╡реИрдХреНрд╕реАрди рдХрд╛ рд▓реЗрдВ рд╕реБрд░рдХреНрд╖рд╛ рдХрд╡рдЪред18  рдЖрдпреБ рдХреЗ рд╕рднреА рд▓реЛрдЧ https   t co B0He3m7FhI рдкрд░ рдкрдВрдЬреАрдХрд░рдг рдХрд░ рдирд┐ рд╢реБрд▓реНрдХ рд╡реИрдХреНрд╕реАрди рдХрд╛ рд▓рд╛рдн рд▓реЗрдВред LargestVaccineDrive  Smart  wewin  smartcrcampaign  smartcampaigm  MoHFW INDIA  NHMDamanDiu  myogiadityanath  рдЯреАрдХрд╛ рдЬреАрдд рдХрд╛ https   t co bX1Jpzu0Oq,2021-09-16 16:00:00
11,hi,False,1438535454370906118,"рдЙрддреНрддрд░ рдкреНрд░рджреЗрд╢ рджреЗрд╢ рдореЗ рди.1
рдпреВрдкреА 9 рдХрд░реЛрдбрд╝ рд╕реЗ рдЕрдзрд┐рдХ рд╡реИрдХреНрд╕реАрди рд▓рдЧрд╛рдиреЗ рд╡рд╛рд▓рд╛ рдкрд╣рд▓рд╛ рд░рд╛рдЬреНрдп 
#рдЯреАрдХрд╛_рдЬреАрдд_рдХрд╛ 
@myogiadityanath 
@myogioffice 
@iSinghApurva 
@isinghDeepanshu https://t.co/0UyLbH03or",[],['рдЯреАрдХрд╛_рдЬреАрдд_рдХрд╛'],"['myogiadityanath', 'myogioffice', 'iSinghApurva', 'isinghDeepanshu']",[],India,рдЙрддреНрддрд░ рдкреНрд░рджреЗрд╢ рджреЗрд╢ рдореЗ рди 1рдпреВрдкреА 9 рдХрд░реЛрдбрд╝ рд╕реЗ рдЕрдзрд┐рдХ рд╡реИрдХреНрд╕реАрди рд▓рдЧрд╛рдиреЗ рд╡рд╛рд▓рд╛ рдкрд╣рд▓рд╛ рд░рд╛рдЬреНрдп  рдЯреАрдХрд╛ рдЬреАрдд рдХрд╛  myogiadityanath  myogioffice  iSinghApurva  isinghDeepanshu https   t co 0UyLbH03or,2021-09-16 16:00:00
12,hi,False,1438502401795710979,рдорд╛рдирдиреАрдп рд╕реАрдПрдо рд╢реНрд░реА рдпреЛрдЧреА рдЖрджрд┐рддреНрдпрдирд╛рде рдорд╣рд╛рд░рд╛рдЬ рдЬреА рдХреЗ рдорд╛рд░реНрдЧрджрд░реНрд╢рди рдореЗрдВ рдЙрддреНрддрд░ рдкреНрд░рджреЗрд╢ рдмрдирд╛ рд╡реИрдХреНрд╕рд┐рди рд▓рдЧрд╛рдиреЗ рд╡рд╛рд▓рд╛ рдкрд╣рд▓рд╛ рд░рд╛рдЬреНрдп рдпреВрдкреА 9рдХрд░реЛрдбрд╝ + рдбреЛрдЬ рджреЗрдиреЗ рд╡рд╛рд▓рд╛ 1 рд░рд╛рдЬреНрдп рдЯреАрдХрд╛ рдЬреАрдд рдХрд╛....@myogiadityanath  ЁЯЩПЁЯЩП https://t.co/d9u22yXWF5,['ЁЯЩП'],[],['myogiadityanath'],[],India,рдорд╛рдирдиреАрдп рд╕реАрдПрдо рд╢реНрд░реА рдпреЛрдЧреА рдЖрджрд┐рддреНрдпрдирд╛рде рдорд╣рд╛рд░рд╛рдЬ рдЬреА рдХреЗ рдорд╛рд░реНрдЧрджрд░реНрд╢рди рдореЗрдВ рдЙрддреНрддрд░ рдкреНрд░рджреЗрд╢ рдмрдирд╛ рд╡реИрдХреНрд╕рд┐рди рд▓рдЧрд╛рдиреЗ рд╡рд╛рд▓рд╛ рдкрд╣рд▓рд╛ рд░рд╛рдЬреНрдп рдпреВрдкреА 9рдХрд░реЛрдбрд╝   рдбреЛрдЬ рджреЗрдиреЗ рд╡рд╛рд▓рд╛ 1 рд░рд╛рдЬреНрдп рдЯреАрдХрд╛ рдЬреАрдд рдХрд╛     myogiadityanath   https   t co d9u22yXWF5,2021-09-16 14:00:00
13,hi,False,1438495055673630720,"ЁЯЩПтЫСя╕П рдЯреАрдХрд╛ рдЬреАрдд рдХрд╛ 
рдЙрддреНрддрд░ рдкреНрд░рджреЗрд╢ рджреЗрд╢ рдореЗрдВ рдирдВрдмрд░ 1
 рдпреВрдкреА рдмрдирд╛ 9рдХрд░реЛрдбрд╝+ рд╡реИрдХреНрд╕реАрди рд▓рдЧрд╛рдиреЗ 
рд╡рд╛рд▓рд╛ рдкрд╣рд▓рд╛ рд░рд╛рдЬреНрдп
 2022 рдореЗрдВ рдлрд┐рд░ рдПрдХ рдмрд╛рд░ рдпреЛрдЧреА рд╕рд░рдХрд╛рд░
 рдпреЛрдЧреА рд╣реИ рддреЛ рдореБрдордХрд┐рди рд╣реИ
 рд╡рд┐рдХрд╛рд╕ рдХреА рд░реАрдд, рд╕рдмрдХреА рдЬреАрдд ЁЯЩПтЫСя╕ПЁЯПе 
@vikalprs @VikasAmboli @smarodiabjp @varshneygaurav @yashtyagiup @isinghDeepanshu @BJP4HAPUR https://t.co/WiiR0gXr1G","['ЁЯЩП', 'ЁЯПе', 'тЫСя╕П']",[],"['vikalprs', 'VikasAmboli', 'smarodiabjp', 'varshneygaurav', 'yashtyagiup', 'isinghDeepanshu', 'BJP4HAPUR']",[],India, рдЯреАрдХрд╛ рдЬреАрдд рдХрд╛ рдЙрддреНрддрд░ рдкреНрд░рджреЗрд╢ рджреЗрд╢ рдореЗрдВ рдирдВрдмрд░ 1 рдпреВрдкреА рдмрдирд╛ 9рдХрд░реЛрдбрд╝  рд╡реИрдХреНрд╕реАрди рд▓рдЧрд╛рдиреЗ рд╡рд╛рд▓рд╛ рдкрд╣рд▓рд╛ рд░рд╛рдЬреНрдп 2022 рдореЗрдВ рдлрд┐рд░ рдПрдХ рдмрд╛рд░ рдпреЛрдЧреА рд╕рд░рдХрд╛рд░ рдпреЛрдЧреА рд╣реИ рддреЛ рдореБрдордХрд┐рди рд╣реИ рд╡рд┐рдХрд╛рд╕ рдХреА рд░реАрдд  рд╕рдмрдХреА рдЬреАрдд   vikalprs  VikasAmboli  smarodiabjp  varshneygaurav  yashtyagiup  isinghDeepanshu  BJP4HAPUR https   t co WiiR0gXr1G,2021-09-16 13:00:00
14,hi,False,1438489835254153222,"ЁЯЩП
рдорд╛рдирдиреАрдп рд╕реАрдПрдо рд╢реНрд░реА рдпреЛрдЧреА рдЖрджрд┐рддреНрдпрдирд╛рде рдорд╣рд╛рд░рд╛рдЬ рдЬреА рдХреЗ рдорд╛рд░реНрдЧрджрд░реНрд╢рди рдореЗрдВ рдЙрддреНрддрд░ рдкреНрд░рджреЗрд╢ рдмрдирд╛ рд╡реИрдХреНрд╕рд┐рди рд▓рдЧрд╛рдиреЗ рд╡рд╛рд▓рд╛ рдкрд╣рд▓рд╛ рд░рд╛рдЬреНрдп рдпреВрдкреА 9рдХрд░реЛрдбрд╝ +рдбреЛрдЬ рджреЗрдиреЗ рд╡рд╛рд▓рд╛ 1 рд░рд╛рдЬреНрдп рдЯреАрдХрд╛ рдЬреАрдд рдХрд╛
рд╡рд┐рдХрд╛рд╕ рдХреА рд░реАрдд рд╕рдмрдХреА рдЬреАрдд ЁЯЩП https://t.co/zcIJBzL03N",['ЁЯЩП'],[],[],[],India,рдорд╛рдирдиреАрдп рд╕реАрдПрдо рд╢реНрд░реА рдпреЛрдЧреА рдЖрджрд┐рддреНрдпрдирд╛рде рдорд╣рд╛рд░рд╛рдЬ рдЬреА рдХреЗ рдорд╛рд░реНрдЧрджрд░реНрд╢рди рдореЗрдВ рдЙрддреНрддрд░ рдкреНрд░рджреЗрд╢ рдмрдирд╛ рд╡реИрдХреНрд╕рд┐рди рд▓рдЧрд╛рдиреЗ рд╡рд╛рд▓рд╛ рдкрд╣рд▓рд╛ рд░рд╛рдЬреНрдп рдпреВрдкреА 9рдХрд░реЛрдбрд╝  рдбреЛрдЬ рджреЗрдиреЗ рд╡рд╛рд▓рд╛ 1 рд░рд╛рдЬреНрдп рдЯреАрдХрд╛ рдЬреАрдд рдХрд╛рд╡рд┐рдХрд╛рд╕ рдХреА рд░реАрдд рд╕рдмрдХреА рдЬреАрдд  https   t co zcIJBzL03N,2021-09-16 13:00:00
15,hi,False,1438489571721842694,"ЁЯЩП
рдорд╛рдирдиреАрдп рд╕реАрдПрдо рд╢реНрд░реА рдпреЛрдЧреА рдЖрджрд┐рддреНрдпрдирд╛рде рдорд╣рд╛рд░рд╛рдЬ рдЬреА рдХреЗ рдорд╛рд░реНрдЧрджрд░реНрд╢рди рдореЗрдВ рдЙрддреНрддрд░ рдкреНрд░рджреЗрд╢ рдмрдирд╛ рд╡реИрдХреНрд╕рд┐рди рд▓рдЧрд╛рдиреЗ рд╡рд╛рд▓рд╛ рдкрд╣рд▓рд╛ рд░рд╛рдЬреНрдп рдпреВрдкреА 9рдХрд░реЛрдбрд╝ +рдбреЛрдЬ рджреЗрдиреЗ рд╡рд╛рд▓рд╛ 1 рд░рд╛рдЬреНрдп рдЯреАрдХрд╛ рдЬреАрдд рдХрд╛
рд╡рд┐рдХрд╛рд╢ рдХреА рд░реАрдд рд╕рдмрдХреА рдЬреАрдд ЁЯЩП https://t.co/FuHTDkF0Or",['ЁЯЩП'],[],[],[],India,рдорд╛рдирдиреАрдп рд╕реАрдПрдо рд╢реНрд░реА рдпреЛрдЧреА рдЖрджрд┐рддреНрдпрдирд╛рде рдорд╣рд╛рд░рд╛рдЬ рдЬреА рдХреЗ рдорд╛рд░реНрдЧрджрд░реНрд╢рди рдореЗрдВ рдЙрддреНрддрд░ рдкреНрд░рджреЗрд╢ рдмрдирд╛ рд╡реИрдХреНрд╕рд┐рди рд▓рдЧрд╛рдиреЗ рд╡рд╛рд▓рд╛ рдкрд╣рд▓рд╛ рд░рд╛рдЬреНрдп рдпреВрдкреА 9рдХрд░реЛрдбрд╝  рдбреЛрдЬ рджреЗрдиреЗ рд╡рд╛рд▓рд╛ 1 рд░рд╛рдЬреНрдп рдЯреАрдХрд╛ рдЬреАрдд рдХрд╛рд╡рд┐рдХрд╛рд╢ рдХреА рд░реАрдд рд╕рдмрдХреА рдЬреАрдд  https   t co FuHTDkF0Or,2021-09-16 13:00:00
16,hi,False,1438374504820998147,"рдЖрджрд░рдгреАрдп рдкреНрд░рдзрд╛рдирдордВрддреНрд░реА рд╢реНрд░реА @narendramodi рдЬреА рдХреЗ рдорд╛рд░реНрдЧрджрд░реНрд╢рди рдореЗрдВ рдЙрддреНрддрд░ рдкреНрд░рджреЗрд╢ рдореЗрдВ рдХреЛрд╡рд┐рдб рдЯреАрдХреЗ рдХреА 09 рдХрд░реЛрдбрд╝ рд╕реЗ рдЕрдзрд┐рдХ рдбреЛрдЬ рд▓рдЧрд╛рдИ рдЬрд╛ рдЪреБрдХреА рд╣реИрдВред

рдЙ.рдкреНрд░. рдЗрд╕ рдЕрддреБрд▓реНрдп рдЙрдкрд▓рдмреНрдзрд┐ рдХреЛ рдЕрд░реНрдЬрд┐рдд рдХрд░рдиреЗ рд╡рд╛рд▓рд╛ рджреЗрд╢ рдХрд╛ рдкреНрд░рдердо рд░рд╛рдЬреНрдп рд╣реИред

рдЖрдк рднреА рд▓рдЧрд╡рд╛рдХрд░ 'рдЯреАрдХрд╛ рдЬреАрдд рдХрд╛', рдЬреАрд╡рди рд╡ рдЬреАрд╡рд┐рдХрд╛ рдХреЛ рдмрдЪрд╛рдиреЗ рдХреЗ рдЗрд╕ рдорд╣рд╛рднрд┐рдпрд╛рди рдХреЛ рд╕рдлрд▓ рдмрдирд╛рдПрдВред",[],[],['narendramodi'],[],India,рдЖрджрд░рдгреАрдп рдкреНрд░рдзрд╛рдирдордВрддреНрд░реА рд╢реНрд░реА  narendramodi рдЬреА рдХреЗ рдорд╛рд░реНрдЧрджрд░реНрд╢рди рдореЗрдВ рдЙрддреНрддрд░ рдкреНрд░рджреЗрд╢ рдореЗрдВ рдХреЛрд╡рд┐рдб рдЯреАрдХреЗ рдХреА 09 рдХрд░реЛрдбрд╝ рд╕реЗ рдЕрдзрд┐рдХ рдбреЛрдЬ рд▓рдЧрд╛рдИ рдЬрд╛ рдЪреБрдХреА рд╣реИрдВредрдЙ рдкреНрд░  рдЗрд╕ рдЕрддреБрд▓реНрдп рдЙрдкрд▓рдмреНрдзрд┐ рдХреЛ рдЕрд░реНрдЬрд┐рдд рдХрд░рдиреЗ рд╡рд╛рд▓рд╛ рджреЗрд╢ рдХрд╛ рдкреНрд░рдердо рд░рд╛рдЬреНрдп рд╣реИредрдЖрдк рднреА рд▓рдЧрд╡рд╛рдХрд░  рдЯреАрдХрд╛ рдЬреАрдд рдХрд╛   рдЬреАрд╡рди рд╡ рдЬреАрд╡рд┐рдХрд╛ рдХреЛ рдмрдЪрд╛рдиреЗ рдХреЗ рдЗрд╕ рдорд╣рд╛рднрд┐рдпрд╛рди рдХреЛ рд╕рдлрд▓ рдмрдирд╛рдПрдВред,2021-09-16 05:00:00
17,hi,False,1438350706121928706,"рдЖрджрд░рдгреАрдп рдкреНрд░рдзрд╛рдирдордВрддреНрд░реА рд╢реНрд░реА @narendramodi рдЬреА рдХреЗ рдорд╛рд░реНрдЧрджрд░реНрд╢рди рдореЗрдВ рдЙрддреНрддрд░ рдкреНрд░рджреЗрд╢ рдореЗрдВ рдХреЛрд╡рд┐рдб рдЯреАрдХреЗ рдХреА 09 рдХрд░реЛрдбрд╝ рд╕реЗ рдЕрдзрд┐рдХ рдбреЛрдЬ рд▓рдЧрд╛рдИ рдЬрд╛ рдЪреБрдХреА рд╣реИрдВред

рдЙ.рдкреНрд░. рдЗрд╕ рдЕрддреБрд▓реНрдп рдЙрдкрд▓рдмреНрдзрд┐ рдХреЛ рдЕрд░реНрдЬрд┐рдд рдХрд░рдиреЗ рд╡рд╛рд▓рд╛ рджреЗрд╢ рдХрд╛ рдкреНрд░рдердо рд░рд╛рдЬреНрдп рд╣реИред

рдЖрдк рднреА рд▓рдЧрд╡рд╛рдХрд░ 'рдЯреАрдХрд╛ рдЬреАрдд рдХрд╛', рдЬреАрд╡рди рд╡ рдЬреАрд╡рд┐рдХрд╛ рдХреЛ рдмрдЪрд╛рдиреЗ рдХреЗ рдЗрд╕ рдорд╣рд╛рднрд┐рдпрд╛рди рдХреЛ рд╕рдлрд▓ рдмрдирд╛рдПрдВред",[],[],['narendramodi'],[],India,рдЖрджрд░рдгреАрдп рдкреНрд░рдзрд╛рдирдордВрддреНрд░реА рд╢реНрд░реА  narendramodi рдЬреА рдХреЗ рдорд╛рд░реНрдЧрджрд░реНрд╢рди рдореЗрдВ рдЙрддреНрддрд░ рдкреНрд░рджреЗрд╢ рдореЗрдВ рдХреЛрд╡рд┐рдб рдЯреАрдХреЗ рдХреА 09 рдХрд░реЛрдбрд╝ рд╕реЗ рдЕрдзрд┐рдХ рдбреЛрдЬ рд▓рдЧрд╛рдИ рдЬрд╛ рдЪреБрдХреА рд╣реИрдВредрдЙ рдкреНрд░  рдЗрд╕ рдЕрддреБрд▓реНрдп рдЙрдкрд▓рдмреНрдзрд┐ рдХреЛ рдЕрд░реНрдЬрд┐рдд рдХрд░рдиреЗ рд╡рд╛рд▓рд╛ рджреЗрд╢ рдХрд╛ рдкреНрд░рдердо рд░рд╛рдЬреНрдп рд╣реИредрдЖрдк рднреА рд▓рдЧрд╡рд╛рдХрд░  рдЯреАрдХрд╛ рдЬреАрдд рдХрд╛   рдЬреАрд╡рди рд╡ рдЬреАрд╡рд┐рдХрд╛ рдХреЛ рдмрдЪрд╛рдиреЗ рдХреЗ рдЗрд╕ рдорд╣рд╛рднрд┐рдпрд╛рди рдХреЛ рд╕рдлрд▓ рдмрдирд╛рдПрдВред,2021-09-16 04:00:00
18,hi,False,1438334654214406147,"рдЖрджрд░рдгреАрдп рдкреНрд░рдзрд╛рдирдордВрддреНрд░реА рд╢реНрд░реА @narendramodi рдЬреА рдХреЗ рдорд╛рд░реНрдЧрджрд░реНрд╢рди рдореЗрдВ рдЙрддреНрддрд░ рдкреНрд░рджреЗрд╢ рдореЗрдВ рдХреЛрд╡рд┐рдб рдЯреАрдХреЗ рдХреА 09 рдХрд░реЛрдбрд╝ рд╕реЗ рдЕрдзрд┐рдХ рдбреЛрдЬ рд▓рдЧрд╛рдИ рдЬрд╛ рдЪреБрдХреА рд╣реИрдВред

рдЙ.рдкреНрд░. рдЗрд╕ рдЕрддреБрд▓реНрдп рдЙрдкрд▓рдмреНрдзрд┐ рдХреЛ рдЕрд░реНрдЬрд┐рдд рдХрд░рдиреЗ рд╡рд╛рд▓рд╛ рджреЗрд╢ рдХрд╛ рдкреНрд░рдердо рд░рд╛рдЬреНрдп рд╣реИред

рдЖрдк рднреА рд▓рдЧрд╡рд╛рдХрд░ 'рдЯреАрдХрд╛ рдЬреАрдд рдХрд╛', рдЬреАрд╡рди рд╡ рдЬреАрд╡рд┐рдХрд╛ рдХреЛ рдмрдЪрд╛рдиреЗ рдХреЗ рдЗрд╕ рдорд╣рд╛рднрд┐рдпрд╛рди рдХреЛ рд╕рдлрд▓ рдмрдирд╛рдПрдВред",[],[],['narendramodi'],[],India,рдЖрджрд░рдгреАрдп рдкреНрд░рдзрд╛рдирдордВрддреНрд░реА рд╢реНрд░реА  narendramodi рдЬреА рдХреЗ рдорд╛рд░реНрдЧрджрд░реНрд╢рди рдореЗрдВ рдЙрддреНрддрд░ рдкреНрд░рджреЗрд╢ рдореЗрдВ рдХреЛрд╡рд┐рдб рдЯреАрдХреЗ рдХреА 09 рдХрд░реЛрдбрд╝ рд╕реЗ рдЕрдзрд┐рдХ рдбреЛрдЬ рд▓рдЧрд╛рдИ рдЬрд╛ рдЪреБрдХреА рд╣реИрдВредрдЙ рдкреНрд░  рдЗрд╕ рдЕрддреБрд▓реНрдп рдЙрдкрд▓рдмреНрдзрд┐ рдХреЛ рдЕрд░реНрдЬрд┐рдд рдХрд░рдиреЗ рд╡рд╛рд▓рд╛ рджреЗрд╢ рдХрд╛ рдкреНрд░рдердо рд░рд╛рдЬреНрдп рд╣реИредрдЖрдк рднреА рд▓рдЧрд╡рд╛рдХрд░  рдЯреАрдХрд╛ рдЬреАрдд рдХрд╛   рдЬреАрд╡рди рд╡ рдЬреАрд╡рд┐рдХрд╛ рдХреЛ рдмрдЪрд╛рдиреЗ рдХреЗ рдЗрд╕ рдорд╣рд╛рднрд┐рдпрд╛рди рдХреЛ рд╕рдлрд▓ рдмрдирд╛рдПрдВред,2021-09-16 03:00:00
19,hi,False,1438312837722476549,"рдЖрджрд░рдгреАрдп рдкреНрд░рдзрд╛рдирдордВрддреНрд░реА рд╢реНрд░реА @narendramodi рдЬреА рдХреЗ рдорд╛рд░реНрдЧрджрд░реНрд╢рди рдореЗрдВ рдЙрддреНрддрд░ рдкреНрд░рджреЗрд╢ рдореЗрдВ рдХреЛрд╡рд┐рдб рдЯреАрдХреЗ рдХреА 09 рдХрд░реЛрдбрд╝ рд╕реЗ рдЕрдзрд┐рдХ рдбреЛрдЬ рд▓рдЧрд╛рдИ рдЬрд╛ рдЪреБрдХреА рд╣реИрдВред

рдЙ.рдкреНрд░. рдЗрд╕ рдЕрддреБрд▓реНрдп рдЙрдкрд▓рдмреНрдзрд┐ рдХреЛ рдЕрд░реНрдЬрд┐рдд рдХрд░рдиреЗ рд╡рд╛рд▓рд╛ рджреЗрд╢ рдХрд╛ рдкреНрд░рдердо рд░рд╛рдЬреНрдп рд╣реИред

рдЖрдк рднреА рд▓рдЧрд╡рд╛рдХрд░ 'рдЯреАрдХрд╛ рдЬреАрдд рдХрд╛', рдЬреАрд╡рди рд╡ рдЬреАрд╡рд┐рдХрд╛ рдХреЛ рдмрдЪрд╛рдиреЗ рдХреЗ рдЗрд╕ рдорд╣рд╛рднрд┐рдпрд╛рди рдХреЛ рд╕рдлрд▓ рдмрдирд╛рдПрдВред https://t.co/7TUlM78pqY",[],[],['narendramodi'],['https://t.co/7TUlM78pqY'],India,рдЖрджрд░рдгреАрдп рдкреНрд░рдзрд╛рдирдордВрддреНрд░реА рд╢реНрд░реА  narendramodi рдЬреА рдХреЗ рдорд╛рд░реНрдЧрджрд░реНрд╢рди рдореЗрдВ рдЙрддреНрддрд░ рдкреНрд░рджреЗрд╢ рдореЗрдВ рдХреЛрд╡рд┐рдб рдЯреАрдХреЗ рдХреА 09 рдХрд░реЛрдбрд╝ рд╕реЗ рдЕрдзрд┐рдХ рдбреЛрдЬ рд▓рдЧрд╛рдИ рдЬрд╛ рдЪреБрдХреА рд╣реИрдВредрдЙ рдкреНрд░  рдЗрд╕ рдЕрддреБрд▓реНрдп рдЙрдкрд▓рдмреНрдзрд┐ рдХреЛ рдЕрд░реНрдЬрд┐рдд рдХрд░рдиреЗ рд╡рд╛рд▓рд╛ рджреЗрд╢ рдХрд╛ рдкреНрд░рдердо рд░рд╛рдЬреНрдп рд╣реИредрдЖрдк рднреА рд▓рдЧрд╡рд╛рдХрд░  рдЯреАрдХрд╛ рдЬреАрдд рдХрд╛   рдЬреАрд╡рди рд╡ рдЬреАрд╡рд┐рдХрд╛ рдХреЛ рдмрдЪрд╛рдиреЗ рдХреЗ рдЗрд╕ рдорд╣рд╛рднрд┐рдпрд╛рди рдХреЛ рд╕рдлрд▓ рдмрдирд╛рдПрдВред https   t co 7TUlM78pqY,2021-09-16 01:00:00
20,hi,False,1438194685688758274,"рдЖрджрд░рдгреАрдп рдкреНрд░рдзрд╛рдирдордВрддреНрд░реА рд╢реНрд░реА @narendramodi рдЬреА рдХреЗ рдорд╛рд░реНрдЧрджрд░реНрд╢рди рдореЗрдВ рдЙрддреНрддрд░ рдкреНрд░рджреЗрд╢ рдореЗрдВ рдХреЛрд╡рд┐рдб рдЯреАрдХреЗ рдХреА 09 рдХрд░реЛрдбрд╝ рд╕реЗ рдЕрдзрд┐рдХ рдбреЛрдЬ рд▓рдЧрд╛рдИ рдЬрд╛ рдЪреБрдХреА рд╣реИрдВред

рдЙ.рдкреНрд░. рдЗрд╕ рдЕрддреБрд▓реНрдп рдЙрдкрд▓рдмреНрдзрд┐ рдХреЛ рдЕрд░реНрдЬрд┐рдд рдХрд░рдиреЗ рд╡рд╛рд▓рд╛ рджреЗрд╢ рдХрд╛ рдкреНрд░рдердо рд░рд╛рдЬреНрдп рд╣реИред

рдЖрдк рднреА рд▓рдЧрд╡рд╛рдХрд░ 'рдЯреАрдХрд╛ рдЬреАрдд рдХрд╛', рдЬреАрд╡рди рд╡ рдЬреАрд╡рд┐рдХрд╛ рдХреЛ рдмрдЪрд╛рдиреЗ рдХреЗ рдЗрд╕ рдорд╣рд╛рднрд┐рдпрд╛рди рдХреЛ рд╕рдлрд▓ рдмрдирд╛рдПрдВред",[],[],['narendramodi'],[],India,рдЖрджрд░рдгреАрдп рдкреНрд░рдзрд╛рдирдордВрддреНрд░реА рд╢реНрд░реА  narendramodi рдЬреА рдХреЗ рдорд╛рд░реНрдЧрджрд░реНрд╢рди рдореЗрдВ рдЙрддреНрддрд░ рдкреНрд░рджреЗрд╢ рдореЗрдВ рдХреЛрд╡рд┐рдб рдЯреАрдХреЗ рдХреА 09 рдХрд░реЛрдбрд╝ рд╕реЗ рдЕрдзрд┐рдХ рдбреЛрдЬ рд▓рдЧрд╛рдИ рдЬрд╛ рдЪреБрдХреА рд╣реИрдВредрдЙ рдкреНрд░  рдЗрд╕ рдЕрддреБрд▓реНрдп рдЙрдкрд▓рдмреНрдзрд┐ рдХреЛ рдЕрд░реНрдЬрд┐рдд рдХрд░рдиреЗ рд╡рд╛рд▓рд╛ рджреЗрд╢ рдХрд╛ рдкреНрд░рдердо рд░рд╛рдЬреНрдп рд╣реИредрдЖрдк рднреА рд▓рдЧрд╡рд╛рдХрд░  рдЯреАрдХрд╛ рдЬреАрдд рдХрд╛   рдЬреАрд╡рди рд╡ рдЬреАрд╡рд┐рдХрд╛ рдХреЛ рдмрдЪрд╛рдиреЗ рдХреЗ рдЗрд╕ рдорд╣рд╛рднрд┐рдпрд╛рди рдХреЛ рд╕рдлрд▓ рдмрдирд╛рдПрдВред,2021-09-15 18:00:00
21,hi,False,1438189210947653632,"рдЖрджрд░рдгреАрдп рдкреНрд░рдзрд╛рдирдордВрддреНрд░реА рд╢реНрд░реА @narendramodi рдЬреА рдХреЗ рдорд╛рд░реНрдЧрджрд░реНрд╢рди рдореЗрдВ рдЙрддреНрддрд░ рдкреНрд░рджреЗрд╢ рдореЗрдВ рдХреЛрд╡рд┐рдб рдЯреАрдХреЗ рдХреА 09 рдХрд░реЛрдбрд╝ рд╕реЗ рдЕрдзрд┐рдХ рдбреЛрдЬ рд▓рдЧрд╛рдИ рдЬрд╛ рдЪреБрдХреА рд╣реИрдВред

рдЙ.рдкреНрд░. рдЗрд╕ рдЕрддреБрд▓реНрдп рдЙрдкрд▓рдмреНрдзрд┐ рдХреЛ рдЕрд░реНрдЬрд┐рдд рдХрд░рдиреЗ рд╡рд╛рд▓рд╛ рджреЗрд╢ рдХрд╛ рдкреНрд░рдердо рд░рд╛рдЬреНрдп рд╣реИред

рдЖрдк рднреА рд▓рдЧрд╡рд╛рдХрд░ 'рдЯреАрдХрд╛ рдЬреАрдд рдХрд╛', рдЬреАрд╡рди рд╡ рдЬреАрд╡рд┐рдХрд╛ рдХреЛ рдмрдЪрд╛рдиреЗ рдХреЗ рдЗрд╕ рдорд╣рд╛рднрд┐рдпрд╛рди рдХреЛ рд╕рдлрд▓ рдмрдирд╛рдПрдВред",[],[],['narendramodi'],[],India,рдЖрджрд░рдгреАрдп рдкреНрд░рдзрд╛рдирдордВрддреНрд░реА рд╢реНрд░реА  narendramodi рдЬреА рдХреЗ рдорд╛рд░реНрдЧрджрд░реНрд╢рди рдореЗрдВ рдЙрддреНрддрд░ рдкреНрд░рджреЗрд╢ рдореЗрдВ рдХреЛрд╡рд┐рдб рдЯреАрдХреЗ рдХреА 09 рдХрд░реЛрдбрд╝ рд╕реЗ рдЕрдзрд┐рдХ рдбреЛрдЬ рд▓рдЧрд╛рдИ рдЬрд╛ рдЪреБрдХреА рд╣реИрдВредрдЙ рдкреНрд░  рдЗрд╕ рдЕрддреБрд▓реНрдп рдЙрдкрд▓рдмреНрдзрд┐ рдХреЛ рдЕрд░реНрдЬрд┐рдд рдХрд░рдиреЗ рд╡рд╛рд▓рд╛ рджреЗрд╢ рдХрд╛ рдкреНрд░рдердо рд░рд╛рдЬреНрдп рд╣реИредрдЖрдк рднреА рд▓рдЧрд╡рд╛рдХрд░  рдЯреАрдХрд╛ рдЬреАрдд рдХрд╛   рдЬреАрд╡рди рд╡ рдЬреАрд╡рд┐рдХрд╛ рдХреЛ рдмрдЪрд╛рдиреЗ рдХреЗ рдЗрд╕ рдорд╣рд╛рднрд┐рдпрд╛рди рдХреЛ рд╕рдлрд▓ рдмрдирд╛рдПрдВред,2021-09-15 17:00:00
22,hi,False,1438181298779004932,"рдЖрджрд░рдгреАрдп рдкреНрд░рдзрд╛рдирдордВрддреНрд░реА рд╢реНрд░реА @narendramodi рдЬреА рдХреЗ рдорд╛рд░реНрдЧрджрд░реНрд╢рди рд╡ рдЖрджрд░рдгреАрдп рдореБрдЦреНрдпрдордВрддреНрд░реА рдкреВрдЬреНрдп  @myogiadityanath рдЬреА рдорд╣рд╛рд░рд╛рдЬ рдХреЗ рдиреЗрддреГрддреНрд╡рдореЗрдВ рдЙрддреНрддрд░ рдкреНрд░рджреЗрд╢ рдореЗрдВ рдХреЛрд╡рд┐рдб рдЯреАрдХреЗ рдХреА 09 рдХрд░реЛрдбрд╝ рд╕реЗ рдЕрдзрд┐рдХ рдбреЛрдЬ рд▓рдЧрд╛рдИ рдЬрд╛ рдЪреБрдХреА рд╣реИрдВред
рдЖрдк рднреА рд▓рдЧрд╡рд╛рдХрд░ 'рдЯреАрдХрд╛ рдЬреАрдд рдХрд╛', рдЬреАрд╡рди рд╡ рдЬреАрд╡рд┐рдХрд╛ рдХреЛ рдмрдЪрд╛рдиреЗ рдХреЗ рдЗрд╕ рдорд╣рд╛рднрд┐рдпрд╛рди рдХреЛ рд╕рдлрд▓ рдмрдирд╛рдПрдВред",[],[],"['narendramodi', 'myogiadityanath']",[],India,рдЖрджрд░рдгреАрдп рдкреНрд░рдзрд╛рдирдордВрддреНрд░реА рд╢реНрд░реА  narendramodi рдЬреА рдХреЗ рдорд╛рд░реНрдЧрджрд░реНрд╢рди рд╡ рдЖрджрд░рдгреАрдп рдореБрдЦреНрдпрдордВрддреНрд░реА рдкреВрдЬреНрдп   myogiadityanath рдЬреА рдорд╣рд╛рд░рд╛рдЬ рдХреЗ рдиреЗрддреГрддреНрд╡рдореЗрдВ рдЙрддреНрддрд░ рдкреНрд░рджреЗрд╢ рдореЗрдВ рдХреЛрд╡рд┐рдб рдЯреАрдХреЗ рдХреА 09 рдХрд░реЛрдбрд╝ рд╕реЗ рдЕрдзрд┐рдХ рдбреЛрдЬ рд▓рдЧрд╛рдИ рдЬрд╛ рдЪреБрдХреА рд╣реИрдВредрдЖрдк рднреА рд▓рдЧрд╡рд╛рдХрд░  рдЯреАрдХрд╛ рдЬреАрдд рдХрд╛   рдЬреАрд╡рди рд╡ рдЬреАрд╡рд┐рдХрд╛ рдХреЛ рдмрдЪрд╛рдиреЗ рдХреЗ рдЗрд╕ рдорд╣рд╛рднрд┐рдпрд╛рди рдХреЛ рд╕рдлрд▓ рдмрдирд╛рдПрдВред,2021-09-15 17:00:00
23,hi,False,1438173185673809921,"@myogiadityanath @narendramodi рдЯреАрдХрд╛ рдЬреАрдд рдХрд╛ 
рдкрд╡рди рдХреБрдорд╛рд░ рд╕рд┐рдВрд╣    рд░рд╛рд╖реНрдЯреНрд░рд╡рд╛рджреА https://t.co/KSVyAdKSoO",[],[],"['myogiadityanath', 'narendramodi']",[],India, myogiadityanath  narendramodi рдЯреАрдХрд╛ рдЬреАрдд рдХрд╛ рдкрд╡рди рдХреБрдорд╛рд░ рд╕рд┐рдВрд╣    рд░рд╛рд╖реНрдЯреНрд░рд╡рд╛рджреА https   t co KSVyAdKSoO,2021-09-15 16:00:00
24,hi,True,1438161870297264136,"рдЖрджрд░рдгреАрдп рдкреНрд░рдзрд╛рдирдордВрддреНрд░реА рд╢реНрд░реА @narendramodi рдЬреА рдПрд╡рдВ рдорд╛. рдореБрдЦреНрдпрдордВрддреНрд░реА рд╢реНрд░реА @myogiadityanath рдЬреА рдХреЗ рдиреЗрддреГрддреНрд╡ рдореЗрдВ рдЙрддреНрддрд░ рдкреНрд░рджреЗрд╢ рдХреЛрд╡рд┐рдб рдЯреАрдХреЗ рдХреА 09 рдХрд░реЛрдбрд╝ рд╕реЗ рдЕрдзрд┐рдХ рдбреЛрдЬ рд▓рдЧрд╛рдиреЗ рд╡рд╛рд▓рд╛ рджреЗрд╢ рдХрд╛ рдкрд╣рд▓рд╛ рд░рд╛рдЬреНрдп рдмрди рдЧрдпрд╛  рд╣реИред
#IndiaFightsCorona
#LargestVaccinationdrive #рдЯреАрдХрд╛_рдЬреАрдд_рдХрд╛ #YogiAdityanath https://t.co/FQZtXhZu4c",[],"['IndiaFightsCorona', 'LargestVaccinationdrive', 'рдЯреАрдХрд╛_рдЬреАрдд_рдХрд╛', 'YogiAdityanath']","['narendramodi', 'myogiadityanath']",[],India,рдЖрджрд░рдгреАрдп рдкреНрд░рдзрд╛рдирдордВрддреНрд░реА рд╢реНрд░реА  narendramodi рдЬреА рдПрд╡рдВ рдорд╛  рдореБрдЦреНрдпрдордВрддреНрд░реА рд╢реНрд░реА  myogiadityanath рдЬреА рдХреЗ рдиреЗрддреГрддреНрд╡ рдореЗрдВ рдЙрддреНрддрд░ рдкреНрд░рджреЗрд╢ рдХреЛрд╡рд┐рдб рдЯреАрдХреЗ рдХреА 09 рдХрд░реЛрдбрд╝ рд╕реЗ рдЕрдзрд┐рдХ рдбреЛрдЬ рд▓рдЧрд╛рдиреЗ рд╡рд╛рд▓рд╛ рджреЗрд╢ рдХрд╛ рдкрд╣рд▓рд╛ рд░рд╛рдЬреНрдп рдмрди рдЧрдпрд╛  рд╣реИред IndiaFightsCorona LargestVaccinationdrive  рдЯреАрдХрд╛ рдЬреАрдд рдХрд╛  YogiAdityanath https   t co FQZtXhZu4c,2021-09-15 15:00:00
25,hi,True,1438148916961153029,"рдЖрджрд░рдгреАрдп рдкреНрд░рдзрд╛рдирдордВрддреНрд░реА рд╢реНрд░реА @narendramodi рдЬреА рдХреЗ рдорд╛рд░реНрдЧрджрд░реНрд╢рди рдореЗрдВ рдЙрддреНрддрд░ рдкреНрд░рджреЗрд╢ рдореЗрдВ рдХреЛрд╡рд┐рдб рдЯреАрдХреЗ рдХреА 09 рдХрд░реЛрдбрд╝ рд╕реЗ рдЕрдзрд┐рдХ рдбреЛрдЬ рд▓рдЧрд╛рдИ рдЬрд╛ рдЪреБрдХреА рд╣реИрдВред

рдЙ.рдкреНрд░. рдЗрд╕ рдЕрддреБрд▓реНрдп рдЙрдкрд▓рдмреНрдзрд┐ рдХреЛ рдЕрд░реНрдЬрд┐рдд рдХрд░рдиреЗ рд╡рд╛рд▓рд╛ рджреЗрд╢ рдХрд╛ рдкреНрд░рдердо рд░рд╛рдЬреНрдп рд╣реИред

рдЖрдк рднреА рд▓рдЧрд╡рд╛рдХрд░ 'рдЯреАрдХрд╛ рдЬреАрдд рдХрд╛', рдЬреАрд╡рди рд╡ рдЬреАрд╡рд┐рдХрд╛ рдХреЛ рдмрдЪрд╛рдиреЗ рдХреЗ рдЗрд╕ рдорд╣рд╛рднрд┐рдпрд╛рди рдХреЛ рд╕рдлрд▓ рдмрдирд╛рдПрдВред",[],[],['narendramodi'],[],India,рдЖрджрд░рдгреАрдп рдкреНрд░рдзрд╛рдирдордВрддреНрд░реА рд╢реНрд░реА  narendramodi рдЬреА рдХреЗ рдорд╛рд░реНрдЧрджрд░реНрд╢рди рдореЗрдВ рдЙрддреНрддрд░ рдкреНрд░рджреЗрд╢ рдореЗрдВ рдХреЛрд╡рд┐рдб рдЯреАрдХреЗ рдХреА 09 рдХрд░реЛрдбрд╝ рд╕реЗ рдЕрдзрд┐рдХ рдбреЛрдЬ рд▓рдЧрд╛рдИ рдЬрд╛ рдЪреБрдХреА рд╣реИрдВредрдЙ рдкреНрд░  рдЗрд╕ рдЕрддреБрд▓реНрдп рдЙрдкрд▓рдмреНрдзрд┐ рдХреЛ рдЕрд░реНрдЬрд┐рдд рдХрд░рдиреЗ рд╡рд╛рд▓рд╛ рджреЗрд╢ рдХрд╛ рдкреНрд░рдердо рд░рд╛рдЬреНрдп рд╣реИредрдЖрдк рднреА рд▓рдЧрд╡рд╛рдХрд░  рдЯреАрдХрд╛ рдЬреАрдд рдХрд╛   рдЬреАрд╡рди рд╡ рдЬреАрд╡рд┐рдХрд╛ рдХреЛ рдмрдЪрд╛рдиреЗ рдХреЗ рдЗрд╕ рдорд╣рд╛рднрд┐рдпрд╛рди рдХреЛ рд╕рдлрд▓ рдмрдирд╛рдПрдВред,2021-09-15 15:00:00
26,hi,False,1438139812586799114,"рдЖрджрд░рдгреАрдп рдкреНрд░рдзрд╛рдирдордВрддреНрд░реА рд╢реНрд░реА @narendramodi рдЬреА рдХреЗ рдорд╛рд░реНрдЧрджрд░реНрд╢рди рдореЗрдВ рдЙрддреНрддрд░ рдкреНрд░рджреЗрд╢ рдореЗрдВ рдХреЛрд╡рд┐рдб рдЯреАрдХреЗ рдХреА 09 рдХрд░реЛрдбрд╝ рд╕реЗ рдЕрдзрд┐рдХ рдбреЛрдЬ рд▓рдЧрд╛рдИ рдЬрд╛ рдЪреБрдХреА рд╣реИрдВред

рдЙ.рдкреНрд░. рдЗрд╕ рдЕрддреБрд▓реНрдп рдЙрдкрд▓рдмреНрдзрд┐ рдХреЛ рдЕрд░реНрдЬрд┐рдд рдХрд░рдиреЗ рд╡рд╛рд▓рд╛ рджреЗрд╢ рдХрд╛ рдкреНрд░рдердо рд░рд╛рдЬреНрдп рд╣реИред

рдЖрдк рднреА рд▓рдЧрд╡рд╛рдХрд░ 'рдЯреАрдХрд╛ рдЬреАрдд рдХрд╛', рдЬреАрд╡рди рд╡ рдЬреАрд╡рд┐рдХрд╛ рдХреЛ рдмрдЪрд╛рдиреЗ рдХреЗ рдЗрд╕ рдорд╣рд╛рднрд┐рдпрд╛рди рдХреЛ рд╕рдлрд▓ рдмрдирд╛рдПрдВред",[],[],['narendramodi'],[],India,рдЖрджрд░рдгреАрдп рдкреНрд░рдзрд╛рдирдордВрддреНрд░реА рд╢реНрд░реА  narendramodi рдЬреА рдХреЗ рдорд╛рд░реНрдЧрджрд░реНрд╢рди рдореЗрдВ рдЙрддреНрддрд░ рдкреНрд░рджреЗрд╢ рдореЗрдВ рдХреЛрд╡рд┐рдб рдЯреАрдХреЗ рдХреА 09 рдХрд░реЛрдбрд╝ рд╕реЗ рдЕрдзрд┐рдХ рдбреЛрдЬ рд▓рдЧрд╛рдИ рдЬрд╛ рдЪреБрдХреА рд╣реИрдВредрдЙ рдкреНрд░  рдЗрд╕ рдЕрддреБрд▓реНрдп рдЙрдкрд▓рдмреНрдзрд┐ рдХреЛ рдЕрд░реНрдЬрд┐рдд рдХрд░рдиреЗ рд╡рд╛рд▓рд╛ рджреЗрд╢ рдХрд╛ рдкреНрд░рдердо рд░рд╛рдЬреНрдп рд╣реИредрдЖрдк рднреА рд▓рдЧрд╡рд╛рдХрд░  рдЯреАрдХрд╛ рдЬреАрдд рдХрд╛   рдЬреАрд╡рди рд╡ рдЬреАрд╡рд┐рдХрд╛ рдХреЛ рдмрдЪрд╛рдиреЗ рдХреЗ рдЗрд╕ рдорд╣рд╛рднрд┐рдпрд╛рди рдХреЛ рд╕рдлрд▓ рдмрдирд╛рдПрдВред,2021-09-15 14:00:00
27,hi,False,1438133820906110978,"рдЖрджрд░рдгреАрдп рдкреНрд░рдзрд╛рдирдордВрддреНрд░реА рд╢реНрд░реА @narendramodi рдЬреА рдХреЗ рдорд╛рд░реНрдЧрджрд░реНрд╢рди рдореЗрдВ рдЙрддреНрддрд░ рдкреНрд░рджреЗрд╢ рдореЗрдВ рдХреЛрд╡рд┐рдб рдЯреАрдХреЗ рдХреА 09 рдХрд░реЛрдбрд╝ рд╕реЗ рдЕрдзрд┐рдХ рдбреЛрдЬ рд▓рдЧрд╛рдИ рдЬрд╛ рдЪреБрдХреА рд╣реИрдВред рдЙ.рдкреНрд░. рдЗрд╕ рдЕрддреБрд▓реНрдп рдЙрдкрд▓рдмреНрдзрд┐ рдХреЛ рдЕрд░реНрдЬрд┐рдд рдХрд░рдиреЗ рд╡рд╛рд▓рд╛ рджреЗрд╢ рдХрд╛ рдкреНрд░рдердо рд░рд╛рдЬреНрдп рд╣реИред
рдЖрдк рднреА рд▓рдЧрд╡рд╛рдХрд░ 'рдЯреАрдХрд╛ рдЬреАрдд рдХрд╛', рдЬреАрд╡рди рд╡ рдЬреАрд╡рд┐рдХрд╛ рдХреЛ рдмрдЪрд╛рдиреЗ рдХреЗ рдЗрд╕ рдорд╣рд╛рднрд┐рдпрд╛рди рдХреЛ рд╕рдлрд▓ рдмрдирд╛рдПрдВред",[],[],['narendramodi'],[],India,рдЖрджрд░рдгреАрдп рдкреНрд░рдзрд╛рдирдордВрддреНрд░реА рд╢реНрд░реА  narendramodi рдЬреА рдХреЗ рдорд╛рд░реНрдЧрджрд░реНрд╢рди рдореЗрдВ рдЙрддреНрддрд░ рдкреНрд░рджреЗрд╢ рдореЗрдВ рдХреЛрд╡рд┐рдб рдЯреАрдХреЗ рдХреА 09 рдХрд░реЛрдбрд╝ рд╕реЗ рдЕрдзрд┐рдХ рдбреЛрдЬ рд▓рдЧрд╛рдИ рдЬрд╛ рдЪреБрдХреА рд╣реИрдВред рдЙ рдкреНрд░  рдЗрд╕ рдЕрддреБрд▓реНрдп рдЙрдкрд▓рдмреНрдзрд┐ рдХреЛ рдЕрд░реНрдЬрд┐рдд рдХрд░рдиреЗ рд╡рд╛рд▓рд╛ рджреЗрд╢ рдХрд╛ рдкреНрд░рдердо рд░рд╛рдЬреНрдп рд╣реИредрдЖрдк рднреА рд▓рдЧрд╡рд╛рдХрд░  рдЯреАрдХрд╛ рдЬреАрдд рдХрд╛   рдЬреАрд╡рди рд╡ рдЬреАрд╡рд┐рдХрд╛ рдХреЛ рдмрдЪрд╛рдиреЗ рдХреЗ рдЗрд╕ рдорд╣рд╛рднрд┐рдпрд╛рди рдХреЛ рд╕рдлрд▓ рдмрдирд╛рдПрдВред,2021-09-15 14:00:00
28,hi,True,1438128698423582721,"#рдЯреАрдХрд╛_рдЬреАрдд_рдХрд╛
рдЬрд┐рд▓реЗ рдХреЗ рдЬреЛ рднреА рд▓реЛрдЧ рдХреЛрд╡рд┐рдб19 рдХрд╛ рдЯреАрдХрд╛ рд▓реЗрдиреЗ рд╕реЗ рдЫреВрдЯ рдЧрдП рд╣реИрдВ, рдЙрди рд╕рднреА рд╕реЗ рдЕрдкреАрд▓ рд╣реИ рдХрд┐ рд╡реЗ рдЕрдкрдирд╛ рдЯреАрдХрд╛ рдЬрд░реВрд░ рд▓рдЧрд╡рд╛рдПрдВред
@UPGovt 
@InfoDeptUP 
@CMOfficeUP https://t.co/aXN5sgnwz7",[],['рдЯреАрдХрд╛_рдЬреАрдд_рдХрд╛'],"['UPGovt', 'InfoDeptUP', 'CMOfficeUP']",[],India, рдЯреАрдХрд╛ рдЬреАрдд рдХрд╛рдЬрд┐рд▓реЗ рдХреЗ рдЬреЛ рднреА рд▓реЛрдЧ рдХреЛрд╡рд┐рдб19 рдХрд╛ рдЯреАрдХрд╛ рд▓реЗрдиреЗ рд╕реЗ рдЫреВрдЯ рдЧрдП рд╣реИрдВ  рдЙрди рд╕рднреА рд╕реЗ рдЕрдкреАрд▓ рд╣реИ рдХрд┐ рд╡реЗ рдЕрдкрдирд╛ рдЯреАрдХрд╛ рдЬрд░реВрд░ рд▓рдЧрд╡рд╛рдПрдВред UPGovt  InfoDeptUP  CMOfficeUP https   t co aXN5sgnwz7,2021-09-15 13:00:00
29,hi,True,1438123709932343300,"рдЙрддреНрддрд░ рдкреНрд░рджреЗрд╢ рдЗрд╕ рдЕрддреБрд▓реНрдп рдЙрдкрд▓рдмреНрдзрд┐ рдХреЛ рд╣рд╛рд╕рд┐рд▓ рдХрд░рдиреЗ рд╡рд╛рд▓рд╛ рджреЗрд╢ рдХрд╛ рдкреНрд░рдердо рд░рд╛рдЬреНрдп рд╣реИред 

рдпрд╣ рдЙрдкрд▓рдмреНрдзрд┐ рдкреНрд░рджреЗрд╢ рдХреА рдЬрд╛рдЧрд░реБрдХ рдЬрдирддрд╛, рдлреНрд░рдВрдЯрд▓рд╛рдЗрди рд╡рд░реНрдХрд░реНрд╕ рдПрд╡рдВ рд╕реНрд╡рд╛рд╕реНрдереНрдп рдХрд░реНрдорд┐рдпреЛрдВ рдХреЗ рдЕрдердХ рдкрд░рд┐рд╢реНрд░рдо рдХрд╛ рдкрд░рд┐рдгрд╛рдо рд╣реИред 

рдЕрдкрдиреА рдмрд╛рд░реА рдЖрдиреЗ рдкрд░ рдЖрдк рднреА ""рдЯреАрдХрд╛ рдЬреАрдд рдХрд╛"" рдЕрд╡рд╢реНрдп рд▓рдЧрд╡рд╛рдПрдВред",[],[],[],[],India,рдЙрддреНрддрд░ рдкреНрд░рджреЗрд╢ рдЗрд╕ рдЕрддреБрд▓реНрдп рдЙрдкрд▓рдмреНрдзрд┐ рдХреЛ рд╣рд╛рд╕рд┐рд▓ рдХрд░рдиреЗ рд╡рд╛рд▓рд╛ рджреЗрд╢ рдХрд╛ рдкреНрд░рдердо рд░рд╛рдЬреНрдп рд╣реИред рдпрд╣ рдЙрдкрд▓рдмреНрдзрд┐ рдкреНрд░рджреЗрд╢ рдХреА рдЬрд╛рдЧрд░реБрдХ рдЬрдирддрд╛  рдлреНрд░рдВрдЯрд▓рд╛рдЗрди рд╡рд░реНрдХрд░реНрд╕ рдПрд╡рдВ рд╕реНрд╡рд╛рд╕реНрдереНрдп рдХрд░реНрдорд┐рдпреЛрдВ рдХреЗ рдЕрдердХ рдкрд░рд┐рд╢реНрд░рдо рдХрд╛ рдкрд░рд┐рдгрд╛рдо рд╣реИред рдЕрдкрдиреА рдмрд╛рд░реА рдЖрдиреЗ рдкрд░ рдЖрдк рднреА  рдЯреАрдХрд╛ рдЬреАрдд рдХрд╛  рдЕрд╡рд╢реНрдп рд▓рдЧрд╡рд╛рдПрдВред,2021-09-15 13:00:00
30,hi,False,1438114436472922114,"рдЖрджрд░рдгреАрдп рдкреНрд░рдзрд╛рдирдордВрддреНрд░реА рд╢реНрд░реА @narendramodi рдЬреА рдХреЗ рдорд╛рд░реНрдЧрджрд░реНрд╢рди рдореЗрдВ рдЙрддреНрддрд░ рдкреНрд░рджреЗрд╢ рдореЗрдВ рдХреЛрд╡рд┐рдб рдЯреАрдХреЗ рдХреА 09 рдХрд░реЛрдбрд╝ рд╕реЗ рдЕрдзрд┐рдХ рдбреЛрдЬ рд▓рдЧрд╛рдИ рдЬрд╛ рдЪреБрдХреА рд╣реИрдВред

рдЙ.рдкреНрд░. рдЗрд╕ рдЕрддреБрд▓реНрдп рдЙрдкрд▓рдмреНрдзрд┐ рдХреЛ рдЕрд░реНрдЬрд┐рдд рдХрд░рдиреЗ рд╡рд╛рд▓рд╛ рджреЗрд╢ рдХрд╛ рдкреНрд░рдердо рд░рд╛рдЬреНрдп рд╣реИред

рдЖрдк рднреА рд▓рдЧрд╡рд╛рдХрд░ 'рдЯреАрдХрд╛ рдЬреАрдд рдХрд╛', рдЬреАрд╡рди рд╡ рдЬреАрд╡рд┐рдХрд╛ рдХреЛ рдмрдЪрд╛рдиреЗ рдХреЗ рдЗрд╕ рдорд╣рд╛рднрд┐рдпрд╛рди рдХреЛ рд╕рдлрд▓ рдмрдирд╛рдПрдВред",[],[],['narendramodi'],[],India,рдЖрджрд░рдгреАрдп рдкреНрд░рдзрд╛рдирдордВрддреНрд░реА рд╢реНрд░реА  narendramodi рдЬреА рдХреЗ рдорд╛рд░реНрдЧрджрд░реНрд╢рди рдореЗрдВ рдЙрддреНрддрд░ рдкреНрд░рджреЗрд╢ рдореЗрдВ рдХреЛрд╡рд┐рдб рдЯреАрдХреЗ рдХреА 09 рдХрд░реЛрдбрд╝ рд╕реЗ рдЕрдзрд┐рдХ рдбреЛрдЬ рд▓рдЧрд╛рдИ рдЬрд╛ рдЪреБрдХреА рд╣реИрдВредрдЙ рдкреНрд░  рдЗрд╕ рдЕрддреБрд▓реНрдп рдЙрдкрд▓рдмреНрдзрд┐ рдХреЛ рдЕрд░реНрдЬрд┐рдд рдХрд░рдиреЗ рд╡рд╛рд▓рд╛ рджреЗрд╢ рдХрд╛ рдкреНрд░рдердо рд░рд╛рдЬреНрдп рд╣реИредрдЖрдк рднреА рд▓рдЧрд╡рд╛рдХрд░  рдЯреАрдХрд╛ рдЬреАрдд рдХрд╛   рдЬреАрд╡рди рд╡ рдЬреАрд╡рд┐рдХрд╛ рдХреЛ рдмрдЪрд╛рдиреЗ рдХреЗ рдЗрд╕ рдорд╣рд╛рднрд┐рдпрд╛рди рдХреЛ рд╕рдлрд▓ рдмрдирд╛рдПрдВред,2021-09-15 12:00:00
31,hi,False,1438113494348414976,"рдЖрджрд░рдгреАрдп рдкреНрд░рдзрд╛рдирдордВрддреНрд░реА рдЬреА рдХреЗ рдорд╛рд░реНрдЧрджрд░реНрд╢рди рдореЗрдВ рдЙрддреНрддрд░ рдкреНрд░рджреЗрд╢ рдореЗрдВ рдХреЛрд╡рд┐рдб рдЯреАрдХреЗ рдХреА 09 рдХрд░реЛрдбрд╝ рд╕реЗ рдЕрдзрд┐рдХ рдбреЛрдЬ рд▓рдЧрд╛рдИ рдЬрд╛ рдЪреБрдХреА рд╣реИрдВред

рдЙ.рдкреНрд░. рдЗрд╕ рдЕрддреБрд▓реНрдп рдЙрдкрд▓рдмреНрдзрд┐ рдХреЛ рдЕрд░реНрдЬрд┐рдд рдХрд░рдиреЗ рд╡рд╛рд▓рд╛ рджреЗрд╢ рдХрд╛ рдкреНрд░рдердо рд░рд╛рдЬреНрдп рд╣реИред

рдЖрдк рднреА рд▓рдЧрд╡рд╛рдХрд░ 'рдЯреАрдХрд╛ рдЬреАрдд рдХрд╛', рдЬреАрд╡рди рд╡ рдЬреАрд╡рд┐рдХрд╛ рдХреЛ рдмрдЪрд╛рдиреЗ рдХреЗ рдЗрд╕ рдорд╣рд╛рднрд┐рдпрд╛рди рдХреЛ рд╕рдлрд▓ рдмрдирд╛рдПрдВред",[],[],[],[],India,рдЖрджрд░рдгреАрдп рдкреНрд░рдзрд╛рдирдордВрддреНрд░реА рдЬреА рдХреЗ рдорд╛рд░реНрдЧрджрд░реНрд╢рди рдореЗрдВ рдЙрддреНрддрд░ рдкреНрд░рджреЗрд╢ рдореЗрдВ рдХреЛрд╡рд┐рдб рдЯреАрдХреЗ рдХреА 09 рдХрд░реЛрдбрд╝ рд╕реЗ рдЕрдзрд┐рдХ рдбреЛрдЬ рд▓рдЧрд╛рдИ рдЬрд╛ рдЪреБрдХреА рд╣реИрдВредрдЙ рдкреНрд░  рдЗрд╕ рдЕрддреБрд▓реНрдп рдЙрдкрд▓рдмреНрдзрд┐ рдХреЛ рдЕрд░реНрдЬрд┐рдд рдХрд░рдиреЗ рд╡рд╛рд▓рд╛ рджреЗрд╢ рдХрд╛ рдкреНрд░рдердо рд░рд╛рдЬреНрдп рд╣реИредрдЖрдк рднреА рд▓рдЧрд╡рд╛рдХрд░  рдЯреАрдХрд╛ рдЬреАрдд рдХрд╛   рдЬреАрд╡рди рд╡ рдЬреАрд╡рд┐рдХрд╛ рдХреЛ рдмрдЪрд╛рдиреЗ рдХреЗ рдЗрд╕ рдорд╣рд╛рднрд┐рдпрд╛рди рдХреЛ рд╕рдлрд▓ рдмрдирд╛рдПрдВред,2021-09-15 12:00:00
32,hi,True,1438109096582860800,"рдЖрджрд░рдгреАрдп рдкреНрд░рдзрд╛рдирдордВрддреНрд░реА рд╢реНрд░реА @narendramodi рдЬреА рдХреЗ рдорд╛рд░реНрдЧрджрд░реНрд╢рди рдореЗрдВ рдЙрддреНрддрд░ рдкреНрд░рджреЗрд╢ рдореЗрдВ рдХреЛрд╡рд┐рдб рдЯреАрдХреЗ рдХреА 09 рдХрд░реЛрдбрд╝ рд╕реЗ рдЕрдзрд┐рдХ рдбреЛрдЬ рд▓рдЧрд╛рдИ рдЬрд╛ рдЪреБрдХреА рд╣реИрдВред

рдЙ.рдкреНрд░. рдЗрд╕ рдЕрддреБрд▓реНрдп рдЙрдкрд▓рдмреНрдзрд┐ рдХреЛ рдЕрд░реНрдЬрд┐рдд рдХрд░рдиреЗ рд╡рд╛рд▓рд╛ рджреЗрд╢ рдХрд╛ рдкреНрд░рдердо рд░рд╛рдЬреНрдп рд╣реИред

рдЖрдк рднреА рд▓рдЧрд╡рд╛рдХрд░ 'рдЯреАрдХрд╛ рдЬреАрдд рдХрд╛', рдЬреАрд╡рди рд╡ рдЬреАрд╡рд┐рдХрд╛ рдХреЛ рдмрдЪрд╛рдиреЗ рдХреЗ рдЗрд╕ рдорд╣рд╛рднрд┐рдпрд╛рди рдХреЛ рд╕рдлрд▓ рдмрдирд╛рдПрдВред",[],[],['narendramodi'],[],India,рдЖрджрд░рдгреАрдп рдкреНрд░рдзрд╛рдирдордВрддреНрд░реА рд╢реНрд░реА  narendramodi рдЬреА рдХреЗ рдорд╛рд░реНрдЧрджрд░реНрд╢рди рдореЗрдВ рдЙрддреНрддрд░ рдкреНрд░рджреЗрд╢ рдореЗрдВ рдХреЛрд╡рд┐рдб рдЯреАрдХреЗ рдХреА 09 рдХрд░реЛрдбрд╝ рд╕реЗ рдЕрдзрд┐рдХ рдбреЛрдЬ рд▓рдЧрд╛рдИ рдЬрд╛ рдЪреБрдХреА рд╣реИрдВредрдЙ рдкреНрд░  рдЗрд╕ рдЕрддреБрд▓реНрдп рдЙрдкрд▓рдмреНрдзрд┐ рдХреЛ рдЕрд░реНрдЬрд┐рдд рдХрд░рдиреЗ рд╡рд╛рд▓рд╛ рджреЗрд╢ рдХрд╛ рдкреНрд░рдердо рд░рд╛рдЬреНрдп рд╣реИредрдЖрдк рднреА рд▓рдЧрд╡рд╛рдХрд░  рдЯреАрдХрд╛ рдЬреАрдд рдХрд╛   рдЬреАрд╡рди рд╡ рдЬреАрд╡рд┐рдХрд╛ рдХреЛ рдмрдЪрд╛рдиреЗ рдХреЗ рдЗрд╕ рдорд╣рд╛рднрд┐рдпрд╛рди рдХреЛ рд╕рдлрд▓ рдмрдирд╛рдПрдВред,2021-09-15 12:00:00
33,hi,False,1437989575247364101,"рдЙрддреНрддрд░ рдкреНрд░рджреЗрд╢ рдореЗрдВ рддреАрди рд░рд╛рдЬрдиреАрддрд┐рдХ рджрд▓ ( рд╕рдкрд╛, рдмрд╕рдкрд╛, рднрд╛рдЬрдкрд╛ ) рд╣реА рд╣реИрдВ ред рдФрд░ рдЗрди рддреАрдиреЛрдВ рдХрд╛ рд░рд╛рдЬрдиреАрддрд┐рдХ рдЖрдзрд╛рд░ рдЬрд╛рддрд┐ рд╡ рдзрд░реНрдо рдкрд░ рд╣реА рдЯрд┐рдХрд╛ рд╣реБрдЖ рд╣реИ ред 
рдЗрдиреНрд╣реАрдВ рдЖрдзрд╛рд░ рдкрд░ рдЬреЛ рд╕рдореАрдХрд░рдг рдмреИрдард╛рдиреЗ рдореЗрдВ рд╕рдлрд▓ рд╣реЛрдЧрд╛, рд╡рд╣реА рдЕрдкрдиреА рдЬреАрдд рджрд░реНрдЬ рдХрд░ рд╕рдХрддрд╛ рд╣реИ ред
рд╢реЗрд╖, рд╢рд┐рдХреНрд╖рд╛ рд╕реНрд╡рд╛рд╕реНрдереНрдп рд╕реБрд░рдХреНрд╖рд╛ рд░реЛрдЬрдЧрд╛рд░ рдЖрджрд┐ рддреАрдиреЛрдВ рдХреА рдкреНрд░рд╛рдердорд┐рдХрддрд╛ рдореЗрдВ рдирд╣реА рд╣реЛрддреЗ редред",[],[],[],[],India,рдЙрддреНрддрд░ рдкреНрд░рджреЗрд╢ рдореЗрдВ рддреАрди рд░рд╛рдЬрдиреАрддрд┐рдХ рджрд▓   рд╕рдкрд╛  рдмрд╕рдкрд╛  рднрд╛рдЬрдкрд╛   рд╣реА рд╣реИрдВ ред рдФрд░ рдЗрди рддреАрдиреЛрдВ рдХрд╛ рд░рд╛рдЬрдиреАрддрд┐рдХ рдЖрдзрд╛рд░ рдЬрд╛рддрд┐ рд╡ рдзрд░реНрдо рдкрд░ рд╣реА рдЯрд┐рдХрд╛ рд╣реБрдЖ рд╣реИ ред рдЗрдиреНрд╣реАрдВ рдЖрдзрд╛рд░ рдкрд░ рдЬреЛ рд╕рдореАрдХрд░рдг рдмреИрдард╛рдиреЗ рдореЗрдВ рд╕рдлрд▓ рд╣реЛрдЧрд╛  рд╡рд╣реА рдЕрдкрдиреА рдЬреАрдд рджрд░реНрдЬ рдХрд░ рд╕рдХрддрд╛ рд╣реИ редрд╢реЗрд╖  рд╢рд┐рдХреНрд╖рд╛ рд╕реНрд╡рд╛рд╕реНрдереНрдп рд╕реБрд░рдХреНрд╖рд╛ рд░реЛрдЬрдЧрд╛рд░ рдЖрджрд┐ рддреАрдиреЛрдВ рдХреА рдкреНрд░рд╛рдердорд┐рдХрддрд╛ рдореЗрдВ рдирд╣реА рд╣реЛрддреЗ редред,2021-09-15 04:00:00
34,hi,False,1437758346782601218,"75 рдХрд░реЛрдбрд╝ рд╕реЗ рдЕрдзрд┐рдХ рджреЗрд╢ рд╡рд╛рд╕рд┐рдпреЛрдВ рдХреЛ рд▓рдЧрд╛ рдЬреАрдд рдХрд╛ рдЯреАрдХрд╛ред @arunbha7377261
@priyankagandhi @yadavakhilesh @SanjayAzadSln @bstvlive @Editor__Sanjay @RahulGandhi @samajwadiparty @INCUttarPradesh @AAPUttarPradesh @Jasvir_Rana_25 https://t.co/UoEQhofhcW",[],[],"['arunbha7377261', 'priyankagandhi', 'yadavakhilesh', 'SanjayAzadSln', 'bstvlive', 'Editor__Sanjay', 'RahulGandhi', 'samajwadiparty', 'INCUttarPradesh', 'AAPUttarPradesh', 'Jasvir_Rana_25']",[],India,75 рдХрд░реЛрдбрд╝ рд╕реЗ рдЕрдзрд┐рдХ рджреЗрд╢ рд╡рд╛рд╕рд┐рдпреЛрдВ рдХреЛ рд▓рдЧрд╛ рдЬреАрдд рдХрд╛ рдЯреАрдХрд╛ред  arunbha7377261 priyankagandhi  yadavakhilesh  SanjayAzadSln  bstvlive  Editor  Sanjay  RahulGandhi  samajwadiparty  INCUttarPradesh  AAPUttarPradesh  Jasvir Rana 25 https   t co UoEQhofhcW,2021-09-14 13:00:00
35,hi,False,1437662991223123968,"рдпрд╢рд╕реНрд╡реА рдкреНрд░рдзрд╛рдирдордВрддреНрд░реА рд╢реНрд░реА рдирд░реЗрдВрджреНрд░ рдореЛрджреА рдЬреА рдХреЗ рдиреЗрддреГрддреНрд╡ рдореЗрдВ рджреЗрд╢ рдиреЗ рдХрдИ рдЙрдкрд▓рдмреНрдзрд┐рдпрд╛рдВ рд╣рд╛рд╕рд┐рд▓ рдХреА рд╣реИред рдЗрд╕ рдХреНрд░рдо рдореЗрдВ 75 рдХрд░реЛрдбрд╝ рдХреЛрд╡рд┐рдб рдЯреАрдХрд╛ рд▓рдЧрдирд╛ рднреА рдПрдХ рдмрдбрд╝реА рдЬреАрдд рд╣реИред рдЖрдЬрд╛рджреА рдХреЗ рдЕрдореГрдд рдорд╣реЛрддреНрд╕рд╡ рдореЗрдВ рдпреЗ рднреА рд╕реБрд░рдХреНрд╖рд╛ рдХрд╛ рдЕрдореГрдд рдЖрдВрдХрдбрд╝рд╛ рд╣реИред
#LargestVaccinationDrive
@BJP4MP 
@BJP4India https://t.co/ygTEKpV7vP",[],['LargestVaccinationDrive'],"['BJP4MP', 'BJP4India']",[],India,рдпрд╢рд╕реНрд╡реА рдкреНрд░рдзрд╛рдирдордВрддреНрд░реА рд╢реНрд░реА рдирд░реЗрдВрджреНрд░ рдореЛрджреА рдЬреА рдХреЗ рдиреЗрддреГрддреНрд╡ рдореЗрдВ рджреЗрд╢ рдиреЗ рдХрдИ рдЙрдкрд▓рдмреНрдзрд┐рдпрд╛рдВ рд╣рд╛рд╕рд┐рд▓ рдХреА рд╣реИред рдЗрд╕ рдХреНрд░рдо рдореЗрдВ 75 рдХрд░реЛрдбрд╝ рдХреЛрд╡рд┐рдб рдЯреАрдХрд╛ рд▓рдЧрдирд╛ рднреА рдПрдХ рдмрдбрд╝реА рдЬреАрдд рд╣реИред рдЖрдЬрд╛рджреА рдХреЗ рдЕрдореГрдд рдорд╣реЛрддреНрд╕рд╡ рдореЗрдВ рдпреЗ рднреА рд╕реБрд░рдХреНрд╖рд╛ рдХрд╛ рдЕрдореГрдд рдЖрдВрдХрдбрд╝рд╛ рд╣реИред LargestVaccinationDrive BJP4MP  BJP4India https   t co ygTEKpV7vP,2021-09-14 06:00:00
36,hi,False,1437643602323066881,@myogiadityanath рдЖрдк рд▓реЛрдЧреЛрдВ рдиреЗ рдЬреЛ рдкрд╣рд▓реА рдЦреЗрдд рдореЗрдВ рдЯрд┐рдХрд╛ рд▓рдЧрд╡рд╛рдпрд╛ рдЙрд╕рд╕реЗ рдкреВрд░реЗ рднрд╛рд░рдд рдореЗрдВ рд▓реЛрдЧ рдмреАрдорд╛рд░ рдкрдбрд╝реЗ рдЕрдкрдиреЗ рдмрд┐рд╕реНрддрд░ рдкрд░ рдкрдбрд╝реЗ рд╣реИрдВ рдХреНрдпреЛрдВрдХрд┐ рдЬрд▓реНрджреА рдмрд╛рдЬреА рдореЗрдВ рдмреВрдЯреА рдХрд╛ рд▓реЛрдЧреЛрдВ рдХреЛ рдиреБрдХрд╕рд╛рди рджрд┐рдпрд╛ рд╣реИ рд╕рд░рдХрд╛рд░ рдиреЗ рдЙрдиреНрд╣реЗрдВ рдХреЛрдИ рдорджрдж рдирд╣реАрдВ рдХреЛрдИ рдЗрд▓рд╛рдЬ рдирд╣реАрдВ рдЗрд╕рд▓рд┐рдП рдЖрдкрдХреА рдЬреАрдд рдорд╛рдпрдиреЗ рдирд╣реАрдВ рд░рдЦрддрд╛ рдпреВрдкреА рдореЗрдВ,[],[],['myogiadityanath'],[],India, myogiadityanath рдЖрдк рд▓реЛрдЧреЛрдВ рдиреЗ рдЬреЛ рдкрд╣рд▓реА рдЦреЗрдд рдореЗрдВ рдЯрд┐рдХрд╛ рд▓рдЧрд╡рд╛рдпрд╛ рдЙрд╕рд╕реЗ рдкреВрд░реЗ рднрд╛рд░рдд рдореЗрдВ рд▓реЛрдЧ рдмреАрдорд╛рд░ рдкрдбрд╝реЗ рдЕрдкрдиреЗ рдмрд┐рд╕реНрддрд░ рдкрд░ рдкрдбрд╝реЗ рд╣реИрдВ рдХреНрдпреЛрдВрдХрд┐ рдЬрд▓реНрджреА рдмрд╛рдЬреА рдореЗрдВ рдмреВрдЯреА рдХрд╛ рд▓реЛрдЧреЛрдВ рдХреЛ рдиреБрдХрд╕рд╛рди рджрд┐рдпрд╛ рд╣реИ рд╕рд░рдХрд╛рд░ рдиреЗ рдЙрдиреНрд╣реЗрдВ рдХреЛрдИ рдорджрдж рдирд╣реАрдВ рдХреЛрдИ рдЗрд▓рд╛рдЬ рдирд╣реАрдВ рдЗрд╕рд▓рд┐рдП рдЖрдкрдХреА рдЬреАрдд рдорд╛рдпрдиреЗ рдирд╣реАрдВ рд░рдЦрддрд╛ рдпреВрдкреА рдореЗрдВ,2021-09-14 05:00:00
