,tweet_lang,verified,id,tweet_text,tweet_emoticons,hashtags,mentions,tweet_urls,country,text_es,tweet_date
0,es,False,1440745252743118849,"Bolsonaro cumprirÃ¡ quarentena determinada pela Anvisa

https://t.co/XS9xvCIZsw

#D24AM #InteragindoComANotÃ­cia #Credibilidade #Manaus #Amazonas",[],"['D24AM', 'InteragindoComANotÃ­cia', 'Credibilidade', 'Manaus', 'Amazonas']",[],['https://t.co/XS9xvCIZsw'],Mexico,Bolsonaro cumprirÃ¡ quarentena determinada pela Anvisahttps   t co XS9xvCIZsw D24AM  InteragindoComANotÃ­cia  Credibilidade  Manaus  Amazonas,2021-09-22 19:00:00
1,es,False,1440745249073106954,"Bolsonaro cumprirÃ¡ quarentena determinada pela Anvisa

https://t.co/h72ogOOfFV

#D24AM #InteragindoComANotÃ­cia #Credibilidade #Manaus #Amazonas",[],"['D24AM', 'InteragindoComANotÃ­cia', 'Credibilidade', 'Manaus', 'Amazonas']",[],['https://t.co/h72ogOOfFV'],Mexico,Bolsonaro cumprirÃ¡ quarentena determinada pela Anvisahttps   t co h72ogOOfFV D24AM  InteragindoComANotÃ­cia  Credibilidade  Manaus  Amazonas,2021-09-22 19:00:00
2,es,False,1440745184610832386,"Bolsonaro cumprirÃ¡ quarentena determinada pela Anvisa
https://t.co/dadb7C9avQ",[],[],[],['https://t.co/dadb7C9avQ'],Mexico,Bolsonaro cumprirÃ¡ quarentena determinada pela Anvisahttps   t co dadb7C9avQ,2021-09-22 18:00:00
3,es,False,1440742531973607430,Bolsonaro cumprirÃ¡ quarentena determinada pela Anvisa https://t.co/lqjFVuh4ap,[],[],[],['https://t.co/lqjFVuh4ap'],Mexico,Bolsonaro cumprirÃ¡ quarentena determinada pela Anvisa https   t co lqjFVuh4ap,2021-09-22 18:00:00
4,es,False,1440740047901245443,@laderechadiario Entretanto... https://t.co/VqhOuZRzCV,[],[],['laderechadiario'],['https://t.co/VqhOuZRzCV'],Mexico, laderechadiario Entretanto    https   t co VqhOuZRzCV,2021-09-22 18:00:00
5,es,False,1440739184445067266,@CludiaTanaka2 @RuanSadock @katiavianachaga @jguedes_s @_claudia2020 @macunaimaz21 @lobaoeletrico @fernanddofragg1 @Ricamconsult @Luna_quarentena Ele era sensacional...,[],[],"['CludiaTanaka2', 'RuanSadock', 'katiavianachaga', 'jguedes_s', '_claudia2020', 'macunaimaz21', 'lobaoeletrico', 'fernanddofragg1', 'Ricamconsult', 'Luna_quarentena']",[],Mexico, CludiaTanaka2  RuanSadock  katiavianachaga  jguedes s   claudia2020  macunaimaz21  lobaoeletrico  fernanddofragg1  Ricamconsult  Luna quarentena Ele era sensacional   ,2021-09-22 18:00:00
6,es,False,1440737657303175187,@Luna_quarentena @marejoy @TassianaFiguei3 @NcMarli @FlvioMartinsds3 @AlerquinaHarley @ConsaBurgos @anacwb76 @caragualucia @_claudia2020 Patriota ğŸ¤£ğŸ¤£ğŸ¤£ğŸ¤£ğŸ¤£ğŸ¤£ğŸ¤£,['ğŸ¤£'],[],"['Luna_quarentena', 'marejoy', 'TassianaFiguei3', 'NcMarli', 'FlvioMartinsds3', 'AlerquinaHarley', 'ConsaBurgos', 'anacwb76', 'caragualucia', '_claudia2020']",[],Mexico, Luna quarentena  marejoy  TassianaFiguei3  NcMarli  FlvioMartinsds3  AlerquinaHarley  ConsaBurgos  anacwb76  caragualucia   claudia2020 Patriota ,2021-09-22 18:00:00
7,es,False,1440729381672943622,@marejoy @madrilima @MsBraun7 @ingrid_maria_57 @DINAHMRIB1 @SaudadesFilha @AcoLyonel @AlerquinaHarley @TassianaFiguei3 @Luna_quarentena @verajazz Imagina? https://t.co/24JVs9RvrC,[],[],"['marejoy', 'madrilima', 'MsBraun7', 'ingrid_maria_57', 'DINAHMRIB1', 'SaudadesFilha', 'AcoLyonel', 'AlerquinaHarley', 'TassianaFiguei3', 'Luna_quarentena', 'verajazz']",[],Mexico, marejoy  madrilima  MsBraun7  ingrid maria 57  DINAHMRIB1  SaudadesFilha  AcoLyonel  AlerquinaHarley  TassianaFiguei3  Luna quarentena  verajazz Imagina  https   t co 24JVs9RvrC,2021-09-22 17:00:00
8,es,False,1440728885205733382,@ulissesneto Tu loves quarentena ğŸ˜ğŸ˜€,"['ğŸ˜€', 'ğŸ˜']",[],['ulissesneto'],[],Mexico, ulissesneto Tu loves quarentena ,2021-09-22 17:00:00
9,es,False,1440721962083360779,Bolsonaro cumprirÃ¡ quarentena determinada pela Anvisa https://t.co/cWM7SQWpkp via @agoranoticiasbr,[],[],['agoranoticiasbr'],['https://t.co/cWM7SQWpkp'],Mexico,Bolsonaro cumprirÃ¡ quarentena determinada pela Anvisa https   t co cWM7SQWpkp via  agoranoticiasbr,2021-09-22 17:00:00
10,es,False,1440721920995966978,Bolsonaro cumprirÃ¡ quarentena determinada pela Anvisa https://t.co/lZ7jNY5NeU via @agoranoticiasbr,[],[],['agoranoticiasbr'],['https://t.co/lZ7jNY5NeU'],Mexico,Bolsonaro cumprirÃ¡ quarentena determinada pela Anvisa https   t co lZ7jNY5NeU via  agoranoticiasbr,2021-09-22 17:00:00
11,es,False,1440721879073898496,Bolsonaro cumprirÃ¡ quarentena determinada pela Anvisa https://t.co/eY5CLF1kb6 via @agoranoticiasbr,[],[],['agoranoticiasbr'],['https://t.co/eY5CLF1kb6'],Mexico,Bolsonaro cumprirÃ¡ quarentena determinada pela Anvisa https   t co eY5CLF1kb6 via  agoranoticiasbr,2021-09-22 17:00:00
12,es,False,1440721819602804745,Bolsonaro cumprirÃ¡ quarentena determinada pela Anvisa https://t.co/SD0wXg9FYU via @agoranoticiasbr,[],[],['agoranoticiasbr'],['https://t.co/SD0wXg9FYU'],Mexico,Bolsonaro cumprirÃ¡ quarentena determinada pela Anvisa https   t co SD0wXg9FYU via  agoranoticiasbr,2021-09-22 17:00:00
13,es,False,1440721769489322000,Bolsonaro cumprirÃ¡ quarentena determinada pela Anvisa https://t.co/IUibRGeS90 via @agoranoticiasbr,[],[],['agoranoticiasbr'],['https://t.co/IUibRGeS90'],Mexico,Bolsonaro cumprirÃ¡ quarentena determinada pela Anvisa https   t co IUibRGeS90 via  agoranoticiasbr,2021-09-22 17:00:00
14,es,True,1440716806075731968,Bolsonaro cumprirÃ¡ quarentena determinada pela Anvisa - Prisma - R7 Christina Lemos https://t.co/3lNsWifb0f,[],[],[],['https://t.co/3lNsWifb0f'],Mexico,Bolsonaro cumprirÃ¡ quarentena determinada pela Anvisa   Prisma   R7 Christina Lemos https   t co 3lNsWifb0f,2021-09-22 17:00:00
15,es,False,1440713111963504642,"Com apenas 16 anos, adolescente fotografa trabalhadores durante a quarentena - GQ | Noticias https://t.co/VhOPYBLMs7",[],[],[],['https://t.co/VhOPYBLMs7'],Mexico,Com apenas 16 anos  adolescente fotografa trabalhadores durante a quarentena   GQ   Noticias https   t co VhOPYBLMs7,2021-09-22 16:00:00
16,es,True,1440712323245613070,"Bolsonaro cumprirÃ¡ quarentena determinada pela Anvisa

https://t.co/YPZlHgfMeC https://t.co/NjLdYxItpz",[],[],[],['https://t.co/YPZlHgfMeC'],Mexico,Bolsonaro cumprirÃ¡ quarentena determinada pela Anvisahttps   t co YPZlHgfMeC https   t co NjLdYxItpz,2021-09-22 16:00:00
17,es,False,1440710835538518024,@marejoy @MsBraun7 @CludiaTanaka2 @ingrid_maria_57 @DINAHMRIB1 @SaudadesFilha @AcoLyonel @AlerquinaHarley @TassianaFiguei3 @Luna_quarentena @verajazz Time TRETA,[],[],"['marejoy', 'MsBraun7', 'CludiaTanaka2', 'ingrid_maria_57', 'DINAHMRIB1', 'SaudadesFilha', 'AcoLyonel', 'AlerquinaHarley', 'TassianaFiguei3', 'Luna_quarentena', 'verajazz']",[],Mexico, marejoy  MsBraun7  CludiaTanaka2  ingrid maria 57  DINAHMRIB1  SaudadesFilha  AcoLyonel  AlerquinaHarley  TassianaFiguei3  Luna quarentena  verajazz Time TRETA,2021-09-22 16:00:00
18,es,False,1440706915256864770,"Porque Bolsonaro poderÃ¡ ser preso :
https://t.co/tkm7XpguAs",[],[],[],['https://t.co/tkm7XpguAs'],Mexico,Porque Bolsonaro poderÃ¡ ser preso  https   t co tkm7XpguAs,2021-09-22 16:00:00
19,es,False,1440692862669115400,"vibes d quan posaven el cumpleaÃ±os feliz en quarentena, recuerdos se vietnam https://t.co/YnUPKZujq8",[],[],[],['https://t.co/YnUPKZujq8'],Mexico,vibes d quan posaven el cumpleaÃ±os feliz en quarentena  recuerdos se vietnam https   t co YnUPKZujq8,2021-09-22 15:00:00
20,es,False,1440652390776991748,"Anvisa pede quarentena para comitiva de Bolsonaro
https://t.co/J5IekZINfG https://t.co/d71KbWYq9v",[],[],[],['https://t.co/J5IekZINfG'],Mexico,Anvisa pede quarentena para comitiva de Bolsonarohttps   t co J5IekZINfG https   t co d71KbWYq9v,2021-09-22 12:00:00
21,es,False,1440624823818809358,"en Alemania ğŸ‡©ğŸ‡ª la gente que no se quiere vacunar tendrÃ¡ que pagar las pruebas para el virus y, si le toca hacer quarentena, le descontarÃ¡n los dÃ­as del sueldo",['ğŸ‡©ğŸ‡ª'],[],[],[],Mexico,en Alemania  la gente que no se quiere vacunar tendrÃ¡ que pagar las pruebas para el virus y  si le toca hacer quarentena  le descontarÃ¡n los dÃ­as del sueldo,2021-09-22 11:00:00
22,es,False,1440557034936565767,"El fotÃ³grafo Antonio GirbÃ©s nos presentÃ³ su nueva publicaciÃ³n: 'Quarentena', un fotolibro del que parte de sus beneficios se destinarÃ¡n al programa @NCCancer, de @ClinicaNavarra, Â¿te gustarÃ­a saber mÃ¡s de este libro?
#SPENDINmagazine
#LaEsenciaDeLoEsencia https://t.co/g3lGRzZsrl",[],"['SPENDINmagazine', 'LaEsenciaDeLoEsencia']","['NCCancer', 'ClinicaNavarra']",['https://t.co/g3lGRzZsrl'],Mexico,El fotÃ³grafo Antonio GirbÃ©s nos presentÃ³ su nueva publicaciÃ³n   Quarentena   un fotolibro del que parte de sus beneficios se destinarÃ¡n al programa  NCCancer  de  ClinicaNavarra  Â¿te gustarÃ­a saber mÃ¡s de este libro  SPENDINmagazine LaEsenciaDeLoEsencia https   t co g3lGRzZsrl,2021-09-22 06:00:00
23,es,False,1440535486800404483,"El fotÃ³grafo Antonio GirbÃ©s nos presentÃ³ su nueva publicaciÃ³n: 'Quarentena', un fotolibro del que parte de sus beneficios se destinarÃ¡n al programa @NCCancer, de @ClinicaNavarra, Â¿te gustarÃ­a saber mÃ¡s de este libro?
#SPENDINmagazine
#LaEsenciaDeLoEsencial
https://t.co/lJyPsH8lG9",[],"['SPENDINmagazine', 'LaEsenciaDeLoEsencial']","['NCCancer', 'ClinicaNavarra']",['https://t.co/lJyPsH8lG9'],Mexico,El fotÃ³grafo Antonio GirbÃ©s nos presentÃ³ su nueva publicaciÃ³n   Quarentena   un fotolibro del que parte de sus beneficios se destinarÃ¡n al programa  NCCancer  de  ClinicaNavarra  Â¿te gustarÃ­a saber mÃ¡s de este libro  SPENDINmagazine LaEsenciaDeLoEsencialhttps   t co lJyPsH8lG9,2021-09-22 05:00:00
24,es,False,1440519075696762882,@macunaimaz21 @_Bel28 @ssocorrosantoss @sbrjjo @ath1abalba @NainhaVacinada @AlerquinaHarley @Luna_quarentena @LuciaFariasTri1 @MiguelNew171 @EdinhoPG02 @MsBraun7 Q lindos!,[],[],"['macunaimaz21', '_Bel28', 'ssocorrosantoss', 'sbrjjo', 'ath1abalba', 'NainhaVacinada', 'AlerquinaHarley', 'Luna_quarentena', 'LuciaFariasTri1', 'MiguelNew171', 'EdinhoPG02', 'MsBraun7']",[],Mexico, macunaimaz21   Bel28  ssocorrosantoss  sbrjjo  ath1abalba  NainhaVacinada  AlerquinaHarley  Luna quarentena  LuciaFariasTri1  MiguelNew171  EdinhoPG02  MsBraun7 Q lindos ,2021-09-22 04:00:00
25,es,False,1440505413959442448,@Luna_quarentena Calma Luna!,[],[],['Luna_quarentena'],[],Mexico, Luna quarentena Calma Luna ,2021-09-22 03:00:00
26,es,False,1440502674856706049,ela expondo roles clandestinos durante a quarentena,['xp'],[],[],[],Mexico,ela eondo roles clandestinos durante a quarentena,2021-09-22 02:00:00
27,es,False,1440495838183051265,@mqueiroga2 @minsaude Enfia o dedo no toba durante a quarentena,[],[],"['mqueiroga2', 'minsaude']",[],Mexico, mqueiroga2  minsaude Enfia o dedo no toba durante a quarentena,2021-09-22 02:00:00
28,es,False,1440486094202540038,â¦@mqueiroga2â© testa positivo para Covid e terÃ¡ que cumprir quarentena nos Estados Unidos.  https://t.co/WXXbXmpAtT,[],[],['mqueiroga2'],['https://t.co/WXXbXmpAtT'],Mexico,â¦ mqueiroga2â© testa positivo para Covid e terÃ¡ que cumprir quarentena nos Estados Unidos   https   t co WXXbXmpAtT,2021-09-22 01:00:00
29,es,False,1440482136696393739,"Q bonito

https://t.co/ul9iZeeHVc",[],[],[],['https://t.co/ul9iZeeHVc'],Mexico,Q bonitohttps   t co ul9iZeeHVc,2021-09-22 01:00:00
30,es,False,1440480927944114178,@Pirocoptero86 @Carrodoovinho Puta que nojo ğŸ¤®,['ğŸ¤®'],[],"['Pirocoptero86', 'Carrodoovinho']",[],Mexico, Pirocoptero86  Carrodoovinho Puta que nojo ,2021-09-22 01:00:00
31,es,False,1440479902340243469,@Marina92011959 Que pena https://t.co/f7qygmKEZq,[],[],['Marina92011959'],[],Mexico, Marina92011959 Que pena https   t co f7qygmKEZq,2021-09-22 01:00:00
32,es,False,1440474654284533771,@Luna_quarentena Imagino amiga ğŸ˜¢ğŸ˜¢,['ğŸ˜¢'],[],['Luna_quarentena'],[],Mexico, Luna quarentena Imagino amiga ,2021-09-22 01:00:00
33,es,False,1440471175138725889,@Luna_quarentena Complicadoâ€¦,[],[],['Luna_quarentena'],[],Mexico, Luna quarentena Complicadoâ€¦,2021-09-22 00:00:00
34,es,False,1440440246240362498,@Luna_quarentena @eduardoandrea Grata.,[],[],"['Luna_quarentena', 'eduardoandrea']",[],Mexico, Luna quarentena  eduardoandrea Grata ,2021-09-21 22:00:00
35,es,False,1440430631683428353,@Luna_quarentena Caga no pÃ© dele!,[],[],['Luna_quarentena'],[],Mexico, Luna quarentena Caga no pÃ© dele ,2021-09-21 22:00:00
36,es,False,1440430254665830400,@brunosouza8282 Entiada? ğŸ¤”,['ğŸ¤”'],[],['brunosouza8282'],[],Mexico, brunosouza8282 Entiada  ,2021-09-21 22:00:00
37,es,False,1440396719640875015,@cgdoval en el prÃ³ximo quarentena podrÃ­as dar una opiniÃ³n sobre los posibles trastornos de las vacunas con el perÃ­odo? No sÃ© hasta que punto la cosa es o no es.,[],[],['cgdoval'],[],Mexico, cgdoval en el prÃ³ximo quarentena podrÃ­as dar una opiniÃ³n sobre los posibles trastornos de las vacunas con el perÃ­odo  No sÃ© hasta que punto la cosa es o no es ,2021-09-21 19:00:00
38,es,False,1440391547141320713,@C5N @fllorenteantoni El fin justifica los medios escribiÃ³ alguna vez NapoleÃ³n y se traduce ahora en Argentina como:todo sea por un voto. Por decreto empezÃ³ la quarentena y por decreto termina la PANDEMIA;si esto lo hacia otro gobierno lo estarÃ­an matando con la variante Delta dando vueltas.Ridiculos!,[],[],"['C5N', 'fllorenteantoni']",[],Mexico, C5N  fllorenteantoni El fin justifica los medios escribiÃ³ alguna vez NapoleÃ³n y se traduce ahora en Argentina como todo sea por un voto  Por decreto empezÃ³ la quarentena y por decreto termina la PANDEMIA si esto lo hacia otro gobierno lo estarÃ­an matando con la variante Delta dando vueltas Ridiculos ,2021-09-21 19:00:00
39,es,False,1440343897926864896,@LuizERF99 @AlerquinaHarley @AdrnoSantos @Pr_Magela @ConsaBurgos @Deusa_Hela_ @gubarthelson @Guihzinhou @DropTheMobile @_bel2 @Luna_quarentena @marcosmunizmelo @Penelopequasec1 @Divergente1977 @AlerquinaHarley ele estÃ¡ nos desafiandoğŸ¤£ğŸ¤£ğŸ¤£,['ğŸ¤£'],[],"['LuizERF99', 'AlerquinaHarley', 'AdrnoSantos', 'Pr_Magela', 'ConsaBurgos', 'Deusa_Hela_', 'gubarthelson', 'Guihzinhou', 'DropTheMobile', '_bel2', 'Luna_quarentena', 'marcosmunizmelo', 'Penelopequasec1', 'Divergente1977', 'AlerquinaHarley']",[],Mexico, LuizERF99  AlerquinaHarley  AdrnoSantos  Pr Magela  ConsaBurgos  Deusa Hela   gubarthelson  Guihzinhou  DropTheMobile   bel2  Luna quarentena  marcosmunizmelo  Penelopequasec1  Divergente1977  AlerquinaHarley ele estÃ¡ nos desafiando,2021-09-21 16:00:00
40,es,False,1440295728673296384,desde 2019 estamos de quarentena https://t.co/ZC2vXqVADN,[],[],[],['https://t.co/ZC2vXqVADN'],Mexico,desde 2019 estamos de quarentena https   t co ZC2vXqVADN,2021-09-21 13:00:00
41,es,False,1440286765760192519,@rosevitaly1 @lesarmol @Wagner_Planas @rosangela_bolze @CludiaTanaka2 @Deusa_Hela_ @08578hgf @fergrecocas @pchopner @ana70947612 @Luna_quarentena Pronto,[],[],"['rosevitaly1', 'lesarmol', 'Wagner_Planas', 'rosangela_bolze', 'CludiaTanaka2', 'Deusa_Hela_', '08578hgf', 'fergrecocas', 'pchopner', 'ana70947612', 'Luna_quarentena']",[],Mexico, rosevitaly1  lesarmol  Wagner Planas  rosangela bolze  CludiaTanaka2  Deusa Hela   08578hgf  fergrecocas  pchopner  ana70947612  Luna quarentena Pronto,2021-09-21 12:00:00
42,es,False,1440267888221327361,@FlvioMartinsds3 @Luna_quarentena @Deusa_Hela_ Qual o alucinÃ³geno que eles usam???,[],[],"['FlvioMartinsds3', 'Luna_quarentena', 'Deusa_Hela_']",[],Mexico, FlvioMartinsds3  Luna quarentena  Deusa Hela  Qual o alucinÃ³geno que eles usam   ,2021-09-21 11:00:00
43,es,False,1440147082032021504,@CCunha1964 Triste e emocionante ğŸ˜¢,['ğŸ˜¢'],[],['CCunha1964'],[],Mexico, CCunha1964 Triste e emocionante ,2021-09-21 03:00:00
44,es,False,1440115135897640960,"sempre tivemos neuronios funcionais, obvio que respeitamos a quarentena https://t.co/z5WFhwxJzo",[],[],[],['https://t.co/z5WFhwxJzo'],Mexico,sempre tivemos neuronios funcionais  obvio que respeitamos a quarentena https   t co z5WFhwxJzo,2021-09-21 01:00:00
45,es,False,1440102915151106049,@Luna_quarentena @DOICODI_NELES Luna ğŸ‘ğŸ»ğŸ‘ğŸ»ğŸ‘ğŸ»ğŸ‘ğŸ»ğŸ‘ğŸ»,['ğŸ‘ğŸ»'],[],"['Luna_quarentena', 'DOICODI_NELES']",[],Mexico, Luna quarentena  DOICODI NELES Luna ,2021-09-21 00:00:00
46,es,False,1440075927183003655,@julio_argentin0 Hedukando a los chiquos en la quarentena,[],[],['julio_argentin0'],[],Mexico, julio argentin0 Hedukando a los chiquos en la quarentena,2021-09-20 22:00:00
47,es,False,1440071241008697345,"Queroâ£ï¸ğŸ–¤
#kytannaf #vampiros #bruxaky #quarentena #2021 https://t.co/k744431tge","['â£ï¸', 'ğŸ–¤']","['kytannaf', 'vampiros', 'bruxaky', 'quarentena']",[],['https://t.co/k744431tge'],Mexico,Quero kytannaf  vampiros  bruxaky  quarentena  2021 https   t co k744431tge,2021-09-20 22:00:00
48,es,False,1440067396962684928,@Iberia Da la impresiÃ³n de que no tienes clara la respuesta. Eso es: quiero comprar un billete con Avios y dinero: parte de este dinero serÃ­a conun bono de un viaje suspendido de la quarentena. Es posible?,[],[],['Iberia'],[],Mexico, Iberia Da la impresiÃ³n de que no tienes clara la respuesta  Eso es  quiero comprar un billete con Avios y dinero  parte de este dinero serÃ­a conun bono de un viaje suspendido de la quarentena  Es posible ,2021-09-20 22:00:00
49,es,False,1440045597440954377,DÃ­a 2 de quarentena; Alberto sÃ³bame la quena,[],[],[],[],Mexico,DÃ­a 2 de quarentena  Alberto sÃ³bame la quena,2021-09-20 20:00:00
50,es,False,1440033212676272129,"@SigaGazetaBR Como, se ele terÃ¡ que cumprir quarentena?",[],[],['SigaGazetaBR'],[],Mexico, SigaGazetaBR Como  se ele terÃ¡ que cumprir quarentena ,2021-09-20 19:00:00
51,es,False,1440023375179653131,@Rkrahenbuhl Quarentena eterno pro bozo por favor,[],[],['Rkrahenbuhl'],[],Mexico, Rkrahenbuhl Quarentena eterno pro bozo por favor,2021-09-20 19:00:00
52,es,False,1439950681813786627,@marejoy @ath1abalba @AcoLyonel @Luna_quarentena @madrilima @MarciaAly01 @AlerquinaHarley @MsBraun7 @Deusa_Hela_ @CludiaTanaka2 @ConsaBurgos Entendi...ğŸ˜‰ğŸ˜‚ğŸ˜‚,"['ğŸ˜‰', 'ğŸ˜‚']",[],"['marejoy', 'ath1abalba', 'AcoLyonel', 'Luna_quarentena', 'madrilima', 'MarciaAly01', 'AlerquinaHarley', 'MsBraun7', 'Deusa_Hela_', 'CludiaTanaka2', 'ConsaBurgos']",[],Mexico, marejoy  ath1abalba  AcoLyonel  Luna quarentena  madrilima  MarciaAly01  AlerquinaHarley  MsBraun7  Deusa Hela   CludiaTanaka2  ConsaBurgos Entendi   ,2021-09-20 14:00:00
53,es,False,1439949283432730627,@ath1abalba @AcoLyonel @Luna_quarentena @madrilima @MarciaAly01 @AlerquinaHarley @MsBraun7 @ACupinj @Deusa_Hela_ @CludiaTanaka2 @ConsaBurgos Nos comentarios do tweet dele,[],[],"['ath1abalba', 'AcoLyonel', 'Luna_quarentena', 'madrilima', 'MarciaAly01', 'AlerquinaHarley', 'MsBraun7', 'ACupinj', 'Deusa_Hela_', 'CludiaTanaka2', 'ConsaBurgos']",[],Mexico, ath1abalba  AcoLyonel  Luna quarentena  madrilima  MarciaAly01  AlerquinaHarley  MsBraun7  ACupinj  Deusa Hela   CludiaTanaka2  ConsaBurgos Nos comentarios do tweet dele,2021-09-20 14:00:00
54,es,False,1439837107799920640,"@Luna_quarentena @ACesar21786064 @didiindignada @claudiaM2021 @VitalAbraao @EmillyLuh @BlogdoNoblat Ciumenta ela 
ğŸ˜‚ğŸ˜‚ğŸ˜‚ğŸ˜‚",['ğŸ˜‚'],[],"['Luna_quarentena', 'ACesar21786064', 'didiindignada', 'claudiaM2021', 'VitalAbraao', 'EmillyLuh', 'BlogdoNoblat']",[],Mexico, Luna quarentena  ACesar21786064  didiindignada  claudiaM2021  VitalAbraao  EmillyLuh  BlogdoNoblat Ciumenta ela ,2021-09-20 06:00:00
55,es,False,1439803676739219460,"@kurtnolte @julianaoxenford En CanadÃ¡ como en UK, y otros paÃ­ses no aceptan Sinopharm, debes hacer quarentena 10 dÃ­as, test PCR al llegar al aeropuerto. PerÃº debe dar sÃ³lo Pfizer, Moderna o Johnson @PolloFarsantePe @rmapalacios @augusthorndike",[],[],"['kurtnolte', 'julianaoxenford', 'PolloFarsantePe', 'rmapalacios', 'augusthorndike']",[],Mexico, kurtnolte  julianaoxenford En CanadÃ¡ como en UK  y otros paÃ­ses no aceptan Sinopharm  debes hacer quarentena 10 dÃ­as  test PCR al llegar al aeropuerto  PerÃº debe dar sÃ³lo Pfizer  Moderna o Johnson  PolloFarsantePe  rmapalacios  augusthorndike,2021-09-20 04:00:00
56,es,False,1439793212571496452,"@rsallesmma Grande bosta, enfia no cu!",[],[],['rsallesmma'],[],Mexico, rsallesmma Grande bosta  enfia no cu ,2021-09-20 03:00:00
57,es,False,1439788569481158657,@MiguelNew171 @congressoemfoco Que triste https://t.co/bbJ3HGuyiZ,[],[],"['MiguelNew171', 'congressoemfoco']",[],Mexico, MiguelNew171  congressoemfoco Que triste https   t co bbJ3HGuyiZ,2021-09-20 03:00:00
58,es,False,1439773845666336772,@douglas_web @rosangela_bolze @CludiaTanaka2 @Deusa_Hela_ @pchopner @lesarmol @ana70947612 @08578hgf @DINAHMRIB1 @Luna_quarentena EletrodomÃ©sticos Movidos a ivermectina ?,[],[],"['douglas_web', 'rosangela_bolze', 'CludiaTanaka2', 'Deusa_Hela_', 'pchopner', 'lesarmol', 'ana70947612', '08578hgf', 'DINAHMRIB1', 'Luna_quarentena']",[],Mexico, douglas web  rosangela bolze  CludiaTanaka2  Deusa Hela   pchopner  lesarmol  ana70947612  08578hgf  DINAHMRIB1  Luna quarentena EletrodomÃ©sticos Movidos a ivermectina  ,2021-09-20 02:00:00
59,es,False,1439765486997315586,@Luna_quarentena @AleStealth_ Vamos para @ConsaBurgos,[],[],"['Luna_quarentena', 'AleStealth_', 'ConsaBurgos']",[],Mexico, Luna quarentena  AleStealth  Vamos para  ConsaBurgos,2021-09-20 02:00:00
60,es,False,1439760272982425600,@Luna_quarentena @AleStealth_ Toma tentoğŸ¤£ğŸ¤£ğŸ¤£,['ğŸ¤£'],[],"['Luna_quarentena', 'AleStealth_']",[],Mexico, Luna quarentena  AleStealth  Toma tento,2021-09-20 01:00:00
61,es,False,1439757467240566791,"@Luna_quarentena @TassianaFiguei3 Ehhhhh vamos pro MÃ©xico e pular o muro , fugir pra Las Vegas",[],[],"['Luna_quarentena', 'TassianaFiguei3']",[],Mexico, Luna quarentena  TassianaFiguei3 Ehhhhh vamos pro MÃ©xico e pular o muro   fugir pra Las Vegas,2021-09-20 01:00:00
62,es,False,1439754533362704390,@Luna_quarentena @TassianaFiguei3 Ponto fraco?ğŸ˜ƒ,['ğŸ˜ƒ'],[],"['Luna_quarentena', 'TassianaFiguei3']",[],Mexico, Luna quarentena  TassianaFiguei3 Ponto fraco ,2021-09-20 01:00:00
63,es,False,1439753655868141568,@Luna_quarentena @AleStealth_ @TassianaFiguei3 Masoquista https://t.co/qEUchjuNxG,[],[],"['Luna_quarentena', 'AleStealth_', 'TassianaFiguei3']",[],Mexico, Luna quarentena  AleStealth   TassianaFiguei3 Masoquista https   t co qEUchjuNxG,2021-09-20 01:00:00
64,es,False,1439752840604495872,@AleStealth_ @VicenteMarcelao @TassianaFiguei3 LunÃ¡ticas kkkkk,[],[],"['AleStealth_', 'VicenteMarcelao', 'TassianaFiguei3']",[],Mexico, AleStealth   VicenteMarcelao  TassianaFiguei3 LunÃ¡ticas kkkkk,2021-09-20 01:00:00
65,es,False,1439751786584215552,@Luna_quarentena @VicenteMarcelao @TassianaFiguei3 Como sabe?,[],[],"['Luna_quarentena', 'VicenteMarcelao', 'TassianaFiguei3']",[],Mexico, Luna quarentena  VicenteMarcelao  TassianaFiguei3 Como sabe ,2021-09-20 01:00:00
66,es,False,1439750599252271108,@Luna_quarentena Te entendo amiga,[],[],['Luna_quarentena'],[],Mexico, Luna quarentena Te entendo amiga,2021-09-20 01:00:00
67,es,False,1439749541725618177,@Luna_quarentena @debmorelli07 @lauraecl71 @TassianaFiguei3 To esperando,[],[],"['Luna_quarentena', 'debmorelli07', 'lauraecl71', 'TassianaFiguei3']",[],Mexico, Luna quarentena  debmorelli07  lauraecl71  TassianaFiguei3 To esperando,2021-09-20 01:00:00
68,es,False,1439745017514500099,@NcMarli @TassianaFiguei3 @Luna_quarentena Tocadores de berrante ğŸ˜‚ğŸ˜‚ğŸ˜‚ğŸ˜‚ğŸ˜‚,['ğŸ˜‚'],[],"['NcMarli', 'TassianaFiguei3', 'Luna_quarentena']",[],Mexico, NcMarli  TassianaFiguei3  Luna quarentena Tocadores de berrante ,2021-09-20 00:00:00
69,es,False,1439743266228932608,"@AleStealth_ @debmorelli07 @lauraecl71 @TassianaFiguei3 Nojo, sei... https://t.co/itxTKMEeyl",[],[],"['AleStealth_', 'debmorelli07', 'lauraecl71', 'TassianaFiguei3']",[],Mexico, AleStealth   debmorelli07  lauraecl71  TassianaFiguei3 Nojo  sei    https   t co itxTKMEeyl,2021-09-20 00:00:00
70,es,False,1439742967007301634,@AleStealth_ @lauraecl71 @debmorelli07 @TassianaFiguei3 Repete! https://t.co/rm4b0UhfuY,[],[],"['AleStealth_', 'lauraecl71', 'debmorelli07', 'TassianaFiguei3']",[],Mexico, AleStealth   lauraecl71  debmorelli07  TassianaFiguei3 Repete  https   t co rm4b0UhfuY,2021-09-20 00:00:00
71,es,False,1439742170450251781,@TassianaFiguei3 @AleStealth_ Imagino https://t.co/tTg8Gc66UL,[],[],"['TassianaFiguei3', 'AleStealth_']",[],Mexico, TassianaFiguei3  AleStealth  Imagino https   t co tTg8Gc66UL,2021-09-20 00:00:00
72,es,False,1439741330020839431,@lauraecl71 @Luna_quarentena @debmorelli07 @TassianaFiguei3 LambisgÃ³ias,[],[],"['lauraecl71', 'Luna_quarentena', 'debmorelli07', 'TassianaFiguei3']",[],Mexico, lauraecl71  Luna quarentena  debmorelli07  TassianaFiguei3 LambisgÃ³ias,2021-09-20 00:00:00
73,es,False,1439739018154061832,@Luna_quarentena @AleStealth_ *de ir*,[],[],"['Luna_quarentena', 'AleStealth_']",[],Mexico, Luna quarentena  AleStealth   de ir ,2021-09-20 00:00:00
74,es,False,1439738427679911936,@debmorelli07 @TassianaFiguei3 @AleStealth_ @lauraecl71 Ele arrega ğŸ˜‚ğŸ˜‚ğŸ˜‚ğŸ˜‚ğŸ˜‚,['ğŸ˜‚'],[],"['debmorelli07', 'TassianaFiguei3', 'AleStealth_', 'lauraecl71']",[],Mexico, debmorelli07  TassianaFiguei3  AleStealth   lauraecl71 Ele arrega ,2021-09-20 00:00:00
75,es,False,1439737375412965380,@Luna_quarentena @AleStealth_ CantadağŸ¤£ğŸ¤£ğŸ¤£ğŸ¤£,['ğŸ¤£'],[],"['Luna_quarentena', 'AleStealth_']",[],Mexico, Luna quarentena  AleStealth  Cantada,2021-09-20 00:00:00
76,es,False,1439734517829406723,@TassianaFiguei3 @AleStealth_ Mente perversa ğŸ˜Œ,['ğŸ˜Œ'],[],"['TassianaFiguei3', 'AleStealth_']",[],Mexico, TassianaFiguei3  AleStealth  Mente perversa ,2021-09-20 00:00:00
77,es,False,1439725974606725123,@CludiaTanaka2 Mundo injusto ğŸ˜‚ğŸ˜‚ğŸ˜‚ğŸ˜‚,['ğŸ˜‚'],[],['CludiaTanaka2'],[],Mexico, CludiaTanaka2 Mundo injusto ,2021-09-19 23:00:00
78,es,False,1439725649585975304,@Luna_quarentena Estamos bancando!,[],[],['Luna_quarentena'],[],Mexico, Luna quarentena Estamos bancando ,2021-09-19 23:00:00
79,es,False,1439718164418412546,Yoshi respeitando a quarentena https://t.co/b1GqAAsZn2,[],[],[],['https://t.co/b1GqAAsZn2'],Mexico,Yoshi respeitando a quarentena https   t co b1GqAAsZn2,2021-09-19 22:00:00
80,es,False,1439708604337172485,@NcMarli @TassianaFiguei3 @Luna_quarentena @Naiavacinada @sbrjjo @MsBraun7 @AlerquinaHarley @macunaimaz21 @anacwb76 @cristianepmar @debmorelli07 Vamos socar a cara dele..,[],[],"['NcMarli', 'TassianaFiguei3', 'Luna_quarentena', 'Naiavacinada', 'sbrjjo', 'MsBraun7', 'AlerquinaHarley', 'macunaimaz21', 'anacwb76', 'cristianepmar', 'debmorelli07']",[],Mexico, NcMarli  TassianaFiguei3  Luna quarentena  Naiavacinada  sbrjjo  MsBraun7  AlerquinaHarley  macunaimaz21  anacwb76  cristianepmar  debmorelli07 Vamos socar a cara dele  ,2021-09-19 22:00:00
81,es,False,1439700438434074630,@alferdez Atrasan como gobierno Fracasados no cumplieron en nada NI con la quarentena Van a volver a perder #NuncaMasK,[],['NuncaMasK'],['alferdez'],[],Mexico, alferdez Atrasan como gobierno Fracasados no cumplieron en nada NI con la quarentena Van a volver a perder  NuncaMasK,2021-09-19 21:00:00
82,es,False,1439688828760043521,"@SenaiR8 @josealbertoas89 @OliverMM10 @RusoZamogilny Fueron con Rob Valentino.

Pineda ficou em quarentena por ter pego Covid.",[],[],"['SenaiR8', 'josealbertoas89', 'OliverMM10', 'RusoZamogilny']",[],Mexico, SenaiR8  josealbertoas89  OliverMM10  RusoZamogilny Fueron con Rob Valentino Pineda ficou em quarentena por ter pego Covid ,2021-09-19 21:00:00
83,es,False,1439673252738215938,@eduardoandrea Que horror ğŸ˜¢,['ğŸ˜¢'],[],['eduardoandrea'],[],Mexico, eduardoandrea Que horror ,2021-09-19 20:00:00
84,es,False,1439658262606012419,@AntonioUlisses8 @FlavioPradela Bando de iludido ğŸ˜‚ğŸ˜‚ğŸ˜‚ğŸ˜‚,['ğŸ˜‚'],[],"['AntonioUlisses8', 'FlavioPradela']",[],Mexico, AntonioUlisses8  FlavioPradela Bando de iludido ,2021-09-19 19:00:00
85,es,False,1439647268236316681,@paololibano @ThomasFreedomF1 Todos os dias,[],[],"['paololibano', 'ThomasFreedomF1']",[],Mexico, paololibano  ThomasFreedomF1 Todos os dias,2021-09-19 18:00:00
86,es,False,1439643028176654342,@Joomendez3 Oremos ğŸ™ŒğŸ»,['ğŸ™ŒğŸ»'],[],['Joomendez3'],[],Mexico, Joomendez3 Oremos ,2021-09-19 18:00:00
87,es,False,1439575818741682183,@Luna_quarentena @antoniotabet @MiguelNew171 Espetacular!!!ğŸ˜‚ğŸ˜‚ğŸ˜‚ğŸ˜‚ğŸ˜‚,['ğŸ˜‚'],[],"['Luna_quarentena', 'antoniotabet', 'MiguelNew171']",[],Mexico, Luna quarentena  antoniotabet  MiguelNew171 Espetacular   ,2021-09-19 13:00:00
88,es,False,1439563648205209601,@Luna_quarentena @NcMarli @TassianaFiguei3 @DOICODI_NELES @Solange18355863 @castilho_ivete @caragualucia @edumilsonpapo10 @0Gaucha2 @Naiavacinada Mico jegueson ğŸ˜‚ğŸ˜‚ğŸ˜‚,['ğŸ˜‚'],[],"['Luna_quarentena', 'NcMarli', 'TassianaFiguei3', 'DOICODI_NELES', 'Solange18355863', 'castilho_ivete', 'caragualucia', 'edumilsonpapo10', '0Gaucha2', 'Naiavacinada']",[],Mexico, Luna quarentena  NcMarli  TassianaFiguei3  DOICODI NELES  Solange18355863  castilho ivete  caragualucia  edumilsonpapo10  0Gaucha2  Naiavacinada Mico jegueson ,2021-09-19 12:00:00
89,es,False,1439481838863626241,@FlvioMartinsds3 @Luna_quarentena @NcMarli @TassianaFiguei3 @DOICODI_NELES @Solange18355863 @castilho_ivete @caragualucia @edumilsonpapo10 @0Gaucha2 @Naiavacinada MitoğŸ˜‚ğŸ˜‚ğŸ˜‚ğŸ˜‚,['ğŸ˜‚'],[],"['FlvioMartinsds3', 'Luna_quarentena', 'NcMarli', 'TassianaFiguei3', 'DOICODI_NELES', 'Solange18355863', 'castilho_ivete', 'caragualucia', 'edumilsonpapo10', '0Gaucha2', 'Naiavacinada']",[],Mexico, FlvioMartinsds3  Luna quarentena  NcMarli  TassianaFiguei3  DOICODI NELES  Solange18355863  castilho ivete  caragualucia  edumilsonpapo10  0Gaucha2  Naiavacinada Mito,2021-09-19 07:00:00
90,es,False,1439419365015818245,@Naiavacinada @Luna_quarentena @LuizERF99 @julianares01 @marejoy @claudia_maria @NcMarli @madrilima @AlerquinaHarley De tretas,[],[],"['Naiavacinada', 'Luna_quarentena', 'LuizERF99', 'julianares01', 'marejoy', 'claudia_maria', 'NcMarli', 'madrilima', 'AlerquinaHarley']",[],Mexico, Naiavacinada  Luna quarentena  LuizERF99  julianares01  marejoy  claudia maria  NcMarli  madrilima  AlerquinaHarley De tretas,2021-09-19 03:00:00
91,es,False,1439358693653499909,"Che Â¿el aerosol para los tiros libres del ""producto"" estÃ¡ en quarentena o quÃ© onda @LigaAFA?",[],[],['LigaAFA'],[],Mexico,Che Â¿el aerosol para los tiros libres del  producto  estÃ¡ en quarentena o quÃ© onda  LigaAFA ,2021-09-18 23:00:00
92,es,False,1439332815263477762,Quarentena c os 4 infectados ğŸ¥²,['ğŸ¥²'],[],[],[],Mexico,Quarentena c os 4 infectados ,2021-09-18 21:00:00
93,es,False,1439325344427876353,@rosevitaly1 @rosangela_bolze @CludiaTanaka2 @Deusa_Hela_ @pchopner @lesarmol @ana70947612 @08578hgf @DINAHMRIB1 @Luna_quarentena Desanimador.,[],[],"['rosevitaly1', 'rosangela_bolze', 'CludiaTanaka2', 'Deusa_Hela_', 'pchopner', 'lesarmol', 'ana70947612', '08578hgf', 'DINAHMRIB1', 'Luna_quarentena']",[],Mexico, rosevitaly1  rosangela bolze  CludiaTanaka2  Deusa Hela   pchopner  lesarmol  ana70947612  08578hgf  DINAHMRIB1  Luna quarentena Desanimador ,2021-09-18 20:00:00
94,es,True,1439318307232890884,AustrÃ¡lia prende centenas de manifestantes anti-quarentena https://t.co/KSKGevQSxg https://t.co/FPbApWa9Hp,[],[],[],['https://t.co/KSKGevQSxg'],Mexico,AustrÃ¡lia prende centenas de manifestantes anti quarentena https   t co KSKGevQSxg https   t co FPbApWa9Hp,2021-09-18 20:00:00
95,es,False,1439306915893362694,"[â€¦] postal poÃ©tico:
Â© Luciano Spagnol - poeta do cerrado

copyright Â© Todos os direitos reservados.
Se copiar citar a autoria â€“ Luciano Spagnol

VÃ­deo poÃ©tico no Canal do YouTube:
https://t.co/fUuQnBLSHb

#lucianospagnol #poetadocerrado #poesiaempauta  #sofrer #penar #quarentena https://t.co/yPnOr76N8B",['Â©'],"['lucianospagnol', 'poetadocerrado', 'poesiaempauta', 'sofrer', 'penar', 'quarentena']",[],['https://t.co/fUuQnBLSHb'],Mexico, â€¦  postal poÃ©tico  Luciano Spagnol   poeta do cerradocopyright  Todos os direitos reservados Se copiar citar a autoria â€“ Luciano SpagnolVÃ­deo poÃ©tico no Canal do YouTube https   t co fUuQnBLSHb lucianospagnol  poetadocerrado  poesiaempauta   sofrer  penar  quarentena https   t co yPnOr76N8B,2021-09-18 19:00:00
96,es,False,1439277850717302785,@Luna_quarentena Te amo â¤ï¸,['â¤ï¸'],[],['Luna_quarentena'],[],Mexico, Luna quarentena Te amo ,2021-09-18 17:00:00
97,es,False,1439266131945086976,@MiguelNew171 @sbrjjo Cobandante Habilton? ğŸ˜‚ğŸ˜‚ğŸ˜‚ğŸ˜‚ğŸ˜‚ğŸ˜‚,['ğŸ˜‚'],[],"['MiguelNew171', 'sbrjjo']",[],Mexico, MiguelNew171  sbrjjo Cobandante Habilton  ,2021-09-18 17:00:00
98,es,False,1439185184390328320,Agora eh hipocrisia de todos os lados militar sobre cumprir a quarentena,[],[],[],[],Mexico,Agora eh hipocrisia de todos os lados militar sobre cumprir a quarentena,2021-09-18 11:00:00
99,es,False,1439146075227557896,@Luna_quarentena Bolsonaro Collor!,[],[],['Luna_quarentena'],[],Mexico, Luna quarentena Bolsonaro Collor ,2021-09-18 09:00:00
100,es,False,1439080246620442628,O Harry procrastinou o treino de glÃºteo durante a quarentena ne menina https://t.co/9MKtaDUEyJ,[],[],[],[],Mexico,O Harry procrastinou o treino de glÃºteo durante a quarentena ne menina https   t co 9MKtaDUEyJ,2021-09-18 04:00:00
101,es,False,1439077692008173569,@chileaninnit nosotros teniamos muchos terremotos al principio de la quarentena ğŸ˜Ÿ eran de magnitud 6 a 4 pero ahora creo que solo es unas areas con magnitud baja,['ğŸ˜Ÿ'],[],['chileaninnit'],[],Mexico, chileaninnit nosotros teniamos muchos terremotos al principio de la quarentena  eran de magnitud 6 a 4 pero ahora creo que solo es unas areas con magnitud baja,2021-09-18 04:00:00
102,es,False,1439043885267918848,@_camilalln @drogasoeu_braia @yfmfeles antes da quarentena obvio,[],[],"['_camilalln', 'drogasoeu_braia', 'yfmfeles']",[],Mexico,  camilalln  drogasoeu braia  yfmfeles antes da quarentena obvio,2021-09-18 02:00:00
103,es,False,1439035857978200065,@Luna_quarentena Villa Sanja,[],[],['Luna_quarentena'],[],Mexico, Luna quarentena Villa Sanja,2021-09-18 01:00:00
104,es,False,1439035408625639427,@Luna_quarentena Zona Oeste,[],[],['Luna_quarentena'],[],Mexico, Luna quarentena Zona Oeste,2021-09-18 01:00:00
105,es,False,1439033569435869184,@CNNBrasil ğŸ¤”estÃ¡ vacinado e cumprirÃ¡ quarentena antes de entrar nos EUA...,['ğŸ¤”'],[],['CNNBrasil'],[],Mexico, CNNBrasil estÃ¡ vacinado e cumprirÃ¡ quarentena antes de entrar nos EUA   ,2021-09-18 01:00:00
106,es,False,1439021895949725697,@Luna_quarentena Q amor ğŸ˜,['ğŸ˜'],[],['Luna_quarentena'],[],Mexico, Luna quarentena Q amor ,2021-09-18 00:00:00
107,es,False,1439018147550568451,ara mateix luzco un poco vibes quarentena la veritat,[],[],[],[],Mexico,ara mateix luzco un poco vibes quarentena la veritat,2021-09-18 00:00:00
108,es,False,1438993117856866304,@rosevitaly1 @rosangela_bolze @08578hgf @Deusa_Hela_ @ana70947612 @DINAHMRIB1 @CludiaTanaka2 @Elianad04742827 @pchopner @lesarmol @Luna_quarentena @AlerquinaHarley @TassianaFiguei3 @fergrecocas denunciado,[],[],"['rosevitaly1', 'rosangela_bolze', '08578hgf', 'Deusa_Hela_', 'ana70947612', 'DINAHMRIB1', 'CludiaTanaka2', 'Elianad04742827', 'pchopner', 'lesarmol', 'Luna_quarentena', 'AlerquinaHarley', 'TassianaFiguei3', 'fergrecocas']",[],Mexico, rosevitaly1  rosangela bolze  08578hgf  Deusa Hela   ana70947612  DINAHMRIB1  CludiaTanaka2  Elianad04742827  pchopner  lesarmol  Luna quarentena  AlerquinaHarley  TassianaFiguei3  fergrecocas denunciado,2021-09-17 22:00:00
109,es,False,1438987101089959938,@AlerquinaHarley Traga pÃ©rolas ğŸ˜‚ğŸ˜‚ğŸ˜‚ğŸ˜‚,['ğŸ˜‚'],[],['AlerquinaHarley'],[],Mexico, AlerquinaHarley Traga pÃ©rolas ,2021-09-17 22:00:00
110,es,False,1438981153789259779,"@PATRlOTAS Vai haver quarentena para jornalistas, radialistas, artistas, etc.",[],[],['PATRlOTAS'],[],Mexico, PATRlOTAS Vai haver quarentena para jornalistas  radialistas  artistas  etc ,2021-09-17 22:00:00
111,es,False,1438980248989745156,"@DrPucela @juatorsan Vacunado y 1a PCR -, no hace falta quarentena, le digo que esperemos a la segunda para pasar a consulta y tachan.. Pcr +. A mi ya me da igual, vacunada, ventilando consulta y con fffp2 pero pienso en esa sala de espera...Ai esa sala de espera...",[],[],"['DrPucela', 'juatorsan']",[],Mexico, DrPucela  juatorsan Vacunado y 1a PCR    no hace falta quarentena  le digo que esperemos a la segunda para pasar a consulta y tachan   Pcr    A mi ya me da igual  vacunada  ventilando consulta y con fffp2 pero pienso en esa sala de espera   Ai esa sala de espera   ,2021-09-17 22:00:00
112,es,False,1438952483053781000,"Uruguai NÃ£o fez quarentena rÃ­gida = ğŸ‡§ğŸ‡· e ğŸ‡¦ğŸ‡· houve menos Ã³bitos: 
""No es casualidad que, en esa siempre triste comprobaciÃ³n de fallecidos por 100 mil habitantes, Argentina registra 251, Brasil 276 y Uruguay 173. Dicho de otro modo,Â la libertad responsable asegurÃ³ mÃ¡s vidas"", dijo. https://t.co/kIv4DKKuEm","['ğŸ‡§ğŸ‡·', 'ğŸ‡¦ğŸ‡·']",[],[],['https://t.co/kIv4DKKuEm'],Mexico,Uruguai NÃ£o fez quarentena rÃ­gida    e  houve menos Ã³bitos   No es casualidad que  en esa siempre triste comprobaciÃ³n de fallecidos por 100 mil habitantes  Argentina registra 251  Brasil 276 y Uruguay 173  Dicho de otro modo Â la libertad responsable asegurÃ³ mÃ¡s vidas   dijo  https   t co kIv4DKKuEm,2021-09-17 20:00:00
113,es,False,1438950279261663248,@ailuminadaa Que pena ğŸ˜‚ğŸ˜‚ğŸ˜‚ğŸ˜‚ğŸ˜‚,['ğŸ˜‚'],[],['ailuminadaa'],[],Mexico, ailuminadaa Que pena ,2021-09-17 20:00:00
114,es,False,1438949738473304071,@Luna_quarentena @NcMarli Vamos acalmarğŸ˜‚ğŸ˜‚ğŸ˜‚ https://t.co/ute7Yt5TUs,['ğŸ˜‚'],[],"['Luna_quarentena', 'NcMarli']",[],Mexico, Luna quarentena  NcMarli Vamos acalmar https   t co ute7Yt5TUs,2021-09-17 20:00:00
115,es,False,1438943446253903875,@MiguelNew171 @NcMarli @TassianaFiguei3 Nudes ğŸ™ˆ,['ğŸ™ˆ'],[],"['MiguelNew171', 'NcMarli', 'TassianaFiguei3']",[],Mexico, MiguelNew171  NcMarli  TassianaFiguei3 Nudes ,2021-09-17 19:00:00
116,es,False,1438943312325582858,@Luna_quarentena @NcMarli @TassianaFiguei3 Harley https://t.co/TilIRji0Yt,[],[],"['Luna_quarentena', 'NcMarli', 'TassianaFiguei3']",[],Mexico, Luna quarentena  NcMarli  TassianaFiguei3 Harley https   t co TilIRji0Yt,2021-09-17 19:00:00
117,es,False,1438922582959534082,@conexaopolitica Por favor inclua quarentena para bandidos/corruptos.,[],[],['conexaopolitica'],[],Mexico, conexaopolitica Por favor inclua quarentena para bandidos corruptos ,2021-09-17 18:00:00
118,es,False,1438900510694772743,@DINAHMRIB1 @cristianepmar @anacwb76 @Luna_quarentena @Naiavacinada @TassianaFiguei3 @macunaimaz21 @JANEVES2018 @LuizERF99 @ath1abalba @tamir_rimat @DSLDsuper @CleaRocha4 @jguedes_s @marceltsoares @gubarthelson @Antonielrcoelho @ConsaBurgos @ACupinj @claratpccamargo @JrGuaracy @AnaLuciaTargin3 @TaniaPena100 @alice_ane @AnaMariaPreis @ailuminadaa @Ari1junior @Suziane___ @Astolpho18 @ETuriya @marcosmunizmelo @fracaro_cris @mqueiroga2 @Solangeblues Bandidos,[],[],"['DINAHMRIB1', 'cristianepmar', 'anacwb76', 'Luna_quarentena', 'Naiavacinada', 'TassianaFiguei3', 'macunaimaz21', 'JANEVES2018', 'LuizERF99', 'ath1abalba', 'tamir_rimat', 'DSLDsuper', 'CleaRocha4', 'jguedes_s', 'marceltsoares', 'gubarthelson', 'Antonielrcoelho', 'ConsaBurgos', 'ACupinj', 'claratpccamargo', 'JrGuaracy', 'AnaLuciaTargin3', 'TaniaPena100', 'alice_ane', 'AnaMariaPreis', 'ailuminadaa', 'Ari1junior', 'Suziane___', 'Astolpho18', 'ETuriya', 'marcosmunizmelo', 'fracaro_cris', 'mqueiroga2', 'Solangeblues']",[],Mexico, DINAHMRIB1  cristianepmar  anacwb76  Luna quarentena  Naiavacinada  TassianaFiguei3  macunaimaz21  JANEVES2018  LuizERF99  ath1abalba  tamir rimat  DSLDsuper  CleaRocha4  jguedes s  marceltsoares  gubarthelson  Antonielrcoelho  ConsaBurgos  ACupinj  claratpccamargo  JrGuaracy  AnaLuciaTargin3  TaniaPena100  alice ane  AnaMariaPreis  ailuminadaa  Ari1junior  Suziane     Astolpho18  ETuriya  marcosmunizmelo  fracaro cris  mqueiroga2  Solangeblues Bandidos,2021-09-17 16:00:00
119,es,False,1438879432643592192,CÃ¡mara coloca la cuarentena en el nuevo CÃ³digo Electoral https://t.co/4bTvM0dCLm,[],[],[],['https://t.co/4bTvM0dCLm'],Mexico,CÃ¡mara coloca la cuarentena en el nuevo CÃ³digo Electoral https   t co 4bTvM0dCLm,2021-09-17 15:00:00
120,es,False,1438829820658520065,@Deusa_Hela_ ğŸ˜‚ğŸ˜‚ğŸ˜‚ğŸ˜‚ğŸ˜‚ğŸ˜‚ tarada https://t.co/giGWu5MSR6,['ğŸ˜‚'],[],['Deusa_Hela_'],[],Mexico, Deusa Hela   tarada https   t co giGWu5MSR6,2021-09-17 12:00:00
121,es,False,1438819497897566209,@CuentaMister Y con la quarentena de por medio,[],[],['CuentaMister'],[],Mexico, CuentaMister Y con la quarentena de por medio,2021-09-17 11:00:00
122,es,False,1438713064069734406,"@allandospanos EstÃ¡ cumprindo contrato da CNN, 6 meses, na quarentena",[],[],['allandospanos'],[],Mexico, allandospanos EstÃ¡ cumprindo contrato da CNN  6 meses  na quarentena,2021-09-17 04:00:00
123,es,False,1438690233906868231,@Luna_quarentena @LuizERF99 @NcMarli @ath1abalba @tamir_rimat @DSLDsuper @CleaRocha4 @jguedes_s @marceltsoares @gubarthelson @anacwb76 @Antonielrcoelho @ConsaBurgos @cristianepmar @ACupinj @claratpccamargo @JrGuaracy @AnaLuciaTargin3 @TaniaPena100 @alice_ane @AnaMariaPreis @ailuminadaa @Ari1junior @Suziane___ @Astolpho18 @ETuriya @JANEVES2018 @marcosmunizmelo @fracaro_cris @mqueiroga2 @Naiavacinada @macunaimaz21 @DINAHMRIB1 @Solangeblues Vamos ser expulsas do inferno ğŸ¤£ğŸ¤£ğŸ¤£ğŸ¤£ğŸ¤£ğŸ¤£,"['ğŸ¤£', 'xp']",[],"['Luna_quarentena', 'LuizERF99', 'NcMarli', 'ath1abalba', 'tamir_rimat', 'DSLDsuper', 'CleaRocha4', 'jguedes_s', 'marceltsoares', 'gubarthelson', 'anacwb76', 'Antonielrcoelho', 'ConsaBurgos', 'cristianepmar', 'ACupinj', 'claratpccamargo', 'JrGuaracy', 'AnaLuciaTargin3', 'TaniaPena100', 'alice_ane', 'AnaMariaPreis', 'ailuminadaa', 'Ari1junior', 'Suziane___', 'Astolpho18', 'ETuriya', 'JANEVES2018', 'marcosmunizmelo', 'fracaro_cris', 'mqueiroga2', 'Naiavacinada', 'macunaimaz21', 'DINAHMRIB1', 'Solangeblues']",[],Mexico, Luna quarentena  LuizERF99  NcMarli  ath1abalba  tamir rimat  DSLDsuper  CleaRocha4  jguedes s  marceltsoares  gubarthelson  anacwb76  Antonielrcoelho  ConsaBurgos  cristianepmar  ACupinj  claratpccamargo  JrGuaracy  AnaLuciaTargin3  TaniaPena100  alice ane  AnaMariaPreis  ailuminadaa  Ari1junior  Suziane     Astolpho18  ETuriya  JANEVES2018  marcosmunizmelo  fracaro cris  mqueiroga2  Naiavacinada  macunaimaz21  DINAHMRIB1  Solangeblues Vamos ser eulsas do inferno ,2021-09-17 02:00:00
124,es,False,1438690050301218818,@Luna_quarentena @NcMarli @LuizERF99 @ath1abalba @tamir_rimat @DSLDsuper @CleaRocha4 @jguedes_s @marceltsoares @gubarthelson @anacwb76 @Antonielrcoelho @ConsaBurgos @cristianepmar @ACupinj @claratpccamargo @JrGuaracy @AnaLuciaTargin3 @TaniaPena100 @alice_ane @AnaMariaPreis @ailuminadaa @Ari1junior @Suziane___ @Astolpho18 @ETuriya @JANEVES2018 @marcosmunizmelo @fracaro_cris @mqueiroga2 @Naiavacinada @macunaimaz21 @DINAHMRIB1 @Solangeblues Somos santas! https://t.co/NutSU46DrF,[],[],"['Luna_quarentena', 'NcMarli', 'LuizERF99', 'ath1abalba', 'tamir_rimat', 'DSLDsuper', 'CleaRocha4', 'jguedes_s', 'marceltsoares', 'gubarthelson', 'anacwb76', 'Antonielrcoelho', 'ConsaBurgos', 'cristianepmar', 'ACupinj', 'claratpccamargo', 'JrGuaracy', 'AnaLuciaTargin3', 'TaniaPena100', 'alice_ane', 'AnaMariaPreis', 'ailuminadaa', 'Ari1junior', 'Suziane___', 'Astolpho18', 'ETuriya', 'JANEVES2018', 'marcosmunizmelo', 'fracaro_cris', 'mqueiroga2', 'Naiavacinada', 'macunaimaz21', 'DINAHMRIB1', 'Solangeblues']",[],Mexico, Luna quarentena  NcMarli  LuizERF99  ath1abalba  tamir rimat  DSLDsuper  CleaRocha4  jguedes s  marceltsoares  gubarthelson  anacwb76  Antonielrcoelho  ConsaBurgos  cristianepmar  ACupinj  claratpccamargo  JrGuaracy  AnaLuciaTargin3  TaniaPena100  alice ane  AnaMariaPreis  ailuminadaa  Ari1junior  Suziane     Astolpho18  ETuriya  JANEVES2018  marcosmunizmelo  fracaro cris  mqueiroga2  Naiavacinada  macunaimaz21  DINAHMRIB1  Solangeblues Somos santas  https   t co NutSU46DrF,2021-09-17 02:00:00
125,es,False,1438689741793382401,@Luna_quarentena @LuizERF99 @NcMarli @ath1abalba @tamir_rimat @DSLDsuper @CleaRocha4 @jguedes_s @marceltsoares @gubarthelson @anacwb76 @Antonielrcoelho @ConsaBurgos @cristianepmar @ACupinj @claratpccamargo @JrGuaracy @AnaLuciaTargin3 @TaniaPena100 @alice_ane @AnaMariaPreis @ailuminadaa @Ari1junior @Suziane___ @Astolpho18 @ETuriya @JANEVES2018 @marcosmunizmelo @fracaro_cris @mqueiroga2 @Naiavacinada @macunaimaz21 @DINAHMRIB1 @Solangeblues QuengaralğŸ¤£ğŸ¤£ğŸ¤£ğŸ¤£ğŸ¤£ğŸ¤£,['ğŸ¤£'],[],"['Luna_quarentena', 'LuizERF99', 'NcMarli', 'ath1abalba', 'tamir_rimat', 'DSLDsuper', 'CleaRocha4', 'jguedes_s', 'marceltsoares', 'gubarthelson', 'anacwb76', 'Antonielrcoelho', 'ConsaBurgos', 'cristianepmar', 'ACupinj', 'claratpccamargo', 'JrGuaracy', 'AnaLuciaTargin3', 'TaniaPena100', 'alice_ane', 'AnaMariaPreis', 'ailuminadaa', 'Ari1junior', 'Suziane___', 'Astolpho18', 'ETuriya', 'JANEVES2018', 'marcosmunizmelo', 'fracaro_cris', 'mqueiroga2', 'Naiavacinada', 'macunaimaz21', 'DINAHMRIB1', 'Solangeblues']",[],Mexico, Luna quarentena  LuizERF99  NcMarli  ath1abalba  tamir rimat  DSLDsuper  CleaRocha4  jguedes s  marceltsoares  gubarthelson  anacwb76  Antonielrcoelho  ConsaBurgos  cristianepmar  ACupinj  claratpccamargo  JrGuaracy  AnaLuciaTargin3  TaniaPena100  alice ane  AnaMariaPreis  ailuminadaa  Ari1junior  Suziane     Astolpho18  ETuriya  JANEVES2018  marcosmunizmelo  fracaro cris  mqueiroga2  Naiavacinada  macunaimaz21  DINAHMRIB1  Solangeblues Quengaral,2021-09-17 02:00:00
126,es,False,1438687100862349320,@TassianaFiguei3 @NcMarli @Luna_quarentena @ath1abalba @tamir_rimat @DSLDsuper @CleaRocha4 @jguedes_s @marceltsoares @gubarthelson @anacwb76 @Antonielrcoelho @ConsaBurgos @cristianepmar @ACupinj @claratpccamargo @JrGuaracy @AnaLuciaTargin3 @TaniaPena100 @alice_ane @AnaMariaPreis @ailuminadaa @Ari1junior @Suziane___ @Astolpho18 @ETuriya @JANEVES2018 @marcosmunizmelo @fracaro_cris @mqueiroga2 @Naiavacinada @macunaimaz21 @DINAHMRIB1 @Solangeblues Claro! ğŸ˜°ğŸ¤£ğŸ¤£ğŸ¤£ğŸ¤£ğŸ¤£ğŸ¤£ https://t.co/V1oRUzaxQw,"['ğŸ˜°', 'ğŸ¤£']",[],"['TassianaFiguei3', 'NcMarli', 'Luna_quarentena', 'ath1abalba', 'tamir_rimat', 'DSLDsuper', 'CleaRocha4', 'jguedes_s', 'marceltsoares', 'gubarthelson', 'anacwb76', 'Antonielrcoelho', 'ConsaBurgos', 'cristianepmar', 'ACupinj', 'claratpccamargo', 'JrGuaracy', 'AnaLuciaTargin3', 'TaniaPena100', 'alice_ane', 'AnaMariaPreis', 'ailuminadaa', 'Ari1junior', 'Suziane___', 'Astolpho18', 'ETuriya', 'JANEVES2018', 'marcosmunizmelo', 'fracaro_cris', 'mqueiroga2', 'Naiavacinada', 'macunaimaz21', 'DINAHMRIB1', 'Solangeblues']",[],Mexico, TassianaFiguei3  NcMarli  Luna quarentena  ath1abalba  tamir rimat  DSLDsuper  CleaRocha4  jguedes s  marceltsoares  gubarthelson  anacwb76  Antonielrcoelho  ConsaBurgos  cristianepmar  ACupinj  claratpccamargo  JrGuaracy  AnaLuciaTargin3  TaniaPena100  alice ane  AnaMariaPreis  ailuminadaa  Ari1junior  Suziane     Astolpho18  ETuriya  JANEVES2018  marcosmunizmelo  fracaro cris  mqueiroga2  Naiavacinada  macunaimaz21  DINAHMRIB1  Solangeblues Claro   https   t co V1oRUzaxQw,2021-09-17 02:00:00
127,es,False,1438686318461063170,@NcMarli @TaniaPena100 @Luna_quarentena @ath1abalba @LuizERF99 @tamir_rimat @DSLDsuper @CleaRocha4 @jguedes_s @marceltsoares @gubarthelson @anacwb76 @Antonielrcoelho @ConsaBurgos @cristianepmar @ACupinj @claratpccamargo @JrGuaracy @AnaLuciaTargin3 @alice_ane @AnaMariaPreis @ailuminadaa @Ari1junior @Suziane___ @Astolpho18 @ETuriya @JANEVES2018 @marcosmunizmelo @fracaro_cris @mqueiroga2 @Naiavacinada @macunaimaz21 @DINAHMRIB1 @Solangeblues CombinadoğŸ¤£ğŸ¤£ğŸ¤£ğŸ¤£,['ğŸ¤£'],[],"['NcMarli', 'TaniaPena100', 'Luna_quarentena', 'ath1abalba', 'LuizERF99', 'tamir_rimat', 'DSLDsuper', 'CleaRocha4', 'jguedes_s', 'marceltsoares', 'gubarthelson', 'anacwb76', 'Antonielrcoelho', 'ConsaBurgos', 'cristianepmar', 'ACupinj', 'claratpccamargo', 'JrGuaracy', 'AnaLuciaTargin3', 'alice_ane', 'AnaMariaPreis', 'ailuminadaa', 'Ari1junior', 'Suziane___', 'Astolpho18', 'ETuriya', 'JANEVES2018', 'marcosmunizmelo', 'fracaro_cris', 'mqueiroga2', 'Naiavacinada', 'macunaimaz21', 'DINAHMRIB1', 'Solangeblues']",[],Mexico, NcMarli  TaniaPena100  Luna quarentena  ath1abalba  LuizERF99  tamir rimat  DSLDsuper  CleaRocha4  jguedes s  marceltsoares  gubarthelson  anacwb76  Antonielrcoelho  ConsaBurgos  cristianepmar  ACupinj  claratpccamargo  JrGuaracy  AnaLuciaTargin3  alice ane  AnaMariaPreis  ailuminadaa  Ari1junior  Suziane     Astolpho18  ETuriya  JANEVES2018  marcosmunizmelo  fracaro cris  mqueiroga2  Naiavacinada  macunaimaz21  DINAHMRIB1  Solangeblues Combinado,2021-09-17 02:00:00
128,es,False,1438684808931155969,@TassianaFiguei3 @Luna_quarentena @NcMarli @LuizERF99 @ath1abalba @tamir_rimat @DSLDsuper @CleaRocha4 @jguedes_s @marceltsoares @gubarthelson @anacwb76 @Antonielrcoelho @ConsaBurgos @cristianepmar @ACupinj @claratpccamargo @JrGuaracy @AnaLuciaTargin3 @alice_ane @AnaMariaPreis @ailuminadaa @Ari1junior @Suziane___ @Astolpho18 @ETuriya @JANEVES2018 @marcosmunizmelo @fracaro_cris @mqueiroga2 @Naiavacinada @macunaimaz21 @DINAHMRIB1 @Solangeblues Festa infernal!,[],[],"['TassianaFiguei3', 'Luna_quarentena', 'NcMarli', 'LuizERF99', 'ath1abalba', 'tamir_rimat', 'DSLDsuper', 'CleaRocha4', 'jguedes_s', 'marceltsoares', 'gubarthelson', 'anacwb76', 'Antonielrcoelho', 'ConsaBurgos', 'cristianepmar', 'ACupinj', 'claratpccamargo', 'JrGuaracy', 'AnaLuciaTargin3', 'alice_ane', 'AnaMariaPreis', 'ailuminadaa', 'Ari1junior', 'Suziane___', 'Astolpho18', 'ETuriya', 'JANEVES2018', 'marcosmunizmelo', 'fracaro_cris', 'mqueiroga2', 'Naiavacinada', 'macunaimaz21', 'DINAHMRIB1', 'Solangeblues']",[],Mexico, TassianaFiguei3  Luna quarentena  NcMarli  LuizERF99  ath1abalba  tamir rimat  DSLDsuper  CleaRocha4  jguedes s  marceltsoares  gubarthelson  anacwb76  Antonielrcoelho  ConsaBurgos  cristianepmar  ACupinj  claratpccamargo  JrGuaracy  AnaLuciaTargin3  alice ane  AnaMariaPreis  ailuminadaa  Ari1junior  Suziane     Astolpho18  ETuriya  JANEVES2018  marcosmunizmelo  fracaro cris  mqueiroga2  Naiavacinada  macunaimaz21  DINAHMRIB1  Solangeblues Festa infernal ,2021-09-17 02:00:00
129,es,False,1438684790836895751,@NcMarli @LuizERF99 @Luna_quarentena @ath1abalba @tamir_rimat @DSLDsuper @CleaRocha4 @jguedes_s @marceltsoares @gubarthelson @anacwb76 @Antonielrcoelho @ConsaBurgos @cristianepmar @ACupinj @claratpccamargo @JrGuaracy @AnaLuciaTargin3 @TaniaPena100 @alice_ane @AnaMariaPreis @ailuminadaa @Ari1junior @Suziane___ @Astolpho18 @ETuriya @JANEVES2018 @marcosmunizmelo @fracaro_cris @mqueiroga2 @Naiavacinada @macunaimaz21 @DINAHMRIB1 @Solangeblues Estamos juntasğŸ˜‚ğŸ˜‚ğŸ˜‚ğŸ˜‚ğŸ˜‚,['ğŸ˜‚'],[],"['NcMarli', 'LuizERF99', 'Luna_quarentena', 'ath1abalba', 'tamir_rimat', 'DSLDsuper', 'CleaRocha4', 'jguedes_s', 'marceltsoares', 'gubarthelson', 'anacwb76', 'Antonielrcoelho', 'ConsaBurgos', 'cristianepmar', 'ACupinj', 'claratpccamargo', 'JrGuaracy', 'AnaLuciaTargin3', 'TaniaPena100', 'alice_ane', 'AnaMariaPreis', 'ailuminadaa', 'Ari1junior', 'Suziane___', 'Astolpho18', 'ETuriya', 'JANEVES2018', 'marcosmunizmelo', 'fracaro_cris', 'mqueiroga2', 'Naiavacinada', 'macunaimaz21', 'DINAHMRIB1', 'Solangeblues']",[],Mexico, NcMarli  LuizERF99  Luna quarentena  ath1abalba  tamir rimat  DSLDsuper  CleaRocha4  jguedes s  marceltsoares  gubarthelson  anacwb76  Antonielrcoelho  ConsaBurgos  cristianepmar  ACupinj  claratpccamargo  JrGuaracy  AnaLuciaTargin3  TaniaPena100  alice ane  AnaMariaPreis  ailuminadaa  Ari1junior  Suziane     Astolpho18  ETuriya  JANEVES2018  marcosmunizmelo  fracaro cris  mqueiroga2  Naiavacinada  macunaimaz21  DINAHMRIB1  Solangeblues Estamos juntas,2021-09-17 02:00:00
130,es,False,1438683242929008642,@JANEVES2018 @NcMarli @Luna_quarentena @LuizERF99 @Naiavacinada @ath1abalba @tamir_rimat @DSLDsuper @CleaRocha4 @jguedes_s @marceltsoares @gubarthelson @anacwb76 @Antonielrcoelho @ConsaBurgos @cristianepmar @ACupinj @claratpccamargo @JrGuaracy @AnaLuciaTargin3 @TaniaPena100 @alice_ane @AnaMariaPreis @ailuminadaa @Ari1junior @Suziane___ @Astolpho18 @ETuriya @marcosmunizmelo @fracaro_cris @mqueiroga2 @TassianaFiguei3 @DINAHMRIB1 @Solangeblues Silenciar conversa. https://t.co/OFvgZHvoDi,[],[],"['JANEVES2018', 'NcMarli', 'Luna_quarentena', 'LuizERF99', 'Naiavacinada', 'ath1abalba', 'tamir_rimat', 'DSLDsuper', 'CleaRocha4', 'jguedes_s', 'marceltsoares', 'gubarthelson', 'anacwb76', 'Antonielrcoelho', 'ConsaBurgos', 'cristianepmar', 'ACupinj', 'claratpccamargo', 'JrGuaracy', 'AnaLuciaTargin3', 'TaniaPena100', 'alice_ane', 'AnaMariaPreis', 'ailuminadaa', 'Ari1junior', 'Suziane___', 'Astolpho18', 'ETuriya', 'marcosmunizmelo', 'fracaro_cris', 'mqueiroga2', 'TassianaFiguei3', 'DINAHMRIB1', 'Solangeblues']",[],Mexico, JANEVES2018  NcMarli  Luna quarentena  LuizERF99  Naiavacinada  ath1abalba  tamir rimat  DSLDsuper  CleaRocha4  jguedes s  marceltsoares  gubarthelson  anacwb76  Antonielrcoelho  ConsaBurgos  cristianepmar  ACupinj  claratpccamargo  JrGuaracy  AnaLuciaTargin3  TaniaPena100  alice ane  AnaMariaPreis  ailuminadaa  Ari1junior  Suziane     Astolpho18  ETuriya  marcosmunizmelo  fracaro cris  mqueiroga2  TassianaFiguei3  DINAHMRIB1  Solangeblues Silenciar conversa  https   t co OFvgZHvoDi,2021-09-17 02:00:00
131,es,False,1438682315182546944,"@ath1abalba @Naiavacinada @NcMarli @tamir_rimat @DSLDsuper @CleaRocha4 @jguedes_s @marceltsoares @LuizERF99 @gubarthelson @anacwb76 @Antonielrcoelho @ConsaBurgos @cristianepmar @ACupinj @claratpccamargo @JrGuaracy @AnaLuciaTargin3 @alice_ane @AnaMariaPreis @ailuminadaa @Ari1junior @Suziane___ @Astolpho18 @ETuriya @JANEVES2018 @marcosmunizmelo @fracaro_cris @mqueiroga2 @Luna_quarentena @TassianaFiguei3 @macunaimaz21 @DINAHMRIB1 @Solangeblues Â¡SÃ­!
Â¡Vacuna!
@ath1abalba",[],[],"['ath1abalba', 'Naiavacinada', 'NcMarli', 'tamir_rimat', 'DSLDsuper', 'CleaRocha4', 'jguedes_s', 'marceltsoares', 'LuizERF99', 'gubarthelson', 'anacwb76', 'Antonielrcoelho', 'ConsaBurgos', 'cristianepmar', 'ACupinj', 'claratpccamargo', 'JrGuaracy', 'AnaLuciaTargin3', 'alice_ane', 'AnaMariaPreis', 'ailuminadaa', 'Ari1junior', 'Suziane___', 'Astolpho18', 'ETuriya', 'JANEVES2018', 'marcosmunizmelo', 'fracaro_cris', 'mqueiroga2', 'Luna_quarentena', 'TassianaFiguei3', 'macunaimaz21', 'DINAHMRIB1', 'Solangeblues', 'ath1abalba']",[],Mexico, ath1abalba  Naiavacinada  NcMarli  tamir rimat  DSLDsuper  CleaRocha4  jguedes s  marceltsoares  LuizERF99  gubarthelson  anacwb76  Antonielrcoelho  ConsaBurgos  cristianepmar  ACupinj  claratpccamargo  JrGuaracy  AnaLuciaTargin3  alice ane  AnaMariaPreis  ailuminadaa  Ari1junior  Suziane     Astolpho18  ETuriya  JANEVES2018  marcosmunizmelo  fracaro cris  mqueiroga2  Luna quarentena  TassianaFiguei3  macunaimaz21  DINAHMRIB1  Solangeblues Â¡SÃ­ Â¡Vacuna  ath1abalba,2021-09-17 02:00:00
132,es,False,1438676173823909888,"Era para ter quarentena para ex-presos!

RATOS!! CATERVA!! CORJA!!

#GolpeAntiMoroNAO https://t.co/gEm0fBkyiN",['x-p'],['GolpeAntiMoroNAO'],[],[],Mexico,Era para ter quarentena para eresos RATOS   CATERVA   CORJA   GolpeAntiMoroNAO https   t co gEm0fBkyiN,2021-09-17 01:00:00
133,es,False,1438674108644999168,@Belleblue52C Grande dia ğŸ˜,['ğŸ˜'],[],['Belleblue52C'],[],Mexico, Belleblue52C Grande dia ,2021-09-17 01:00:00
134,es,False,1438670362393391107,@NcMarli @TassianaFiguei3 @ath1abalba @LuizERF99 @tamir_rimat @DSLDsuper @CleaRocha4 @jguedes_s @marceltsoares @gubarthelson @anacwb76 @Antonielrcoelho @ConsaBurgos @cristianepmar @ACupinj @claratpccamargo @JrGuaracy @AnaLuciaTargin3 @TaniaPena100 @alice_ane @AnaMariaPreis @ailuminadaa @Ari1junior @Suziane___ @Astolpho18 @ETuriya @JANEVES2018 @marcosmunizmelo @fracaro_cris @mqueiroga2 @Naiavacinada @macunaimaz21 @DINAHMRIB1 @Solangeblues Credooooooo https://t.co/7wHBDAaKrL,[],[],"['NcMarli', 'TassianaFiguei3', 'ath1abalba', 'LuizERF99', 'tamir_rimat', 'DSLDsuper', 'CleaRocha4', 'jguedes_s', 'marceltsoares', 'gubarthelson', 'anacwb76', 'Antonielrcoelho', 'ConsaBurgos', 'cristianepmar', 'ACupinj', 'claratpccamargo', 'JrGuaracy', 'AnaLuciaTargin3', 'TaniaPena100', 'alice_ane', 'AnaMariaPreis', 'ailuminadaa', 'Ari1junior', 'Suziane___', 'Astolpho18', 'ETuriya', 'JANEVES2018', 'marcosmunizmelo', 'fracaro_cris', 'mqueiroga2', 'Naiavacinada', 'macunaimaz21', 'DINAHMRIB1', 'Solangeblues']",[],Mexico, NcMarli  TassianaFiguei3  ath1abalba  LuizERF99  tamir rimat  DSLDsuper  CleaRocha4  jguedes s  marceltsoares  gubarthelson  anacwb76  Antonielrcoelho  ConsaBurgos  cristianepmar  ACupinj  claratpccamargo  JrGuaracy  AnaLuciaTargin3  TaniaPena100  alice ane  AnaMariaPreis  ailuminadaa  Ari1junior  Suziane     Astolpho18  ETuriya  JANEVES2018  marcosmunizmelo  fracaro cris  mqueiroga2  Naiavacinada  macunaimaz21  DINAHMRIB1  Solangeblues Credooooooo https   t co 7wHBDAaKrL,2021-09-17 01:00:00
135,es,False,1438668341179293701,@Luna_quarentena @ath1abalba @TassianaFiguei3 @LuizERF99 @tamir_rimat @DSLDsuper @CleaRocha4 @jguedes_s @marceltsoares @gubarthelson @anacwb76 @Antonielrcoelho @ConsaBurgos @cristianepmar @ACupinj @claratpccamargo @JrGuaracy @AnaLuciaTargin3 @TaniaPena100 @alice_ane @AnaMariaPreis @ailuminadaa @Ari1junior @Suziane___ @Astolpho18 @ETuriya @JANEVES2018 @marcosmunizmelo @fracaro_cris @mqueiroga2 @Naiavacinada @macunaimaz21 @DINAHMRIB1 @Solangeblues @ath1abalba dedo duro ğŸ¤£ğŸ¤£ğŸ¤£,['ğŸ¤£'],[],"['Luna_quarentena', 'ath1abalba', 'TassianaFiguei3', 'LuizERF99', 'tamir_rimat', 'DSLDsuper', 'CleaRocha4', 'jguedes_s', 'marceltsoares', 'gubarthelson', 'anacwb76', 'Antonielrcoelho', 'ConsaBurgos', 'cristianepmar', 'ACupinj', 'claratpccamargo', 'JrGuaracy', 'AnaLuciaTargin3', 'TaniaPena100', 'alice_ane', 'AnaMariaPreis', 'ailuminadaa', 'Ari1junior', 'Suziane___', 'Astolpho18', 'ETuriya', 'JANEVES2018', 'marcosmunizmelo', 'fracaro_cris', 'mqueiroga2', 'Naiavacinada', 'macunaimaz21', 'DINAHMRIB1', 'Solangeblues', 'ath1abalba']",[],Mexico, Luna quarentena  ath1abalba  TassianaFiguei3  LuizERF99  tamir rimat  DSLDsuper  CleaRocha4  jguedes s  marceltsoares  gubarthelson  anacwb76  Antonielrcoelho  ConsaBurgos  cristianepmar  ACupinj  claratpccamargo  JrGuaracy  AnaLuciaTargin3  TaniaPena100  alice ane  AnaMariaPreis  ailuminadaa  Ari1junior  Suziane     Astolpho18  ETuriya  JANEVES2018  marcosmunizmelo  fracaro cris  mqueiroga2  Naiavacinada  macunaimaz21  DINAHMRIB1  Solangeblues  ath1abalba dedo duro ,2021-09-17 01:00:00
136,es,False,1438662151070175234,@Luna_quarentena Bando de criminosos inescrupulosos!!,[],[],['Luna_quarentena'],[],Mexico, Luna quarentena Bando de criminosos inescrupulosos  ,2021-09-17 01:00:00
137,es,False,1438658308089462785,"@LuizERF99 @TassianaFiguei3 @NcMarli @tamir_rimat @DSLDsuper @CleaRocha4 @jguedes_s @marceltsoares @gubarthelson @anacwb76 @Antonielrcoelho @ConsaBurgos @cristianepmar @ACupinj @claratpccamargo @JrGuaracy @AnaLuciaTargin3 @alice_ane @AnaMariaPreis @ailuminadaa @Ari1junior @Suziane___ @Astolpho18 @ath1abalba @ETuriya @JANEVES2018 @marcosmunizmelo @fracaro_cris @mqueiroga2 @Luna_quarentena @Naiavacinada @macunaimaz21 @DINAHMRIB1 @Solangeblues Me gustarÃ­a saber si tengo aquÃ­, amigos espaÃ±oles?
Â¿O es una broma?",[],[],"['LuizERF99', 'TassianaFiguei3', 'NcMarli', 'tamir_rimat', 'DSLDsuper', 'CleaRocha4', 'jguedes_s', 'marceltsoares', 'gubarthelson', 'anacwb76', 'Antonielrcoelho', 'ConsaBurgos', 'cristianepmar', 'ACupinj', 'claratpccamargo', 'JrGuaracy', 'AnaLuciaTargin3', 'alice_ane', 'AnaMariaPreis', 'ailuminadaa', 'Ari1junior', 'Suziane___', 'Astolpho18', 'ath1abalba', 'ETuriya', 'JANEVES2018', 'marcosmunizmelo', 'fracaro_cris', 'mqueiroga2', 'Luna_quarentena', 'Naiavacinada', 'macunaimaz21', 'DINAHMRIB1', 'Solangeblues']",[],Mexico, LuizERF99  TassianaFiguei3  NcMarli  tamir rimat  DSLDsuper  CleaRocha4  jguedes s  marceltsoares  gubarthelson  anacwb76  Antonielrcoelho  ConsaBurgos  cristianepmar  ACupinj  claratpccamargo  JrGuaracy  AnaLuciaTargin3  alice ane  AnaMariaPreis  ailuminadaa  Ari1junior  Suziane     Astolpho18  ath1abalba  ETuriya  JANEVES2018  marcosmunizmelo  fracaro cris  mqueiroga2  Luna quarentena  Naiavacinada  macunaimaz21  DINAHMRIB1  Solangeblues Me gustarÃ­a saber si tengo aquÃ­  amigos espaÃ±oles Â¿O es una broma ,2021-09-17 00:00:00
138,es,False,1438657664305745926,"@TaniaPena100 @TassianaFiguei3 @NcMarli @tamir_rimat @DSLDsuper @CleaRocha4 @jguedes_s @marceltsoares @gubarthelson @anacwb76 @Antonielrcoelho @ConsaBurgos @cristianepmar @ACupinj @claratpccamargo @JrGuaracy @AnaLuciaTargin3 @alice_ane @AnaMariaPreis @ailuminadaa @Ari1junior @Suziane___ @Astolpho18 @ath1abalba @ETuriya @JANEVES2018 @marcosmunizmelo @fracaro_cris @mqueiroga2 @Luna_quarentena @Naiavacinada @macunaimaz21 @DINAHMRIB1 @Solangeblues Si, ablo. Pero no mucho. ğŸ¤ğŸ»",['ğŸ¤ğŸ»'],[],"['TaniaPena100', 'TassianaFiguei3', 'NcMarli', 'tamir_rimat', 'DSLDsuper', 'CleaRocha4', 'jguedes_s', 'marceltsoares', 'gubarthelson', 'anacwb76', 'Antonielrcoelho', 'ConsaBurgos', 'cristianepmar', 'ACupinj', 'claratpccamargo', 'JrGuaracy', 'AnaLuciaTargin3', 'alice_ane', 'AnaMariaPreis', 'ailuminadaa', 'Ari1junior', 'Suziane___', 'Astolpho18', 'ath1abalba', 'ETuriya', 'JANEVES2018', 'marcosmunizmelo', 'fracaro_cris', 'mqueiroga2', 'Luna_quarentena', 'Naiavacinada', 'macunaimaz21', 'DINAHMRIB1', 'Solangeblues']",[],Mexico, TaniaPena100  TassianaFiguei3  NcMarli  tamir rimat  DSLDsuper  CleaRocha4  jguedes s  marceltsoares  gubarthelson  anacwb76  Antonielrcoelho  ConsaBurgos  cristianepmar  ACupinj  claratpccamargo  JrGuaracy  AnaLuciaTargin3  alice ane  AnaMariaPreis  ailuminadaa  Ari1junior  Suziane     Astolpho18  ath1abalba  ETuriya  JANEVES2018  marcosmunizmelo  fracaro cris  mqueiroga2  Luna quarentena  Naiavacinada  macunaimaz21  DINAHMRIB1  Solangeblues Si  ablo  Pero no mucho  ,2021-09-17 00:00:00
139,es,False,1438657193574866949,"@TassianaFiguei3 @NcMarli @tamir_rimat @DSLDsuper @CleaRocha4 @jguedes_s @marceltsoares @LuizERF99 @gubarthelson @anacwb76 @Antonielrcoelho @ConsaBurgos @cristianepmar @ACupinj @claratpccamargo @JrGuaracy @AnaLuciaTargin3 @alice_ane @AnaMariaPreis @ailuminadaa @Ari1junior @Suziane___ @Astolpho18 @ath1abalba @ETuriya @JANEVES2018 @marcosmunizmelo @fracaro_cris @mqueiroga2 @Luna_quarentena @Naiavacinada @macunaimaz21 @DINAHMRIB1 @Solangeblues Â¿Hay mÃ¡s espaÃ±ol por aquÃ­?
Â¿QuiÃ©n?
Â¡Que maravilla!",[],[],"['TassianaFiguei3', 'NcMarli', 'tamir_rimat', 'DSLDsuper', 'CleaRocha4', 'jguedes_s', 'marceltsoares', 'LuizERF99', 'gubarthelson', 'anacwb76', 'Antonielrcoelho', 'ConsaBurgos', 'cristianepmar', 'ACupinj', 'claratpccamargo', 'JrGuaracy', 'AnaLuciaTargin3', 'alice_ane', 'AnaMariaPreis', 'ailuminadaa', 'Ari1junior', 'Suziane___', 'Astolpho18', 'ath1abalba', 'ETuriya', 'JANEVES2018', 'marcosmunizmelo', 'fracaro_cris', 'mqueiroga2', 'Luna_quarentena', 'Naiavacinada', 'macunaimaz21', 'DINAHMRIB1', 'Solangeblues']",[],Mexico, TassianaFiguei3  NcMarli  tamir rimat  DSLDsuper  CleaRocha4  jguedes s  marceltsoares  LuizERF99  gubarthelson  anacwb76  Antonielrcoelho  ConsaBurgos  cristianepmar  ACupinj  claratpccamargo  JrGuaracy  AnaLuciaTargin3  alice ane  AnaMariaPreis  ailuminadaa  Ari1junior  Suziane     Astolpho18  ath1abalba  ETuriya  JANEVES2018  marcosmunizmelo  fracaro cris  mqueiroga2  Luna quarentena  Naiavacinada  macunaimaz21  DINAHMRIB1  Solangeblues Â¿Hay mÃ¡s espaÃ±ol por aquÃ­ Â¿QuiÃ©n Â¡Que maravilla ,2021-09-17 00:00:00
140,es,False,1438656866578468864,@macunaimaz21 @NcMarli @tamir_rimat @DSLDsuper @CleaRocha4 @jguedes_s @marceltsoares @LuizERF99 @gubarthelson @anacwb76 @Antonielrcoelho @ConsaBurgos @cristianepmar @ACupinj @claratpccamargo @JrGuaracy @AnaLuciaTargin3 @TaniaPena100 @alice_ane @AnaMariaPreis @ailuminadaa @Ari1junior @Suziane___ @Astolpho18 @ath1abalba @ETuriya @JANEVES2018 @marcosmunizmelo @fracaro_cris @mqueiroga2 @Luna_quarentena @Naiavacinada @DINAHMRIB1 @Solangeblues Vamos #QueremosAdolescentesVacinados https://t.co/wjGlhTG94r,[],['QueremosAdolescentesVacinados'],"['macunaimaz21', 'NcMarli', 'tamir_rimat', 'DSLDsuper', 'CleaRocha4', 'jguedes_s', 'marceltsoares', 'LuizERF99', 'gubarthelson', 'anacwb76', 'Antonielrcoelho', 'ConsaBurgos', 'cristianepmar', 'ACupinj', 'claratpccamargo', 'JrGuaracy', 'AnaLuciaTargin3', 'TaniaPena100', 'alice_ane', 'AnaMariaPreis', 'ailuminadaa', 'Ari1junior', 'Suziane___', 'Astolpho18', 'ath1abalba', 'ETuriya', 'JANEVES2018', 'marcosmunizmelo', 'fracaro_cris', 'mqueiroga2', 'Luna_quarentena', 'Naiavacinada', 'DINAHMRIB1', 'Solangeblues']",[],Mexico, macunaimaz21  NcMarli  tamir rimat  DSLDsuper  CleaRocha4  jguedes s  marceltsoares  LuizERF99  gubarthelson  anacwb76  Antonielrcoelho  ConsaBurgos  cristianepmar  ACupinj  claratpccamargo  JrGuaracy  AnaLuciaTargin3  TaniaPena100  alice ane  AnaMariaPreis  ailuminadaa  Ari1junior  Suziane     Astolpho18  ath1abalba  ETuriya  JANEVES2018  marcosmunizmelo  fracaro cris  mqueiroga2  Luna quarentena  Naiavacinada  DINAHMRIB1  Solangeblues Vamos  QueremosAdolescentesVacinados https   t co wjGlhTG94r,2021-09-17 00:00:00
141,es,False,1438656106373517322,"@Naiavacinada @ath1abalba @NcMarli @tamir_rimat @DSLDsuper @CleaRocha4 @jguedes_s @marceltsoares @gubarthelson @anacwb76 @Antonielrcoelho @ConsaBurgos @cristianepmar @ACupinj @claratpccamargo @JrGuaracy @AnaLuciaTargin3 @TaniaPena100 @alice_ane @AnaMariaPreis @ailuminadaa @Ari1junior @Suziane___ @Astolpho18 @ETuriya @JANEVES2018 @marcosmunizmelo @fracaro_cris @mqueiroga2 @Luna_quarentena @TassianaFiguei3 @macunaimaz21 @DINAHMRIB1 @Solangeblues VaCUnados!

#QueremosAdolescentesVacinados",[],['QueremosAdolescentesVacinados'],"['Naiavacinada', 'ath1abalba', 'NcMarli', 'tamir_rimat', 'DSLDsuper', 'CleaRocha4', 'jguedes_s', 'marceltsoares', 'gubarthelson', 'anacwb76', 'Antonielrcoelho', 'ConsaBurgos', 'cristianepmar', 'ACupinj', 'claratpccamargo', 'JrGuaracy', 'AnaLuciaTargin3', 'TaniaPena100', 'alice_ane', 'AnaMariaPreis', 'ailuminadaa', 'Ari1junior', 'Suziane___', 'Astolpho18', 'ETuriya', 'JANEVES2018', 'marcosmunizmelo', 'fracaro_cris', 'mqueiroga2', 'Luna_quarentena', 'TassianaFiguei3', 'macunaimaz21', 'DINAHMRIB1', 'Solangeblues']",[],Mexico, Naiavacinada  ath1abalba  NcMarli  tamir rimat  DSLDsuper  CleaRocha4  jguedes s  marceltsoares  gubarthelson  anacwb76  Antonielrcoelho  ConsaBurgos  cristianepmar  ACupinj  claratpccamargo  JrGuaracy  AnaLuciaTargin3  TaniaPena100  alice ane  AnaMariaPreis  ailuminadaa  Ari1junior  Suziane     Astolpho18  ETuriya  JANEVES2018  marcosmunizmelo  fracaro cris  mqueiroga2  Luna quarentena  TassianaFiguei3  macunaimaz21  DINAHMRIB1  Solangeblues VaCUnados  QueremosAdolescentesVacinados,2021-09-17 00:00:00
142,es,False,1438656095053041664,@NcMarli @tamir_rimat @DSLDsuper @CleaRocha4 @jguedes_s @marceltsoares @LuizERF99 @gubarthelson @anacwb76 @Antonielrcoelho @ConsaBurgos @cristianepmar @ACupinj @claratpccamargo @JrGuaracy @AnaLuciaTargin3 @TaniaPena100 @alice_ane @AnaMariaPreis @ailuminadaa @Ari1junior @Suziane___ @Astolpho18 @ath1abalba @ETuriya @JANEVES2018 @marcosmunizmelo @fracaro_cris @mqueiroga2 @Luna_quarentena @Naiavacinada @macunaimaz21 @DINAHMRIB1 @Solangeblues Tu hablas espaÃ±ol? ğŸ˜‚ğŸ˜‚ğŸ˜‚ğŸ˜‚,['ğŸ˜‚'],[],"['NcMarli', 'tamir_rimat', 'DSLDsuper', 'CleaRocha4', 'jguedes_s', 'marceltsoares', 'LuizERF99', 'gubarthelson', 'anacwb76', 'Antonielrcoelho', 'ConsaBurgos', 'cristianepmar', 'ACupinj', 'claratpccamargo', 'JrGuaracy', 'AnaLuciaTargin3', 'TaniaPena100', 'alice_ane', 'AnaMariaPreis', 'ailuminadaa', 'Ari1junior', 'Suziane___', 'Astolpho18', 'ath1abalba', 'ETuriya', 'JANEVES2018', 'marcosmunizmelo', 'fracaro_cris', 'mqueiroga2', 'Luna_quarentena', 'Naiavacinada', 'macunaimaz21', 'DINAHMRIB1', 'Solangeblues']",[],Mexico, NcMarli  tamir rimat  DSLDsuper  CleaRocha4  jguedes s  marceltsoares  LuizERF99  gubarthelson  anacwb76  Antonielrcoelho  ConsaBurgos  cristianepmar  ACupinj  claratpccamargo  JrGuaracy  AnaLuciaTargin3  TaniaPena100  alice ane  AnaMariaPreis  ailuminadaa  Ari1junior  Suziane     Astolpho18  ath1abalba  ETuriya  JANEVES2018  marcosmunizmelo  fracaro cris  mqueiroga2  Luna quarentena  Naiavacinada  macunaimaz21  DINAHMRIB1  Solangeblues Tu hablas espaÃ±ol  ,2021-09-17 00:00:00
143,es,False,1438647034622382084,@karenmirandado2 @Luna_quarentena @jairbolsonaro Mas estÃ¡ cochilando,[],[],"['karenmirandado2', 'Luna_quarentena', 'jairbolsonaro']",[],Mexico, karenmirandado2  Luna quarentena  jairbolsonaro Mas estÃ¡ cochilando,2021-09-17 00:00:00
144,es,False,1438630871867740161,@macunaimaz21 Derrete maldito #DerreteBolsonaro,[],['DerreteBolsonaro'],['macunaimaz21'],[],Mexico, macunaimaz21 Derrete maldito  DerreteBolsonaro,2021-09-16 22:00:00
145,es,False,1438543453017812998,"@Luna_quarentena Sim, estamos lascados",[],[],['Luna_quarentena'],[],Mexico, Luna quarentena Sim  estamos lascados,2021-09-16 17:00:00
146,es,False,1438541983493013506,"Viva a arte.
.
 ğŸ–¼ 
.
.
#mexico #cancun #quarentena #djcia #beatloko https://t.co/Q2k0xqTwyt",['ğŸ–¼'],"['mexico', 'cancun', 'quarentena', 'djcia', 'beatloko']",[],['https://t.co/Q2k0xqTwyt'],Mexico,Viva a arte       mexico  cancun  quarentena  djcia  beatloko https   t co Q2k0xqTwyt,2021-09-16 17:00:00
147,es,False,1438524477013377027,@Luna_quarentena Bandidos!,[],[],['Luna_quarentena'],[],Mexico, Luna quarentena Bandidos ,2021-09-16 15:00:00
148,es,False,1438517394398269446,@rosevitaly1 @LENATP2 @rosangela_bolze @pchopner @CludiaTanaka2 @Deusa_Hela_ @Elianad04742827 @ana70947612 @08578hgf @AlerquinaHarley @Luna_quarentena @MsBraun7 Bolsonaro 2022,[],[],"['rosevitaly1', 'LENATP2', 'rosangela_bolze', 'pchopner', 'CludiaTanaka2', 'Deusa_Hela_', 'Elianad04742827', 'ana70947612', '08578hgf', 'AlerquinaHarley', 'Luna_quarentena', 'MsBraun7']",[],Mexico, rosevitaly1  LENATP2  rosangela bolze  pchopner  CludiaTanaka2  Deusa Hela   Elianad04742827  ana70947612  08578hgf  AlerquinaHarley  Luna quarentena  MsBraun7 Bolsonaro 2022,2021-09-16 15:00:00
149,es,False,1438501615695278080,@maritazunzu @EstelsEls @cooresi Con el nuevo protocolo pueden salir a no ser que tenga que hacer quarentena,[],[],"['maritazunzu', 'EstelsEls', 'cooresi']",[],Mexico, maritazunzu  EstelsEls  cooresi Con el nuevo protocolo pueden salir a no ser que tenga que hacer quarentena,2021-09-16 14:00:00
150,es,False,1438381520910266372,"quarentena mds, a burra",[],[],[],[],Mexico,quarentena mds  a burra,2021-09-16 06:00:00
151,es,False,1438332517388521472,@NobreJorge2 Que pena https://t.co/vJrDfOTepT,[],[],['NobreJorge2'],[],Mexico, NobreJorge2 Que pena https   t co vJrDfOTepT,2021-09-16 03:00:00
152,es,False,1438323610838519808,"@guadavazquez Si es un acting para q de lastima, la lastima no va a levantar mi negocio, ni el danio por la quarentena eterna, sigo votando igual bastaa de todo estooo ..",[],[],['guadavazquez'],[],Mexico, guadavazquez Si es un acting para q de lastima  la lastima no va a levantar mi negocio  ni el danio por la quarentena eterna  sigo votando igual bastaa de todo estooo   ,2021-09-16 02:00:00
153,es,False,1438311050294792200,@Luna_quarentena @AcoLyonel Vamos juntasğŸ¤˜,['ğŸ¤˜'],[],"['Luna_quarentena', 'AcoLyonel']",[],Mexico, Luna quarentena  AcoLyonel Vamos juntas,2021-09-16 01:00:00
154,es,False,1438309295783821314,@AleStealth_ @TassianaFiguei3 @AcoLyonel Luna!,[],[],"['AleStealth_', 'TassianaFiguei3', 'AcoLyonel']",[],Mexico, AleStealth   TassianaFiguei3  AcoLyonel Luna ,2021-09-16 01:00:00
155,es,False,1438305926814044162,@Luna_quarentena @AcoLyonel Engole o choroğŸ˜‚ğŸ˜‚ğŸ˜‚ğŸ˜‚,['ğŸ˜‚'],[],"['Luna_quarentena', 'AcoLyonel']",[],Mexico, Luna quarentena  AcoLyonel Engole o choro,2021-09-16 01:00:00
156,es,False,1438299064999817217,@ayafofinha @rukiaEeu quarentena de cubo...,[],[],"['ayafofinha', 'rukiaEeu']",[],Mexico, ayafofinha  rukiaEeu quarentena de cubo   ,2021-09-16 00:00:00
157,es,False,1438234281042718727,"Excelente anÃ¡lise #GolpeAntiMoroNAO 
https://t.co/GndLd3BAEl",[],['GolpeAntiMoroNAO'],[],['https://t.co/GndLd3BAEl'],Mexico,Excelente anÃ¡lise  GolpeAntiMoroNAO https   t co GndLd3BAEl,2021-09-15 20:00:00
158,es,False,1438231092004327428,"@CarlosMaslaton Loko , cÃ³mo es que quedas liberado a circular ? A mi vieja le autorizaron el ingreso a Israel y con doble vacuna pfizer le dijeron que tiene que hacer una semana de quarentena ? CÃ³mo la hago zafar ?",[],[],['CarlosMaslaton'],[],Mexico, CarlosMaslaton Loko   cÃ³mo es que quedas liberado a circular   A mi vieja le autorizaron el ingreso a Israel y con doble vacuna pfizer le dijeron que tiene que hacer una semana de quarentena   CÃ³mo la hago zafar  ,2021-09-15 20:00:00
159,es,False,1438229930421145611,"@Bitterkasss @sr_moustache_ @Valkyrja01 @Aso_Liberum A los vacunados no se les hace prueba diagnostica normalmente. AhÃ­ ya tenemos que ""los vacunados no tendrÃ¡n q hacer quarentena"". Estaba claro!",[],[],"['Bitterkasss', 'sr_moustache_', 'Valkyrja01', 'Aso_Liberum']",[],Mexico, Bitterkasss  sr moustache   Valkyrja01  Aso Liberum A los vacunados no se les hace prueba diagnostica normalmente  AhÃ­ ya tenemos que  los vacunados no tendrÃ¡n q hacer quarentena   Estaba claro ,2021-09-15 20:00:00
160,es,False,1438187110910005254,@MarciaAly01 @TassianaFiguei3 @AcoLyonel @ConsaBurgos @marejoy @ACupinj @SFranchin @ath1abalba @AlerquinaHarley @leninaclau @k @LuciaCa86838545 @luciamansur @Ju_Conta1 @Deusa_Hela_ @HannaKontaro @ingrid_maria_57 @MsBraun7 Carbonizara ğŸ˜‚ğŸ˜‚ğŸ˜‚ğŸ˜‚,['ğŸ˜‚'],[],"['MarciaAly01', 'TassianaFiguei3', 'AcoLyonel', 'ConsaBurgos', 'marejoy', 'ACupinj', 'SFranchin', 'ath1abalba', 'AlerquinaHarley', 'leninaclau', 'k', 'LuciaCa86838545', 'luciamansur', 'Ju_Conta1', 'Deusa_Hela_', 'HannaKontaro', 'ingrid_maria_57', 'MsBraun7']",[],Mexico, MarciaAly01  TassianaFiguei3  AcoLyonel  ConsaBurgos  marejoy  ACupinj  SFranchin  ath1abalba  AlerquinaHarley  leninaclau  k  LuciaCa86838545  luciamansur  Ju Conta1  Deusa Hela   HannaKontaro  ingrid maria 57  MsBraun7 Carbonizara ,2021-09-15 17:00:00
161,es,True,1438169031895355400,@lucasgerardi_ @guispacca @rankioshi Quarentena no MÃ©xico pra entrar no na,[],[],"['lucasgerardi_', 'guispacca', 'rankioshi']",[],Mexico, lucasgerardi   guispacca  rankioshi Quarentena no MÃ©xico pra entrar no na,2021-09-15 16:00:00
162,es,False,1438148246111674377,@laurlmrcl Eren consciente respeitando a quarentena ğŸ˜”âœ‹,"['âœ‹', 'ğŸ˜”']",[],['laurlmrcl'],[],Mexico, laurlmrcl Eren consciente respeitando a quarentena ,2021-09-15 15:00:00
163,es,False,1438130700394418187,"@Juanjo_Menendez Yo Ã©s que despuÃ©s de haber leÃ­do lo de la curva esa de la vida, y viniendo de Tele 5, ya...... En quarentena lo pongo todo.
#LaMareaAzulEsFiel https://t.co/QBpNDbUwfZ",[],['LaMareaAzulEsFiel'],['Juanjo_Menendez'],['https://t.co/QBpNDbUwfZ'],Mexico, Juanjo Menendez Yo Ã©s que despuÃ©s de haber leÃ­do lo de la curva esa de la vida  y viniendo de Tele 5  ya       En quarentena lo pongo todo  LaMareaAzulEsFiel https   t co QBpNDbUwfZ,2021-09-15 13:00:00
164,es,False,1438121585680990221,@mayyxd estas de quarentena,[],[],['mayyxd'],[],Mexico, mayyxd estas de quarentena,2021-09-15 13:00:00
165,es,False,1438120195437039616,"@CarlotaLlauger No pongo en duda su testimonio, pero esto ya ha llegado un punto, que todo lo que venga de Telecirco, hay que ponerlo en quarentena. EstarÃ©is satisfechos de haber llegado a este punto. Nada mÃ¡s que decir.
#LaMareaAzulEsFiel https://t.co/rBcTuM79oy",[],['LaMareaAzulEsFiel'],['CarlotaLlauger'],[],Mexico, CarlotaLlauger No pongo en duda su testimonio  pero esto ya ha llegado un punto  que todo lo que venga de Telecirco  hay que ponerlo en quarentena  EstarÃ©is satisfechos de haber llegado a este punto  Nada mÃ¡s que decir  LaMareaAzulEsFiel https   t co rBcTuM79oy,2021-09-15 13:00:00
166,es,False,1437987468645703681,@sebastianpinera viajÃ³ a Europa SIN realizar cuarentena. En #Chile quieren 5 dÃ­as de quarentena a vacunados en hotel 5 estrellas QuiÃ©n querrÃ¡ venir? Ya basta de abusos y llenarse los bolsillos! Dejen de robarle a la gente y hagan su pega! @DrEnriqueParis @pdazan @jaimebellolio https://t.co/QU9XOGy4r3,[],['Chile'],"['sebastianpinera', 'DrEnriqueParis', 'pdazan', 'jaimebellolio']",['https://t.co/QU9XOGy4r3'],Mexico, sebastianpinera viajÃ³ a Europa SIN realizar cuarentena  En  Chile quieren 5 dÃ­as de quarentena a vacunados en hotel 5 estrellas QuiÃ©n querrÃ¡ venir  Ya basta de abusos y llenarse los bolsillos  Dejen de robarle a la gente y hagan su pega   DrEnriqueParis  pdazan  jaimebellolio https   t co QU9XOGy4r3,2021-09-15 04:00:00
167,es,False,1437984581181902854,@_Bel28 @macunaimaz21 @claudia_maria @sbrjjo @Naiavacinada @AlerquinaHarley @ingrid_maria_57 @_claudia2020 @bcastro_denise @Elibailly @ath1abalba @CirciCabelino @Luna_quarentena @MiguelNew171 @fernandobassi @AntonioUlisses8 @karenmirandado2 @DOICODI_NELES CotÃ³  cachaceiro  ğŸ‘‰ğŸ½ğŸ˜…ğŸ˜…ğŸ˜…,"['ğŸ‘‰ğŸ½', 'ğŸ˜…']",[],"['_Bel28', 'macunaimaz21', 'claudia_maria', 'sbrjjo', 'Naiavacinada', 'AlerquinaHarley', 'ingrid_maria_57', '_claudia2020', 'bcastro_denise', 'Elibailly', 'ath1abalba', 'CirciCabelino', 'Luna_quarentena', 'MiguelNew171', 'fernandobassi', 'AntonioUlisses8', 'karenmirandado2', 'DOICODI_NELES']",[],Mexico,  Bel28  macunaimaz21  claudia maria  sbrjjo  Naiavacinada  AlerquinaHarley  ingrid maria 57   claudia2020  bcastro denise  Elibailly  ath1abalba  CirciCabelino  Luna quarentena  MiguelNew171  fernandobassi  AntonioUlisses8  karenmirandado2  DOICODI NELES CotÃ³  cachaceiro  ,2021-09-15 04:00:00
168,es,False,1437959607461294083,"@MrCuchilla Solo los de huezo duro cyan saben a lo que me refiero, uta la quarentena nis robo tiempo pensar que hace dos aÃ±os fue",[],[],['MrCuchilla'],[],Mexico, MrCuchilla Solo los de huezo duro cyan saben a lo que me refiero  uta la quarentena nis robo tiempo pensar que hace dos aÃ±os fue,2021-09-15 02:00:00
169,es,False,1437956167360208906,@AlerquinaHarley @Naiavacinada @macunaimaz21 @_Bel28 @ingrid_maria_57 @claudia_maria @_claudia2020 @bcastro_denise @Elibailly @ath1abalba @CirciCabelino @Luna_quarentena @MiguelNew171 @fernandobassi @AntonioUlisses8 @karenmirandado2 @DOICODI_NELES LÃ³gico,[],[],"['AlerquinaHarley', 'Naiavacinada', 'macunaimaz21', '_Bel28', 'ingrid_maria_57', 'claudia_maria', '_claudia2020', 'bcastro_denise', 'Elibailly', 'ath1abalba', 'CirciCabelino', 'Luna_quarentena', 'MiguelNew171', 'fernandobassi', 'AntonioUlisses8', 'karenmirandado2', 'DOICODI_NELES']",[],Mexico, AlerquinaHarley  Naiavacinada  macunaimaz21   Bel28  ingrid maria 57  claudia maria   claudia2020  bcastro denise  Elibailly  ath1abalba  CirciCabelino  Luna quarentena  MiguelNew171  fernandobassi  AntonioUlisses8  karenmirandado2  DOICODI NELES LÃ³gico,2021-09-15 02:00:00
170,es,False,1437955221838352389,@sbrjjo @Naiavacinada @macunaimaz21 @_Bel28 @ingrid_maria_57 @claudia_maria @_claudia2020 @bcastro_denise @Elibailly @ath1abalba @CirciCabelino @Luna_quarentena @MiguelNew171 @fernandobassi @AntonioUlisses8 @karenmirandado2 @DOICODI_NELES Casamento arranjado!ğŸ˜‚ğŸ˜‚ğŸ˜‚,['ğŸ˜‚'],[],"['sbrjjo', 'Naiavacinada', 'macunaimaz21', '_Bel28', 'ingrid_maria_57', 'claudia_maria', '_claudia2020', 'bcastro_denise', 'Elibailly', 'ath1abalba', 'CirciCabelino', 'Luna_quarentena', 'MiguelNew171', 'fernandobassi', 'AntonioUlisses8', 'karenmirandado2', 'DOICODI_NELES']",[],Mexico, sbrjjo  Naiavacinada  macunaimaz21   Bel28  ingrid maria 57  claudia maria   claudia2020  bcastro denise  Elibailly  ath1abalba  CirciCabelino  Luna quarentena  MiguelNew171  fernandobassi  AntonioUlisses8  karenmirandado2  DOICODI NELES Casamento arranjado ,2021-09-15 02:00:00
171,es,False,1437926725988622336,"#Brasil Se pretende poner en cuarentena a jueces, fiscales y policÃ­as, mediante modificaciÃ³n de la ley electoral: luego de dejar sus funciones no podrÃ¡n aspirar a ningÃºn cargo electivo por 5 aÃ±os. El proyecto habÃ­a sido abandonado y fue retomado.  https://t.co/evJXi0gLky",[],['Brasil'],[],['https://t.co/evJXi0gLky'],Mexico, Brasil Se pretende poner en cuarentena a jueces  fiscales y policÃ­as  mediante modificaciÃ³n de la ley electoral  luego de dejar sus funciones no podrÃ¡n aspirar a ningÃºn cargo electivo por 5 aÃ±os  El proyecto habÃ­a sido abandonado y fue retomado   https   t co evJXi0gLky,2021-09-15 00:00:00
172,es,False,1437924814983995398,quarentena vibes ~ https://t.co/bjE4Zs5X0Y,[],[],[],[],Mexico,quarentena vibes   https   t co bjE4Zs5X0Y,2021-09-15 00:00:00
173,es,False,1437900712038617099,Te Quiero  (Coral Quarentena) https://t.co/l1ACd3fgsH a travÃ©s de @YouTube,[],[],['YouTube'],['https://t.co/l1ACd3fgsH'],Mexico,Te Quiero   Coral Quarentena  https   t co l1ACd3fgsH a travÃ©s de  YouTube,2021-09-14 22:00:00
174,es,False,1437831654207377420,@Luna_quarentena Fechado!!!!ğŸ˜‚ğŸ˜‚ğŸ˜‚ğŸ˜‚ğŸ˜‚,['ğŸ˜‚'],[],['Luna_quarentena'],[],Mexico, Luna quarentena Fechado    ,2021-09-14 18:00:00
175,es,False,1437823582093119489,@fernandobassi @AlerquinaHarley @Luna_quarentena @macunaimaz21 @NainhaVacinada @EdinhoPG02 @MiguelNew171 @_claudia2020 @ath1abalba @_Bel28 Fernando!!!!,[],[],"['fernandobassi', 'AlerquinaHarley', 'Luna_quarentena', 'macunaimaz21', 'NainhaVacinada', 'EdinhoPG02', 'MiguelNew171', '_claudia2020', 'ath1abalba', '_Bel28']",[],Mexico, fernandobassi  AlerquinaHarley  Luna quarentena  macunaimaz21  NainhaVacinada  EdinhoPG02  MiguelNew171   claudia2020  ath1abalba   Bel28 Fernando    ,2021-09-14 17:00:00
176,es,False,1437821342607360002,@flamenguismo_ Ele cumpriu quarentena antes de vir,[],[],['flamenguismo_'],[],Mexico, flamenguismo  Ele cumpriu quarentena antes de vir,2021-09-14 17:00:00
177,es,False,1437818803228979206,@mth_pvessane @llirou_ ela tÃ¡ cumprindo quarentena veyr,[],[],"['mth_pvessane', 'llirou_']",[],Mexico, mth pvessane  llirou  ela tÃ¡ cumprindo quarentena veyr,2021-09-14 17:00:00
178,es,False,1437814843663396876,@macunaimaz21 @NainhaVacinada @AlerquinaHarley @EdinhoPG02 @MiguelNew171 @_claudia2020 @sbrjjo @ath1abalba @_Bel28 ğŸ˜± me expondo ğŸ™ˆ,"['ğŸ™ˆ', 'ğŸ˜±', 'xp']",[],"['macunaimaz21', 'NainhaVacinada', 'AlerquinaHarley', 'EdinhoPG02', 'MiguelNew171', '_claudia2020', 'sbrjjo', 'ath1abalba', '_Bel28']",[],Mexico, macunaimaz21  NainhaVacinada  AlerquinaHarley  EdinhoPG02  MiguelNew171   claudia2020  sbrjjo  ath1abalba   Bel28  me eondo ,2021-09-14 16:00:00
179,es,False,1437789642292670471,@ESPNBrasil Carille cumpriu quarentena?,[],[],['ESPNBrasil'],[],Mexico, ESPNBrasil Carille cumpriu quarentena ,2021-09-14 15:00:00
180,es,False,1437789121234276353,@FlvioMartinsds3 @farias_leonidas @Leopaifeliz @caragualucia @joel_fi @Luna_quarentena @philliphonorato @NcMarli @marco_so @marcosmunizmelo @Sonmag1 @bolsolulamaster SensacionalğŸ˜‚ğŸ˜‚ğŸ˜‚ğŸ˜‚ğŸ˜‚ https://t.co/vt3erkYKu7,['ğŸ˜‚'],[],"['FlvioMartinsds3', 'farias_leonidas', 'Leopaifeliz', 'caragualucia', 'joel_fi', 'Luna_quarentena', 'philliphonorato', 'NcMarli', 'marco_so', 'marcosmunizmelo', 'Sonmag1', 'bolsolulamaster']",[],Mexico, FlvioMartinsds3  farias leonidas  Leopaifeliz  caragualucia  joel fi  Luna quarentena  philliphonorato  NcMarli  marco so  marcosmunizmelo  Sonmag1  bolsolulamaster Sensacional https   t co vt3erkYKu7,2021-09-14 15:00:00
181,es,False,1437783360798142466,@rosevitaly1 @ana70947612 @08578hgf @AlerquinaHarley @CludiaTanaka2 @TassianaFiguei3 @pchopner @lesarmol @DINAHMRIB1 @Luna_quarentena @macunaimaz21 @Elianad04742827 @rosangela_bolze Denunciado,[],[],"['rosevitaly1', 'ana70947612', '08578hgf', 'AlerquinaHarley', 'CludiaTanaka2', 'TassianaFiguei3', 'pchopner', 'lesarmol', 'DINAHMRIB1', 'Luna_quarentena', 'macunaimaz21', 'Elianad04742827', 'rosangela_bolze']",[],Mexico, rosevitaly1  ana70947612  08578hgf  AlerquinaHarley  CludiaTanaka2  TassianaFiguei3  pchopner  lesarmol  DINAHMRIB1  Luna quarentena  macunaimaz21  Elianad04742827  rosangela bolze Denunciado,2021-09-14 14:00:00
182,es,False,1437777043903680517,"@Bruno___cec @SofaScoreBR @Flamengo @andrinhopereira EstÃ¡ enganado amigo...
https://t.co/Ky2bnvyVX9",[],[],"['Bruno___cec', 'SofaScoreBR', 'Flamengo', 'andrinhopereira']",['https://t.co/Ky2bnvyVX9'],Mexico, Bruno   cec  SofaScoreBR  Flamengo  andrinhopereira EstÃ¡ enganado amigo   https   t co Ky2bnvyVX9,2021-09-14 14:00:00
183,es,False,1437772738635223040,"Nuevo conflicto en Brasil por la cuarentena incumplida por un futbolista. En este caso Santos reclamarÃ¡ ante la CBF contra Flamengo por el partido del 28/8 que jugo Andreas Pereira que habÃ­a estado en Inglaterra.

https://t.co/mB5rsu9fv5",[],[],[],['https://t.co/mB5rsu9fv5'],Mexico,Nuevo conflicto en Brasil por la cuarentena incumplida por un futbolista  En este caso Santos reclamarÃ¡ ante la CBF contra Flamengo por el partido del 28 8 que jugo Andreas Pereira que habÃ­a estado en Inglaterra https   t co mB5rsu9fv5,2021-09-14 14:00:00
184,es,False,1437721107436556288,@cinlil @osvaldobazan Quarentena eterna - falta de vacunas - ventajeros,[],[],"['cinlil', 'osvaldobazan']",[],Mexico, cinlil  osvaldobazan Quarentena eterna   falta de vacunas   ventajeros,2021-09-14 10:00:00
