,tweet_lang,poi_name,poi_id,verified,id,tweet_text,tweet_emoticons,hashtags,mentions,tweet_urls,country,text_hi,tweet_date,text_en
0,hi,mansukhmandviya,432697203,True,1441025489406029832,"‡§Ü‡§Ø‡•Å‡§∑‡•ç‡§Æ‡§æ‡§® ‡§≠‡§æ‡§∞‡§§ ‡§Ø‡•ã‡§ú‡§®‡§æ ‡§ï‡•Ä ‡§≤‡§æ‡§≠‡§æ‡§∞‡•ç‡§•‡•Ä ‡§¨‡§ø‡§ü‡§ø‡§Ø‡§æ ‡§ï‡§®‡§æ‡§≤‡§§‡§æ ‡§¶‡§æ‡§∏ ‡§∏‡•á ‡§¨‡§æ‡§§‡§ö‡•Ä‡§§ ‡§ï‡•Ä‡•§ ‡§â‡§®‡•ç‡§π‡•ã‡§Ç‡§®‡•á ‡§¨‡§§‡§æ‡§Ø‡§æ ‡§ï‡•Ä ‡§ï‡•à‡§∏‡•á ‡§â‡§®‡§ï‡•á ‡§ú‡§®‡•ç‡§Æ‡§¶‡§ø‡§® ‡§ï‡•á ‡§Ö‡§µ‡§∏‡§∞ ‡§™‡§∞ ‡§π‡•Ä ‡§â‡§®‡•ç‡§π‡•á‡§Ç ‡§Ü‡§Ø‡•Å‡§∑‡•ç‡§Æ‡§æ‡§® ‡§Ø‡•ã‡§ú‡§®‡§æ ‡§ï‡§æ ‡§≤‡§æ‡§≠ ‡§Æ‡§ø‡§≤‡§æ ‡§î‡§∞ ‡§ï‡•à‡§∏‡•á ‡§á‡§∏ ‡§Ø‡•ã‡§ú‡§®‡§æ ‡§®‡•á ‡§â‡§®‡§ï‡•á ‡§ú‡•Ä‡§µ‡§® ‡§ï‡•ã ‡§¨‡§¶‡§≤ ‡§¶‡§ø‡§Ø‡§æ‡•§

‡§Ü‡§Ø‡•Å‡§∑‡•ç‡§Æ‡§æ‡§® ‡§Ø‡•ã‡§ú‡§®‡§æ ‡§ï‡•á ‡§≤‡§ø‡§è ‡§â‡§®‡•ç‡§π‡•ã‡§Ç‡§®‡•á PM @NarendraModi ‡§ú‡•Ä ‡§ï‡§æ ‡§ß‡§®‡•ç‡§Ø‡§µ‡§æ‡§¶ ‡§≠‡•Ä ‡§ï‡§ø‡§Ø‡§æ‡•§ #SevaSamarpan https://t.co/8emgOQdcOT",[],['SevaSamarpan'],['narendramodi'],[],India,‡§Ü‡§Ø‡•Å‡§∑‡•ç‡§Æ‡§æ‡§® ‡§≠‡§æ‡§∞‡§§ ‡§Ø‡•ã‡§ú‡§®‡§æ ‡§ï‡•Ä ‡§≤‡§æ‡§≠‡§æ‡§∞‡•ç‡§•‡•Ä ‡§¨‡§ø‡§ü‡§ø‡§Ø‡§æ ‡§ï‡§®‡§æ‡§≤‡§§‡§æ ‡§¶‡§æ‡§∏ ‡§∏‡•á ‡§¨‡§æ‡§§‡§ö‡•Ä‡§§ ‡§ï‡•Ä‡•§ ‡§â‡§®‡•ç‡§π‡•ã‡§Ç‡§®‡•á ‡§¨‡§§‡§æ‡§Ø‡§æ ‡§ï‡•Ä ‡§ï‡•à‡§∏‡•á ‡§â‡§®‡§ï‡•á ‡§ú‡§®‡•ç‡§Æ‡§¶‡§ø‡§® ‡§ï‡•á ‡§Ö‡§µ‡§∏‡§∞ ‡§™‡§∞ ‡§π‡•Ä ‡§â‡§®‡•ç‡§π‡•á‡§Ç ‡§Ü‡§Ø‡•Å‡§∑‡•ç‡§Æ‡§æ‡§® ‡§Ø‡•ã‡§ú‡§®‡§æ ‡§ï‡§æ ‡§≤‡§æ‡§≠ ‡§Æ‡§ø‡§≤‡§æ ‡§î‡§∞ ‡§ï‡•à‡§∏‡•á ‡§á‡§∏ ‡§Ø‡•ã‡§ú‡§®‡§æ ‡§®‡•á ‡§â‡§®‡§ï‡•á ‡§ú‡•Ä‡§µ‡§® ‡§ï‡•ã ‡§¨‡§¶‡§≤ ‡§¶‡§ø‡§Ø‡§æ‡•§‡§Ü‡§Ø‡•Å‡§∑‡•ç‡§Æ‡§æ‡§® ‡§Ø‡•ã‡§ú‡§®‡§æ ‡§ï‡•á ‡§≤‡§ø‡§è ‡§â‡§®‡•ç‡§π‡•ã‡§Ç‡§®‡•á PM  NarendraModi ‡§ú‡•Ä ‡§ï‡§æ ‡§ß‡§®‡•ç‡§Ø‡§µ‡§æ‡§¶ ‡§≠‡•Ä ‡§ï‡§ø‡§Ø‡§æ‡•§  SevaSamarpan https   t co 8emgOQdcOT,2021-09-23 13:00:00,
1,en,mansukhmandviya,432697203,True,1441017413600886790,"Government under PM @NarendraModi ji inaugurates health initiatives on #3YearsOfPMJAY 

üî∏ Hospital Help Desk Kiosk
üî∏ Beneficiary Facilitation Agency
üî∏ PM-JAY Command Centre and Nudge Unit
üî∏ Revamped PM-JAY Technology Platform https://t.co/HMg9yIGnHU",['üî∏'],['3YearsOfPMJAY'],['narendramodi'],[],India,,2021-09-23 13:00:00,Government under PM  NarendraModi ji inaugurates health initiatives on  3YearsOfPMJAY  Hospital Help Desk Kiosk Beneficiary Facilitation Agency PM JAY Command Centre and Nudge Unit Revamped PM JAY Technology Platform https   t co HMg9yIGnHU
2,hi,mansukhmandviya,432697203,True,1441013951857184770,"PM @NarendraModi ‡§ú‡•Ä ‡§¶‡•ç‡§µ‡§æ‡§∞‡§æ ‡§ö‡§≤‡§æ‡§à ‡§ó‡§Ø‡•Ä ‡§Ü‡§Ø‡•Å‡§∑‡•ç‡§Æ‡§æ‡§® ‡§≠‡§æ‡§∞‡§§ ‡§Ø‡•ã‡§ú‡§®‡§æ ‡§ï‡•á ‡§∏‡§´‡§≤‡§§‡§Æ 3 ‡§µ‡§∞‡•ç‡§∑ ‡§™‡•Ç‡§∞‡•ç‡§£ ‡§π‡•ã‡§®‡•á ‡§™‡§∞ ‡§Ü‡§ú ‡§Ø‡•ã‡§ú‡§®‡§æ ‡§ï‡•á ‡§≤‡§æ‡§≠‡§æ‡§∞‡•ç‡§•‡§ø‡§Ø‡•ã‡§Ç ‡§∏‡•á ‡§ö‡§∞‡•ç‡§ö‡§æ ‡§ï‡•Ä ‡§µ ‡§∏‡§Ç‡§¨‡•ã‡§ß‡§ø‡§§ ‡§ï‡§ø‡§Ø‡§æ‡•§ 

‡§Ø‡§π ‡§ï‡•á‡§µ‡§≤ ‡§è‡§ï ‡§Ø‡•ã‡§ú‡§®‡§æ ‡§Æ‡§æ‡§§‡•ç‡§∞ ‡§®‡§π‡•Ä‡§Ç ‡§π‡•à ‡§Ö‡§™‡§ø‡§§‡•Å ‡§ï‡§∞‡•ã‡§°‡§º‡•ã‡§Ç ‡§¶‡•á‡§∂‡§µ‡§æ‡§∏‡§ø‡§Ø‡•ã‡§Ç ‡§ï‡•ã ‡§¨‡•á‡§π‡§§‡§∞ ‡§∏‡•ç‡§µ‡§æ‡§∏‡•ç‡§•‡•ç‡§Ø ‡§∏‡•á‡§µ‡§æ‡§è‡§Ç ‡§™‡•ç‡§∞‡§¶‡§æ‡§® ‡§ï‡§∞ ‡§∏‡•ç‡§µ‡§∏‡•ç‡§• ‡§≠‡§æ‡§∞‡§§ ‡§®‡§ø‡§∞‡•ç‡§Æ‡§æ‡§£ ‡§ï‡§æ ‡§Ö‡§≠‡•Ç‡§§‡§™‡•Ç‡§∞‡•ç‡§µ ‡§Æ‡§æ‡§ß‡•ç‡§Ø‡§Æ ‡§π‡•à‡•§ https://t.co/P5gwILP2E1",[],[],['narendramodi'],[],India,PM  NarendraModi ‡§ú‡•Ä ‡§¶‡•ç‡§µ‡§æ‡§∞‡§æ ‡§ö‡§≤‡§æ‡§à ‡§ó‡§Ø‡•Ä ‡§Ü‡§Ø‡•Å‡§∑‡•ç‡§Æ‡§æ‡§® ‡§≠‡§æ‡§∞‡§§ ‡§Ø‡•ã‡§ú‡§®‡§æ ‡§ï‡•á ‡§∏‡§´‡§≤‡§§‡§Æ 3 ‡§µ‡§∞‡•ç‡§∑ ‡§™‡•Ç‡§∞‡•ç‡§£ ‡§π‡•ã‡§®‡•á ‡§™‡§∞ ‡§Ü‡§ú ‡§Ø‡•ã‡§ú‡§®‡§æ ‡§ï‡•á ‡§≤‡§æ‡§≠‡§æ‡§∞‡•ç‡§•‡§ø‡§Ø‡•ã‡§Ç ‡§∏‡•á ‡§ö‡§∞‡•ç‡§ö‡§æ ‡§ï‡•Ä ‡§µ ‡§∏‡§Ç‡§¨‡•ã‡§ß‡§ø‡§§ ‡§ï‡§ø‡§Ø‡§æ‡•§ ‡§Ø‡§π ‡§ï‡•á‡§µ‡§≤ ‡§è‡§ï ‡§Ø‡•ã‡§ú‡§®‡§æ ‡§Æ‡§æ‡§§‡•ç‡§∞ ‡§®‡§π‡•Ä‡§Ç ‡§π‡•à ‡§Ö‡§™‡§ø‡§§‡•Å ‡§ï‡§∞‡•ã‡§°‡§º‡•ã‡§Ç ‡§¶‡•á‡§∂‡§µ‡§æ‡§∏‡§ø‡§Ø‡•ã‡§Ç ‡§ï‡•ã ‡§¨‡•á‡§π‡§§‡§∞ ‡§∏‡•ç‡§µ‡§æ‡§∏‡•ç‡§•‡•ç‡§Ø ‡§∏‡•á‡§µ‡§æ‡§è‡§Ç ‡§™‡•ç‡§∞‡§¶‡§æ‡§® ‡§ï‡§∞ ‡§∏‡•ç‡§µ‡§∏‡•ç‡§• ‡§≠‡§æ‡§∞‡§§ ‡§®‡§ø‡§∞‡•ç‡§Æ‡§æ‡§£ ‡§ï‡§æ ‡§Ö‡§≠‡•Ç‡§§‡§™‡•Ç‡§∞‡•ç‡§µ ‡§Æ‡§æ‡§ß‡•ç‡§Ø‡§Æ ‡§π‡•à‡•§ https   t co P5gwILP2E1,2021-09-23 12:00:00,
3,en,mansukhmandviya,432697203,True,1440935873248387072,"PM @NarendraModi ji to announce nationwide rollout of Pradhan Mantri Digital Health Mission on September 27.

Under this, a unique digital health ID will be provided to the people, which will contain all the health records of the person.

https://t.co/E563HJ2Xw4",[],[],['narendramodi'],['https://t.co/E563HJ2Xw4'],India,,2021-09-23 07:00:00,PM  NarendraModi ji to announce nationwide rollout of Pradhan Mantri Digital Health Mission on September 27 Under this  a unique digital health ID will be provided to the people  which will contain all the health records of the person https   t co E563HJ2Xw4
4,en,mansukhmandviya,432697203,True,1440922157802942464,"Released National Comprehensive Guidelines on Post-COVID management to give guidance on long-term health issues.

This will help health workers prepare for Post-COVID health complications in advance and give suitable treatment to patients. (1/2) https://t.co/L5qPenfBll",[],[],[],[],India,,2021-09-23 06:00:00,Released National Comprehensive Guidelines on Post COVID management to give guidance on long term health issues This will help health workers prepare for Post COVID health complications in advance and give suitable treatment to patients   1 2  https   t co L5qPenfBll
5,hi,mansukhmandviya,432697203,True,1440911605454159874,"‡§™‡•ç‡§∞‡§ß‡§æ‡§®‡§Æ‡§Ç‡§§‡•ç‡§∞‡•Ä @NarendraModi ‡§ú‡•Ä ‡§ï‡•Ä ‡§Ü‡§Ø‡•Å‡§∑‡•ç‡§Æ‡§æ‡§® ‡§≠‡§æ‡§∞‡§§ ‡§Ø‡•ã‡§ú‡§®‡§æ ‡§™‡§ø‡§õ‡§≤‡•á 3 ‡§µ‡§∞‡•ç‡§∑‡•ã‡§Ç ‡§∏‡•á ‡§ó‡§∞‡•Ä‡§¨‡•ã‡§Ç ‡§ï‡•á ‡§à‡§≤‡§æ‡§ú ‡§Æ‡•á‡§Ç ‡§Ö‡§π‡§Æ ‡§≠‡•Ç‡§Æ‡§ø‡§ï‡§æ ‡§®‡§ø‡§≠‡§æ ‡§∞‡§π‡•Ä ‡§π‡•à‡•§

‡§¶‡§µ‡§æ‡§ì‡§Ç ‡§ï‡•Ä ‡§≤‡§æ‡§ó‡§§, ‡§â‡§™‡§ö‡§æ‡§∞ ‡§∏‡§π‡§ø‡§§ ‡§µ‡§ø‡§≠‡§ø‡§®‡•ç‡§® ‡§™‡•ç‡§∞‡§ï‡§æ‡§∞ ‡§ï‡•á ‡§ñ‡§∞‡•ç‡§ö ‡§ï‡•Ä ‡§ö‡§ø‡§Ç‡§§‡§æ ‡§∏‡•á ‡§Ø‡§π ‡§Ø‡•ã‡§ú‡§®‡§æ ‡§Æ‡•Å‡§ï‡•ç‡§§ ‡§ï‡§∞‡§§‡•á ‡§π‡•Å‡§è ‡§ó‡§∞‡•Ä‡§¨ ‡§ï‡•ã ‡§¨‡•á‡§π‡§§‡§∞ ‡§à‡§≤‡§æ‡§ú ‡§Æ‡§ø‡§≤‡§®‡§æ ‡§∏‡•Å‡§®‡§ø‡§∂‡•ç‡§ö‡§ø‡§§ ‡§ï‡§∞ ‡§∞‡§π‡•Ä ‡§π‡•à‡•§ #SevaSamarpan #3YearsofPMJAY https://t.co/maMtrFrf15",[],"['SevaSamarpan', '3YearsofPMJAY']",['narendramodi'],[],India,‡§™‡•ç‡§∞‡§ß‡§æ‡§®‡§Æ‡§Ç‡§§‡•ç‡§∞‡•Ä  NarendraModi ‡§ú‡•Ä ‡§ï‡•Ä ‡§Ü‡§Ø‡•Å‡§∑‡•ç‡§Æ‡§æ‡§® ‡§≠‡§æ‡§∞‡§§ ‡§Ø‡•ã‡§ú‡§®‡§æ ‡§™‡§ø‡§õ‡§≤‡•á 3 ‡§µ‡§∞‡•ç‡§∑‡•ã‡§Ç ‡§∏‡•á ‡§ó‡§∞‡•Ä‡§¨‡•ã‡§Ç ‡§ï‡•á ‡§à‡§≤‡§æ‡§ú ‡§Æ‡•á‡§Ç ‡§Ö‡§π‡§Æ ‡§≠‡•Ç‡§Æ‡§ø‡§ï‡§æ ‡§®‡§ø‡§≠‡§æ ‡§∞‡§π‡•Ä ‡§π‡•à‡•§‡§¶‡§µ‡§æ‡§ì‡§Ç ‡§ï‡•Ä ‡§≤‡§æ‡§ó‡§§  ‡§â‡§™‡§ö‡§æ‡§∞ ‡§∏‡§π‡§ø‡§§ ‡§µ‡§ø‡§≠‡§ø‡§®‡•ç‡§® ‡§™‡•ç‡§∞‡§ï‡§æ‡§∞ ‡§ï‡•á ‡§ñ‡§∞‡•ç‡§ö ‡§ï‡•Ä ‡§ö‡§ø‡§Ç‡§§‡§æ ‡§∏‡•á ‡§Ø‡§π ‡§Ø‡•ã‡§ú‡§®‡§æ ‡§Æ‡•Å‡§ï‡•ç‡§§ ‡§ï‡§∞‡§§‡•á ‡§π‡•Å‡§è ‡§ó‡§∞‡•Ä‡§¨ ‡§ï‡•ã ‡§¨‡•á‡§π‡§§‡§∞ ‡§à‡§≤‡§æ‡§ú ‡§Æ‡§ø‡§≤‡§®‡§æ ‡§∏‡•Å‡§®‡§ø‡§∂‡•ç‡§ö‡§ø‡§§ ‡§ï‡§∞ ‡§∞‡§π‡•Ä ‡§π‡•à‡•§  SevaSamarpan  3YearsofPMJAY https   t co maMtrFrf15,2021-09-23 06:00:00,
6,hi,mansukhmandviya,432697203,True,1440885620897767426,"‡§∏‡•á‡§µ‡§æ ‡§î‡§∞ ‡§â‡§§‡•ç‡§ï‡§∞‡•ç‡§∑ ‡§ï‡•á 3 ‡§µ‡§∞‡•ç‡§∑!

PM @NarendraModi ‡§ú‡•Ä ‡§ï‡•Ä ‡§∏‡•ã‡§ö ‡§Ö‡§Ç‡§§‡§ø‡§Æ ‡§õ‡•ã‡§∞ ‡§™‡§∞ ‡§ñ‡§°‡§º‡•á ‡§µ‡•ç‡§Ø‡§ï‡•ç‡§§‡§ø ‡§ï‡§æ ‡§ú‡•Ä‡§µ‡§® ‡§∏‡•ç‡§§‡§∞ ‡§â‡§Ç‡§ö‡§æ ‡§ï‡§∞‡§®‡•á ‡§ï‡•Ä ‡§∞‡§π‡•Ä ‡§π‡•à‡•§ ‡§Ü‡§Ø‡•Å‡§∑‡•ç‡§Æ‡§æ‡§® ‡§≠‡§æ‡§∞‡§§ ‡§Ø‡•ã‡§ú‡§®‡§æ ‡§∏‡•á ‡§ï‡§∞‡•ã‡§°‡§º‡•ã‡§Ç ‡§≤‡•ã‡§ó‡•ã‡§Ç ‡§ï‡•ã ‡§Æ‡•Å‡§´‡§º‡•ç‡§§ ‡§á‡§≤‡§æ‡§ú ‡§ï‡•Ä ‡§∏‡•Å‡§µ‡§ø‡§ß‡§æ ‡§â‡§™‡§≤‡§¨‡•ç‡§ß ‡§π‡•Å‡§à ‡§π‡•à ‡§î‡§∞ ‡§®‡§ø‡§∞‡§Ç‡§§‡§∞ ‡§Ø‡§π ‡§Ø‡•ã‡§ú‡§®‡§æ ‡§ó‡§∞‡•Ä‡§¨‡•ã‡§Ç ‡§ï‡•á ‡§≤‡§ø‡§è ‡§µ‡§∞‡§¶‡§æ‡§® ‡§∏‡§æ‡§¨‡§ø‡§§ ‡§π‡•ã ‡§∞‡§π‡•Ä ‡§π‡•à‡•§ #3YearsofPMJAY https://t.co/3uQu2Gcmod",[],['3YearsofPMJAY'],['narendramodi'],[],India,‡§∏‡•á‡§µ‡§æ ‡§î‡§∞ ‡§â‡§§‡•ç‡§ï‡§∞‡•ç‡§∑ ‡§ï‡•á 3 ‡§µ‡§∞‡•ç‡§∑ PM  NarendraModi ‡§ú‡•Ä ‡§ï‡•Ä ‡§∏‡•ã‡§ö ‡§Ö‡§Ç‡§§‡§ø‡§Æ ‡§õ‡•ã‡§∞ ‡§™‡§∞ ‡§ñ‡§°‡§º‡•á ‡§µ‡•ç‡§Ø‡§ï‡•ç‡§§‡§ø ‡§ï‡§æ ‡§ú‡•Ä‡§µ‡§® ‡§∏‡•ç‡§§‡§∞ ‡§â‡§Ç‡§ö‡§æ ‡§ï‡§∞‡§®‡•á ‡§ï‡•Ä ‡§∞‡§π‡•Ä ‡§π‡•à‡•§ ‡§Ü‡§Ø‡•Å‡§∑‡•ç‡§Æ‡§æ‡§® ‡§≠‡§æ‡§∞‡§§ ‡§Ø‡•ã‡§ú‡§®‡§æ ‡§∏‡•á ‡§ï‡§∞‡•ã‡§°‡§º‡•ã‡§Ç ‡§≤‡•ã‡§ó‡•ã‡§Ç ‡§ï‡•ã ‡§Æ‡•Å‡§´‡§º‡•ç‡§§ ‡§á‡§≤‡§æ‡§ú ‡§ï‡•Ä ‡§∏‡•Å‡§µ‡§ø‡§ß‡§æ ‡§â‡§™‡§≤‡§¨‡•ç‡§ß ‡§π‡•Å‡§à ‡§π‡•à ‡§î‡§∞ ‡§®‡§ø‡§∞‡§Ç‡§§‡§∞ ‡§Ø‡§π ‡§Ø‡•ã‡§ú‡§®‡§æ ‡§ó‡§∞‡•Ä‡§¨‡•ã‡§Ç ‡§ï‡•á ‡§≤‡§ø‡§è ‡§µ‡§∞‡§¶‡§æ‡§® ‡§∏‡§æ‡§¨‡§ø‡§§ ‡§π‡•ã ‡§∞‡§π‡•Ä ‡§π‡•à‡•§  3YearsofPMJAY https   t co 3uQu2Gcmod,2021-09-23 04:00:00,
7,en,mansukhmandviya,432697203,True,1440877165562658818,"As newer Indian vaccines get developed, we are also ramping up production capacity of existing vaccines.

As our production increases, we will be able to resume vaccine supplies to others too.

For this, the supply chains of raw materials must be kept open: PM @NarendraModi ji https://t.co/R3RaOKoR7i",[],[],['narendramodi'],[],India,,2021-09-23 03:00:00,As newer Indian vaccines get developed  we are also ramping up production capacity of existing vaccines As our production increases  we will be able to resume vaccine supplies to others too For this  the supply chains of raw materials must be kept open  PM  NarendraModi ji https   t co R3RaOKoR7i
8,en,mansukhmandviya,432697203,True,1440876044781719559,"Earlier this year, we shared our vaccine production with 95 other countries, &amp; with UN peacekeepers.

And, like a family, the world also stood with üáÆüá≥ when we were going through a second wave.

For the solidarity &amp; support extended to India, I thank you all: PM @NarendraModi ji https://t.co/OlZn7SM34F",['üáÆüá≥'],[],['narendramodi'],[],India,,2021-09-23 03:00:00,Earlier this year  we shared our vaccine production with 95 other countries   amp  with UN peacekeepers And  like a family  the world also stood with  when we were going through a second wave For the solidarity  amp  support extended to India  I thank you all  PM  NarendraModi ji https   t co OlZn7SM34F
9,en,mansukhmandviya,432697203,True,1440874912588066816,"üáÆüá≥ is now running the world‚Äôs largest vaccination campaign.

Recently, we vaccinated about 2.5 crore people on a single day.

Our grassroots level healthcare system has delivered over 80 crore vaccine doses so far.

Over 20 crore Indians are fully vaccinated: PM @NarendraModi ji https://t.co/A4MyHVjCqu",['üáÆüá≥'],[],['narendramodi'],[],India,,2021-09-23 03:00:00, is now running the world‚Äôs largest vaccination campaign Recently  we vaccinated about 2 5 crore people on a single day Our grassroots level healthcare system has delivered over 80 crore vaccine doses so far Over 20 crore Indians are fully vaccinated  PM  NarendraModi ji https   t co A4MyHVjCqu
10,en,mansukhmandviya,432697203,True,1440867567791329287,"India today marks the milestone of 3 years of Ayushman Bharat Yojana, in line with PM @NarendraModi ji's commitment to Universal Health Coverage.

The largest health insurance scheme in the world is enabling 50 crore beneficiaries to get free healthcare. #3YearsOfAyushmanBharat https://t.co/G7T8Kdd96D",[],['3YearsOfAyushmanBharat'],['narendramodi'],[],India,,2021-09-23 03:00:00,India today marks the milestone of 3 years of Ayushman Bharat Yojana  in line with PM  NarendraModi ji s commitment to Universal Health Coverage The largest health insurance scheme in the world is enabling 50 crore beneficiaries to get free healthcare   3YearsOfAyushmanBharat https   t co G7T8Kdd96D
11,hi,mansukhmandviya,432697203,True,1440850653761261576,"‡§π‡•à ‡§ï‡•å‡§® ‡§µ‡§ø‡§ò‡•ç‡§® ‡§ê‡§∏‡§æ ‡§ú‡§ó ‡§Æ‡•á‡§Ç, ‡§ü‡§ø‡§ï ‡§∏‡§ï‡•á ‡§µ‡•Ä‡§∞ ‡§®‡§∞ ‡§ï‡•á ‡§Æ‡§ó ‡§Æ‡•á‡§Ç ?
‡§ñ‡§Æ ‡§†‡•ã‡§Ç‡§ï ‡§†‡•á‡§≤‡§§‡§æ ‡§π‡•à ‡§ú‡§¨ ‡§®‡§∞, ‡§™‡§∞‡•ç‡§µ‡§§ ‡§ï‡•á ‡§ú‡§æ‡§§‡•á ‡§™‡§æ‡§Å‡§µ ‡§â‡§ñ‡§°‡§º‡•§
‡§Æ‡§æ‡§®‡§µ ‡§ú‡§¨ ‡§ú‡•ã‡§∞ ‡§≤‡§ó‡§æ‡§§‡§æ ‡§π‡•à, ‡§™‡§§‡•ç‡§•‡§∞ ‡§™‡§æ‡§®‡•Ä ‡§¨‡§® ‡§ú‡§æ‡§§‡§æ ‡§π‡•à‡•§

‡§Ö‡§™‡§®‡•Ä ‡§∞‡§ö‡§®‡§æ‡§ì‡§Ç ‡§Æ‡•á‡§Ç ‡§∏‡§æ‡§π‡§∏, ‡§µ‡•Ä‡§∞‡§§‡§æ, ‡§î‡§∞ ‡§∂‡•å‡§∞‡•ç‡§Ø ‡§ï‡•Ä ‡§ó‡§æ‡§•‡§æ ‡§ï‡§π‡§®‡•á ‡§µ‡§æ‡§≤‡•á ‡§∞‡§æ‡§∑‡•ç‡§ü‡•ç‡§∞‡§ï‡§µ‡§ø ‡§∞‡§æ‡§Æ‡§ß‡§æ‡§∞‡•Ä ‡§∏‡§ø‡§Ç‡§π ‡§¶‡§ø‡§®‡§ï‡§∞ ‡§ú‡•Ä ‡§ï‡•á ‡§ú‡§®‡•ç‡§Æ‡§¶‡§ø‡§µ‡§∏ ‡§™‡§∞ ‡§â‡§®‡•ç‡§π‡•á‡§Ç ‡§Æ‡•á‡§∞‡§æ ‡§®‡§Æ‡§®‡•§ https://t.co/bCngKc821b",[],[],[],[],India,‡§π‡•à ‡§ï‡•å‡§® ‡§µ‡§ø‡§ò‡•ç‡§® ‡§ê‡§∏‡§æ ‡§ú‡§ó ‡§Æ‡•á‡§Ç  ‡§ü‡§ø‡§ï ‡§∏‡§ï‡•á ‡§µ‡•Ä‡§∞ ‡§®‡§∞ ‡§ï‡•á ‡§Æ‡§ó ‡§Æ‡•á‡§Ç  ‡§ñ‡§Æ ‡§†‡•ã‡§Ç‡§ï ‡§†‡•á‡§≤‡§§‡§æ ‡§π‡•à ‡§ú‡§¨ ‡§®‡§∞  ‡§™‡§∞‡•ç‡§µ‡§§ ‡§ï‡•á ‡§ú‡§æ‡§§‡•á ‡§™‡§æ‡§Å‡§µ ‡§â‡§ñ‡§°‡§º‡•§‡§Æ‡§æ‡§®‡§µ ‡§ú‡§¨ ‡§ú‡•ã‡§∞ ‡§≤‡§ó‡§æ‡§§‡§æ ‡§π‡•à  ‡§™‡§§‡•ç‡§•‡§∞ ‡§™‡§æ‡§®‡•Ä ‡§¨‡§® ‡§ú‡§æ‡§§‡§æ ‡§π‡•à‡•§‡§Ö‡§™‡§®‡•Ä ‡§∞‡§ö‡§®‡§æ‡§ì‡§Ç ‡§Æ‡•á‡§Ç ‡§∏‡§æ‡§π‡§∏  ‡§µ‡•Ä‡§∞‡§§‡§æ  ‡§î‡§∞ ‡§∂‡•å‡§∞‡•ç‡§Ø ‡§ï‡•Ä ‡§ó‡§æ‡§•‡§æ ‡§ï‡§π‡§®‡•á ‡§µ‡§æ‡§≤‡•á ‡§∞‡§æ‡§∑‡•ç‡§ü‡•ç‡§∞‡§ï‡§µ‡§ø ‡§∞‡§æ‡§Æ‡§ß‡§æ‡§∞‡•Ä ‡§∏‡§ø‡§Ç‡§π ‡§¶‡§ø‡§®‡§ï‡§∞ ‡§ú‡•Ä ‡§ï‡•á ‡§ú‡§®‡•ç‡§Æ‡§¶‡§ø‡§µ‡§∏ ‡§™‡§∞ ‡§â‡§®‡•ç‡§π‡•á‡§Ç ‡§Æ‡•á‡§∞‡§æ ‡§®‡§Æ‡§®‡•§ https   t co bCngKc821b,2021-09-23 01:00:00,
12,en,mansukhmandviya,432697203,True,1440603047944622085,"PM @NarendraModi ji to visit the USA where he will deliver an address at the United Nations General Assembly.

His address will focus on pressing global issues of importance, including, universal cooperation on the #COVID19 pandemic.

https://t.co/3pNTuJlu1M",[],['COVID19'],['narendramodi'],['https://t.co/3pNTuJlu1M'],India,,2021-09-22 09:00:00,PM  NarendraModi ji to visit the USA where he will deliver an address at the United Nations General Assembly His address will focus on pressing global issues of importance  including  universal cooperation on the  COVID19 pandemic https   t co 3pNTuJlu1M
13,en,mansukhmandviya,432697203,True,1440219712110010369,"Marching ahead with another significant achievement in the fight against #COVID19 

India administers 82 crore vaccine doses.

Compliments to the health workers &amp; medical fraternity for this feat üëè https://t.co/Hl3CwoTcik",['üëè'],['COVID19'],[],[],India,,2021-09-21 08:00:00,Marching ahead with another significant achievement in the fight against  COVID19 India administers 82 crore vaccine doses Compliments to the health workers  amp  medical fraternity for this feat  https   t co Hl3CwoTcik
