,tweet_lang,replied_to_tweet_id,replied_to_user_id,reply_text,id,verified,text_en,tweet_date,country,tweet_text,tweet_emoticons,hashtags,mentions,tweet_urls,text_hi,text_es
0,en,1438701204893159427,1447949844, AmitShah Haa  haa  i see comments  some people are very much struggling to prove nizams cruality as greatness  Some are saying gold donation  I m asking from where he got that gold   Does he got gold by doing hard work   Don t try to manipulate history   HyderabadLiberationDay,1439441948553584645,False, AmitShah Haa  haa  i see comments  some people are very much struggling to prove nizams cruality as greatness  Some are saying gold donation  I m asking from where he got that gold   Does he got gold by doing hard work   Don t try to manipulate history   HyderabadLiberationDay,2021-09-19T04:11:18.000Z,India,"@AmitShah Haa..haa..i see comments..some people are very much struggling to prove nizams cruality as greatness..
Some are saying gold donation..I'm asking from where he got that gold ? Does he got gold by doing hard work ? Don't try to manipulate history..

#HyderabadLiberationDay",[],[],['AmitShah'],['https://t.co/GLlD0ON74i'],,
1,en,1438701204893159427,1447949844, KiranChapala  AmitShah Hahahaha Broh whr r uh 4m first go n check it out history   ,1439280806413815812,False, KiranChapala  AmitShah Hahahaha Broh whr r uh 4m first go n check it out history   ,2021-09-18T17:30:59.000Z,India,@KiranChapala @AmitShah Hahahaha Broh whr r uh 4m first go n check it out history...,[],[],"['KiranChapala', 'AmitShah']",[],,
2,hi,1438701204893159427,1447949844, AmitShah ‡§Æ‡•á‡§∞‡•á ‡§™‡§æ‡§∏ ‡§™‡•à‡§∏‡•á ‡§®‡§π‡•Ä‡§Ç ‡§π‡•à‡§Ç 75000 ‡§ï‡§∞‡•ã‡§°‡§º ‡§¨‡§ø‡§π‡§æ‡§∞ ‡§ó‡§æ‡§Ç‡§µ ‡§≤‡§æ‡§≤‡§¨‡•Ä‡§ò‡§æ ‡§µ‡§ø‡§≠‡§ø‡§®‡•ç‡§® ‡§∞‡§æ‡§ú‡•ç‡§Ø‡•ã‡§Ç ‡§∏‡•á ‡§ö‡•ã‡§∞‡•Ä‡•§ ‡§ó‡•ç‡§∞‡§æ‡§π‡§ï ‡§∏‡•á‡§µ‡§æ ‡§¨‡§ø‡§Ç‡§¶‡•Å 2017 2021 ‡§≤‡§æ‡§≤‡§¨‡•Ä‡§ò‡§æ ‡§ó‡§æ‡§Ç‡§µ ‡§∏‡•á ‡§≤‡•ã‡§ó‡•ã‡§Ç ‡§ï‡•ã ‡§ó‡§ø‡§∞‡§´‡•ç‡§§‡§æ‡§∞ ‡§ï‡§∞‡•á‡§Ç ‡§î‡§∞ ‡§¨‡§ø‡§π‡§æ‡§∞ ‡§ï‡•á ‡§∏‡•Ä‡§è‡§Æ ‡§®‡•Ä‡§§‡•Ä‡§∂ ‡§ï‡•Å‡§Æ‡§æ‡§∞ ‡§ï‡•ã ‡§§‡•Å‡§∞‡§Ç‡§§ ‡§ó‡§ø‡§∞‡§´‡•ç‡§§‡§æ‡§∞ ‡§ï‡§∞‡•á‡§Ç ‡§≠‡§æ‡§ú‡§™‡§æ ‡§™‡•Ç‡§∞‡•á ‡§≠‡§æ‡§∞‡§§ ‡§Æ‡•á‡§Ç ‡§∂‡§æ‡§∏‡§® ‡§ï‡§∞‡§§‡•Ä ‡§π‡•à ,1439259288719937540,False,,2021-09-18T16:05:29.000Z,India,@AmitShah ‡§Æ‡•á‡§∞‡•á ‡§™‡§æ‡§∏ ‡§™‡•à‡§∏‡•á ‡§®‡§π‡•Ä‡§Ç ‡§π‡•à‡§Ç 75000 ‡§ï‡§∞‡•ã‡§°‡§º ‡§¨‡§ø‡§π‡§æ‡§∞ ‡§ó‡§æ‡§Ç‡§µ ‡§≤‡§æ‡§≤‡§¨‡•Ä‡§ò‡§æ ‡§µ‡§ø‡§≠‡§ø‡§®‡•ç‡§® ‡§∞‡§æ‡§ú‡•ç‡§Ø‡•ã‡§Ç ‡§∏‡•á ‡§ö‡•ã‡§∞‡•Ä‡•§ ‡§ó‡•ç‡§∞‡§æ‡§π‡§ï ‡§∏‡•á‡§µ‡§æ ‡§¨‡§ø‡§Ç‡§¶‡•Å 2017 2021 ‡§≤‡§æ‡§≤‡§¨‡•Ä‡§ò‡§æ ‡§ó‡§æ‡§Ç‡§µ ‡§∏‡•á ‡§≤‡•ã‡§ó‡•ã‡§Ç ‡§ï‡•ã ‡§ó‡§ø‡§∞‡§´‡•ç‡§§‡§æ‡§∞ ‡§ï‡§∞‡•á‡§Ç ‡§î‡§∞ ‡§¨‡§ø‡§π‡§æ‡§∞ ‡§ï‡•á ‡§∏‡•Ä‡§è‡§Æ ‡§®‡•Ä‡§§‡•Ä‡§∂ ‡§ï‡•Å‡§Æ‡§æ‡§∞ ‡§ï‡•ã ‡§§‡•Å‡§∞‡§Ç‡§§ ‡§ó‡§ø‡§∞‡§´‡•ç‡§§‡§æ‡§∞ ‡§ï‡§∞‡•á‡§Ç ‡§≠‡§æ‡§ú‡§™‡§æ ‡§™‡•Ç‡§∞‡•á ‡§≠‡§æ‡§∞‡§§ ‡§Æ‡•á‡§Ç ‡§∂‡§æ‡§∏‡§® ‡§ï‡§∞‡§§‡•Ä ‡§π‡•à üáÆüá≥,['üáÆüá≥'],[],['AmitShah'],['https://t.co/mQVu4LkvV6'], AmitShah ‡§Æ‡•á‡§∞‡•á ‡§™‡§æ‡§∏ ‡§™‡•à‡§∏‡•á ‡§®‡§π‡•Ä‡§Ç ‡§π‡•à‡§Ç 75000 ‡§ï‡§∞‡•ã‡§°‡§º ‡§¨‡§ø‡§π‡§æ‡§∞ ‡§ó‡§æ‡§Ç‡§µ ‡§≤‡§æ‡§≤‡§¨‡•Ä‡§ò‡§æ ‡§µ‡§ø‡§≠‡§ø‡§®‡•ç‡§® ‡§∞‡§æ‡§ú‡•ç‡§Ø‡•ã‡§Ç ‡§∏‡•á ‡§ö‡•ã‡§∞‡•Ä‡•§ ‡§ó‡•ç‡§∞‡§æ‡§π‡§ï ‡§∏‡•á‡§µ‡§æ ‡§¨‡§ø‡§Ç‡§¶‡•Å 2017 2021 ‡§≤‡§æ‡§≤‡§¨‡•Ä‡§ò‡§æ ‡§ó‡§æ‡§Ç‡§µ ‡§∏‡•á ‡§≤‡•ã‡§ó‡•ã‡§Ç ‡§ï‡•ã ‡§ó‡§ø‡§∞‡§´‡•ç‡§§‡§æ‡§∞ ‡§ï‡§∞‡•á‡§Ç ‡§î‡§∞ ‡§¨‡§ø‡§π‡§æ‡§∞ ‡§ï‡•á ‡§∏‡•Ä‡§è‡§Æ ‡§®‡•Ä‡§§‡•Ä‡§∂ ‡§ï‡•Å‡§Æ‡§æ‡§∞ ‡§ï‡•ã ‡§§‡•Å‡§∞‡§Ç‡§§ ‡§ó‡§ø‡§∞‡§´‡•ç‡§§‡§æ‡§∞ ‡§ï‡§∞‡•á‡§Ç ‡§≠‡§æ‡§ú‡§™‡§æ ‡§™‡•Ç‡§∞‡•á ‡§≠‡§æ‡§∞‡§§ ‡§Æ‡•á‡§Ç ‡§∂‡§æ‡§∏‡§® ‡§ï‡§∞‡§§‡•Ä ‡§π‡•à ,
3,en,1438701204893159427,1447949844, AmitShah 6 lakhs peoples death  in police actionSham on home ministerYou say celebrate liberation day,1439182740973240323,False, AmitShah 6 lakhs peoples death  in police actionSham on home ministerYou say celebrate liberation day,2021-09-18T11:01:18.000Z,India,"@AmitShah 6 lakhs peoples death' in police action
Sham on home minister
You say celebrate liberation day",[],[],['AmitShah'],[],,
4,en,1438701204893159427,1447949844, Mohamme71401814  AmitShah Nizam are just looters  They looted their own people  Just like taliban ,1439052122255855617,False, Mohamme71401814  AmitShah Nizam are just looters  They looted their own people  Just like taliban ,2021-09-18T02:22:16.000Z,India,@Mohamme71401814 @AmitShah Nizam are just looters. They looted their own people. Just like taliban.,[],[],"['Mohamme71401814', 'AmitShah']",[],,
5,en,1438701204893159427,1447949844, aKa3zLYxZ10H3fB  AmitShah Lol  what are students demanding by the way  Would you care to elaborate ,1439049714947661827,False, aKa3zLYxZ10H3fB  AmitShah Lol  what are students demanding by the way  Would you care to elaborate ,2021-09-18T02:12:42.000Z,India,"@aKa3zLYxZ10H3fB @AmitShah Lol, what are students demanding by the way? Would you care to elaborate?",[],[],"['aKa3zLYxZ10H3fB', 'AmitShah']",[],,
6,en,1438701204893159427,1447949844, GSRNationalist  AmitShah Jai hind,1438955754115923970,False, GSRNationalist  AmitShah Jai hind,2021-09-17T19:59:20.000Z,India,@GSRNationalist @AmitShah Jai hind,[],[],"['GSRNationalist', 'AmitShah']",[],,
7,en,1438701204893159427,1447949844, AmitShah Bhai aap char class padlo   Nation will always remain indebted for  Nizams Mir Osman Ali Khan sahab,1438934002627276802,False, AmitShah Bhai aap char class padlo   Nation will always remain indebted for  Nizams Mir Osman Ali Khan sahab,2021-09-17T18:32:54.000Z,India,"@AmitShah Bhai aap char class padlo ü§≠ü§¶‚Äç‚ôÇÔ∏èü§∑‚Äç‚ôÇÔ∏è.
#Nation will always remain indebted for #Nizams Mir Osman Ali Khan sahab","['ü§∑\u200d‚ôÇÔ∏è', 'ü§¶\u200d‚ôÇÔ∏è', 'ü§≠']","['Nation', 'Nizams']",['AmitShah'],[],,
8,hi,1438701204893159427,1447949844, AmitShah  bouquet1416 ‡•®‡•©‡§Ö‡§ó‡§∏‡•ç‡§§‡•ß‡•Ø‡•™‡•´ ‡§Æ‡•á‡§Ç ‡§µ‡§ø‡§Æ‡§æ‡§® ‡§¶‡•Å‡§∞‡•ç‡§ò‡§ü‡§®‡§æ ‡§Æ‡•á‡§Ç ‡§®‡•á‡§§‡§æ‡§ú‡•Ä ‡§∏‡•Å‡§≠‡§æ‡§∑ ‡§ö‡§®‡•ç‡§¶‡•ç‡§∞ ‡§¨‡•ã‡§∏ ‡§ú‡•Ä ‡§ï‡•Ä ‡§Æ‡•É‡§§‡•ç‡§Ø‡•Å ‡§ï‡•Ä ‡§ñ‡§¨‡§∞ ‡§è‡§ï ‡§Ö‡§ñ‡§µ‡§æ‡§∞ ‡§Æ‡•á‡§Ç ‡§™‡•ç‡§∞‡§ï‡§æ‡§∂‡§ø‡§§ ‡§π‡•Å‡§Ü ‡§•‡§æ‡•§ ‡§â‡§∏‡•Ä ‡§Ö‡§ñ‡§µ‡§æ‡§∞ ‡§ï‡•ã ‡§®‡•á‡§§‡§æ‡§ú‡•Ä ‡§ñ‡•Å‡§¶ ‡§Ö‡§™‡§®‡•á ‡§π‡§æ‡§•‡•ã‡§Ç ‡§Æ‡•á‡§Ç ‡§≤‡§ø‡§è ‡§ñ‡•Å‡§¶ ‡§ï‡•Ä ‡§Æ‡•É‡§§‡•ç‡§Ø‡•Å ‡§ñ‡§¨‡§∞ ‡§™‡§¢‡§º‡§§‡•á ‡§π‡•Å‡§è‡•§ ‡§®‡•á‡§π‡§∞‡•Ç ‡§ó‡§æ‡§Ç‡§ß‡•Ä ‡§®‡•á ‡§Ö‡§™‡§®‡•á ‡§∏‡•ç‡§µ‡§æ‡§∞‡•ç‡§• ‡§ï‡•á ‡§≤‡§ø‡§è ‡§Ö‡§Ç‡§ó‡•ç‡§∞‡•á‡§ú‡•ã‡§Ç ‡§ï‡•á ‡§∏‡§æ‡§• ‡§Æ‡§ø‡§≤‡§ï‡§∞ ‡§®‡•á‡§§‡§æ‡§ú‡•Ä ‡§ï‡•ã ‡§ó‡•Å‡§Æ‡§®‡§æ‡§Æ‡•Ä ‡§ï‡•á ‡§Ö‡§Ç‡§ß‡•á‡§∞‡•á ‡§Æ‡•á‡§Ç ‡§ß‡§ï‡•á‡§≤ ‡§¶‡§ø‡§Ø‡§æ https   t co 6ojjc4QRR5,1438912281136418818,False,,2021-09-17T17:06:36.000Z,India,@AmitShah @bouquet1416 ‡•®‡•©‡§Ö‡§ó‡§∏‡•ç‡§§‡•ß‡•Ø‡•™‡•´ ‡§Æ‡•á‡§Ç ‡§µ‡§ø‡§Æ‡§æ‡§® ‡§¶‡•Å‡§∞‡•ç‡§ò‡§ü‡§®‡§æ ‡§Æ‡•á‡§Ç ‡§®‡•á‡§§‡§æ‡§ú‡•Ä ‡§∏‡•Å‡§≠‡§æ‡§∑ ‡§ö‡§®‡•ç‡§¶‡•ç‡§∞ ‡§¨‡•ã‡§∏ ‡§ú‡•Ä ‡§ï‡•Ä ‡§Æ‡•É‡§§‡•ç‡§Ø‡•Å ‡§ï‡•Ä ‡§ñ‡§¨‡§∞ ‡§è‡§ï ‡§Ö‡§ñ‡§µ‡§æ‡§∞ ‡§Æ‡•á‡§Ç ‡§™‡•ç‡§∞‡§ï‡§æ‡§∂‡§ø‡§§ ‡§π‡•Å‡§Ü ‡§•‡§æ‡•§ ‡§â‡§∏‡•Ä ‡§Ö‡§ñ‡§µ‡§æ‡§∞ ‡§ï‡•ã ‡§®‡•á‡§§‡§æ‡§ú‡•Ä ‡§ñ‡•Å‡§¶ ‡§Ö‡§™‡§®‡•á ‡§π‡§æ‡§•‡•ã‡§Ç ‡§Æ‡•á‡§Ç ‡§≤‡§ø‡§è ‡§ñ‡•Å‡§¶ ‡§ï‡•Ä ‡§Æ‡•É‡§§‡•ç‡§Ø‡•Å ‡§ñ‡§¨‡§∞ ‡§™‡§¢‡§º‡§§‡•á ‡§π‡•Å‡§è‡•§ ‡§®‡•á‡§π‡§∞‡•Ç ‡§ó‡§æ‡§Ç‡§ß‡•Ä ‡§®‡•á ‡§Ö‡§™‡§®‡•á ‡§∏‡•ç‡§µ‡§æ‡§∞‡•ç‡§• ‡§ï‡•á ‡§≤‡§ø‡§è ‡§Ö‡§Ç‡§ó‡•ç‡§∞‡•á‡§ú‡•ã‡§Ç ‡§ï‡•á ‡§∏‡§æ‡§• ‡§Æ‡§ø‡§≤‡§ï‡§∞ ‡§®‡•á‡§§‡§æ‡§ú‡•Ä ‡§ï‡•ã ‡§ó‡•Å‡§Æ‡§®‡§æ‡§Æ‡•Ä ‡§ï‡•á ‡§Ö‡§Ç‡§ß‡•á‡§∞‡•á ‡§Æ‡•á‡§Ç ‡§ß‡§ï‡•á‡§≤ ‡§¶‡§ø‡§Ø‡§æ https://t.co/6ojjc4QRR5,[],[],"['AmitShah', 'bouquet1416']",['https://t.co/4azDaVQGJh'], AmitShah  bouquet1416 ‡•®‡•©‡§Ö‡§ó‡§∏‡•ç‡§§‡•ß‡•Ø‡•™‡•´ ‡§Æ‡•á‡§Ç ‡§µ‡§ø‡§Æ‡§æ‡§® ‡§¶‡•Å‡§∞‡•ç‡§ò‡§ü‡§®‡§æ ‡§Æ‡•á‡§Ç ‡§®‡•á‡§§‡§æ‡§ú‡•Ä ‡§∏‡•Å‡§≠‡§æ‡§∑ ‡§ö‡§®‡•ç‡§¶‡•ç‡§∞ ‡§¨‡•ã‡§∏ ‡§ú‡•Ä ‡§ï‡•Ä ‡§Æ‡•É‡§§‡•ç‡§Ø‡•Å ‡§ï‡•Ä ‡§ñ‡§¨‡§∞ ‡§è‡§ï ‡§Ö‡§ñ‡§µ‡§æ‡§∞ ‡§Æ‡•á‡§Ç ‡§™‡•ç‡§∞‡§ï‡§æ‡§∂‡§ø‡§§ ‡§π‡•Å‡§Ü ‡§•‡§æ‡•§ ‡§â‡§∏‡•Ä ‡§Ö‡§ñ‡§µ‡§æ‡§∞ ‡§ï‡•ã ‡§®‡•á‡§§‡§æ‡§ú‡•Ä ‡§ñ‡•Å‡§¶ ‡§Ö‡§™‡§®‡•á ‡§π‡§æ‡§•‡•ã‡§Ç ‡§Æ‡•á‡§Ç ‡§≤‡§ø‡§è ‡§ñ‡•Å‡§¶ ‡§ï‡•Ä ‡§Æ‡•É‡§§‡•ç‡§Ø‡•Å ‡§ñ‡§¨‡§∞ ‡§™‡§¢‡§º‡§§‡•á ‡§π‡•Å‡§è‡•§ ‡§®‡•á‡§π‡§∞‡•Ç ‡§ó‡§æ‡§Ç‡§ß‡•Ä ‡§®‡•á ‡§Ö‡§™‡§®‡•á ‡§∏‡•ç‡§µ‡§æ‡§∞‡•ç‡§• ‡§ï‡•á ‡§≤‡§ø‡§è ‡§Ö‡§Ç‡§ó‡•ç‡§∞‡•á‡§ú‡•ã‡§Ç ‡§ï‡•á ‡§∏‡§æ‡§• ‡§Æ‡§ø‡§≤‡§ï‡§∞ ‡§®‡•á‡§§‡§æ‡§ú‡•Ä ‡§ï‡•ã ‡§ó‡•Å‡§Æ‡§®‡§æ‡§Æ‡•Ä ‡§ï‡•á ‡§Ö‡§Ç‡§ß‡•á‡§∞‡•á ‡§Æ‡•á‡§Ç ‡§ß‡§ï‡•á‡§≤ ‡§¶‡§ø‡§Ø‡§æ https   t co 6ojjc4QRR5,
9,en,1438701204893159427,1447949844, AmitShah New Ganapati Bappa song 2021  Dear all please share it in your friend circle https   t co AtRlmXAUXV,1438911197995098122,False, AmitShah New Ganapati Bappa song 2021  Dear all please share it in your friend circle https   t co AtRlmXAUXV,2021-09-17T17:02:17.000Z,India,"@AmitShah New Ganapati Bappa song 2021. Dear all please share it in your friend circle.
https://t.co/AtRlmXAUXV",[],[],['AmitShah'],['https://t.co/AtRlmXAUXV'],,
10,en,1438701204893159427,1447949844, AmitShah  mla sudhakar what is that u liked  THIS HM SHOULD ALSO  Greet people of Kalyan Karnataka region that was under  Nizam of Hyderabad  MAD CAPS,1438904679195308032,False, AmitShah  mla sudhakar what is that u liked  THIS HM SHOULD ALSO  Greet people of Kalyan Karnataka region that was under  Nizam of Hyderabad  MAD CAPS,2021-09-17T16:36:23.000Z,India,"@AmitShah @mla_sudhakar what is that u liked? THIS HM SHOULD ALSO 
'Greet people of Kalyan Karnataka region that was under  Nizam of Hyderabad. 
MAD CAPS",[],[],"['AmitShah', 'mla_sudhakar']",['https://t.co/0CYLd0yb1t'],,
11,en,1438701204893159427,1447949844, AmitShah Bjp don t have anything left to deviate minds of people of Telangana   so they r now studying history of Telangana   BJP se desh ko bachana hai,1438903304755441664,False, AmitShah Bjp don t have anything left to deviate minds of people of Telangana   so they r now studying history of Telangana   BJP se desh ko bachana hai,2021-09-17T16:30:56.000Z,India,@AmitShah Bjp don't have anything left to deviate minds of people of Telangana.. so they r now studying history of Telangana.. BJP se desh ko bachana hai,[],[],['AmitShah'],['https://t.co/om6y7BlCBh'],,
12,en,1438701204893159427,1447949844, AmitShah Good try but there‚Äôs a whole generation of Hyderabadi Muslims who are actively countering the false history you spread  who are spreading awareness of the bloodbath of Muslims conducted by the Indian army in 1948  who are proud of being Hyderabadi ÿ≠ŸäÿØÿ±ÿ¢ÿ®ÿßÿØ ÿØ⁄©ŸÜ ÿ≤ŸêŸÜÿØŸá ÿ®ÿßÿØ https   t co lrnjk15mR2,1438902274244419596,False, AmitShah Good try but there‚Äôs a whole generation of Hyderabadi Muslims who are actively countering the false history you spread  who are spreading awareness of the bloodbath of Muslims conducted by the Indian army in 1948  who are proud of being Hyderabadi ÿ≠ŸäÿØÿ±ÿ¢ÿ®ÿßÿØ ÿØ⁄©ŸÜ ÿ≤ŸêŸÜÿØŸá ÿ®ÿßÿØ https   t co lrnjk15mR2,2021-09-17T16:26:50.000Z,India,"@AmitShah Good try but there‚Äôs a whole generation of Hyderabadi Muslims who are actively countering the false history you spread, who are spreading awareness of the bloodbath of Muslims conducted by the Indian army in 1948, who are proud of being Hyderabadi.

ÿ≠ŸäÿØÿ±ÿ¢ÿ®ÿßÿØ ÿØ⁄©ŸÜ ÿ≤ŸêŸÜÿØŸá ÿ®ÿßÿØ https://t.co/lrnjk15mR2",[],[],['AmitShah'],['https://t.co/keUPbAL0We'],,
13,en,1438701204893159427,1447949844, Mohamme71401814  AmitShah Whose gold that is   Is it nizams hard earned one or collected from whom  ,1438896096470650890,False, Mohamme71401814  AmitShah Whose gold that is   Is it nizams hard earned one or collected from whom  ,2021-09-17T16:02:17.000Z,India,@Mohamme71401814 @AmitShah Whose gold that is ? Is it nizams hard earned one or collected from whom ?,[],[],"['Mohamme71401814', 'AmitShah']",[],,
14,en,1438701204893159427,1447949844, mohamme85643378  AmitShah Is it   Tell me 7 developments by nizams   I have their 7 bad things to tell  ,1438895575760474115,False, mohamme85643378  AmitShah Is it   Tell me 7 developments by nizams   I have their 7 bad things to tell  ,2021-09-17T16:00:13.000Z,India,@mohamme85643378 @AmitShah Is it ? Tell me 7 developments by nizams ? I have their 7 bad things to tell..,[],[],"['mohamme85643378', 'AmitShah']",[],,
15,en,1438701204893159427,1447949844, AmitShah Chup bhadve,1438885424215183361,False, AmitShah Chup bhadve,2021-09-17T15:19:52.000Z,India,@AmitShah Chup bhadve,[],[],['AmitShah'],[],,
16,en,1438701204893159427,1447949844, zainjournalist  AmitShah India needs liberation from BJP,1438877516165431296,False, zainjournalist  AmitShah India needs liberation from BJP,2021-09-17T14:48:27.000Z,India,@zainjournalist @AmitShah India needs liberation from BJP,[],[],"['zainjournalist', 'AmitShah']",[],,
17,en,1438701204893159427,1447949844, AmitShah India needs liberation from BJP,1438877030075011075,False, AmitShah India needs liberation from BJP,2021-09-17T14:46:31.000Z,India,@AmitShah India needs liberation from BJP,[],[],['AmitShah'],[],,
18,en,1438701204893159427,1447949844, AmitShah The Great Nizam Of Hyderabad with his achievements https   t co WmQQsMX4yQlook what he did and what he achieve in our Statehe didn‚Äôt Used a hindu muslim propogandas for Election like you aur your feku modi did  no hindutva ideology in nizam state https   t co v5aOjZA2rQ,1438868254945013770,False, AmitShah The Great Nizam Of Hyderabad with his achievements https   t co WmQQsMX4yQlook what he did and what he achieve in our Statehe didn‚Äôt Used a hindu muslim propogandas for Election like you aur your feku modi did  no hindutva ideology in nizam state https   t co v5aOjZA2rQ,2021-09-17T14:11:39.000Z,India,"@AmitShah The Great Nizam Of Hyderabad with his achievements 

https://t.co/WmQQsMX4yQ

look what he did and what he achieve in our State
he didn‚Äôt Used a hindu muslim propogandas for Election like you aur your feku modi did.

#no_hindutva_ideology_in_nizam_state https://t.co/v5aOjZA2rQ",[],[],['AmitShah'],"['https://t.co/WmQQsMX4yQ', 'https://t.co/vMmaFT4TCX']",,
19,en,1438701204893159427,1447949844, AmitShah Amazing effort to conceal and manipulate history Amit  Intelligent people know and fools will follow you blindly  hyderabad1948,1438850375654780930,False, AmitShah Amazing effort to conceal and manipulate history Amit  Intelligent people know and fools will follow you blindly  hyderabad1948,2021-09-17T13:00:36.000Z,India,@AmitShah Amazing effort to conceal and manipulate history Amit. Intelligent people know and fools will follow you blindly #hyderabad1948,[],['hyderabad1948'],['AmitShah'],[],,
20,hi,1438701204893159427,1447949844, AmitShah ‡§∏‡§æ‡§Ç‡§∏‡§¶‡•ã‡§Ç ‡§ï‡•á  ‡§ú‡§®‡§π‡§ø‡§§ ‡§™‡§§‡•ç‡§∞‡•ã‡§Ç ‡§ï‡§æ ‡§ï‡•ç‡§Ø‡§æ  ‡§ï‡•ã‡§à ‡§î‡§ö‡§ø‡§§‡•ç‡§Ø ‡§π‡•Ä ‡§®‡§π‡•Ä‡§Ç ‡§π‡•à  ‡§∞‡•á‡§≤‡§µ‡•á ‡§¨‡•ã‡§∞‡•ç‡§° ‡§ï‡•á ‡§ú‡§®‡§µ‡§ø‡§∞‡•ã‡§ß‡•Ä ‡§Ö‡§ß‡§ø‡§ï‡§æ‡§∞‡§ø‡§Ø‡•ã‡§Ç ‡§ï‡•á ‡§™‡§æ‡§∏ ‚óè‡§™‡•Ç‡§∞‡•ç‡§µ  MST ‡§µ‡•ç‡§Ø‡§µ‡§∏‡•ç‡§•‡§æ‚óè‡§§‡§§‡•ç‡§ï‡§æ‡§≤  ‡§ú‡§®‡§∞‡§≤ ‡§ü‡§ø‡§ï‡§ü‚óè‡§∏‡§Æ‡§∏‡•ç‡§§  ‡§™‡•à‡§∏‡•á‡§Ç‡§ú‡§∞ ‡§ü‡•ç‡§∞‡•á‡§®‡•ã‡§Ç ‡§ï‡•Ä ‡§¨‡§π‡§æ‡§≤‡•Ä  RailMinIndia  IR CRB  gmscrailway JM Scindia  IR EDCHG  BhopalDivision https   t co 83tIcpSjLe,1438847744777469953,False,,2021-09-17T12:50:09.000Z,India,"@AmitShah ‡§∏‡§æ‡§Ç‡§∏‡§¶‡•ã‡§Ç ‡§ï‡•á #‡§ú‡§®‡§π‡§ø‡§§_‡§™‡§§‡•ç‡§∞‡•ã‡§Ç ‡§ï‡§æ ‡§ï‡•ç‡§Ø‡§æ #‡§ï‡•ã‡§à_‡§î‡§ö‡§ø‡§§‡•ç‡§Ø ‡§π‡•Ä ‡§®‡§π‡•Ä‡§Ç ‡§π‡•à #‡§∞‡•á‡§≤‡§µ‡•á_‡§¨‡•ã‡§∞‡•ç‡§° ‡§ï‡•á ‡§ú‡§®‡§µ‡§ø‡§∞‡•ã‡§ß‡•Ä ‡§Ö‡§ß‡§ø‡§ï‡§æ‡§∞‡§ø‡§Ø‡•ã‡§Ç ‡§ï‡•á ‡§™‡§æ‡§∏ 

‚óè‡§™‡•Ç‡§∞‡•ç‡§µ #MST ‡§µ‡•ç‡§Ø‡§µ‡§∏‡•ç‡§•‡§æ

‚óè‡§§‡§§‡•ç‡§ï‡§æ‡§≤ #‡§ú‡§®‡§∞‡§≤ ‡§ü‡§ø‡§ï‡§ü

‚óè‡§∏‡§Æ‡§∏‡•ç‡§§ #‡§™‡•à‡§∏‡•á‡§Ç‡§ú‡§∞_‡§ü‡•ç‡§∞‡•á‡§®‡•ã‡§Ç ‡§ï‡•Ä ‡§¨‡§π‡§æ‡§≤‡•Ä 

@RailMinIndia @IR_CRB @gmscrailway
@JM_Scindia @IR_EDCHG @BhopalDivision https://t.co/83tIcpSjLe",[],"['‡§ú‡§®‡§π‡§ø‡§§_‡§™‡§§‡•ç‡§∞‡•ã‡§Ç', '‡§ï‡•ã‡§à_‡§î‡§ö‡§ø‡§§‡•ç‡§Ø', '‡§∞‡•á‡§≤‡§µ‡•á_‡§¨‡•ã‡§∞‡•ç‡§°']",['AmitShah'],['https://t.co/zi2OZn0e5M'], AmitShah ‡§∏‡§æ‡§Ç‡§∏‡§¶‡•ã‡§Ç ‡§ï‡•á  ‡§ú‡§®‡§π‡§ø‡§§ ‡§™‡§§‡•ç‡§∞‡•ã‡§Ç ‡§ï‡§æ ‡§ï‡•ç‡§Ø‡§æ  ‡§ï‡•ã‡§à ‡§î‡§ö‡§ø‡§§‡•ç‡§Ø ‡§π‡•Ä ‡§®‡§π‡•Ä‡§Ç ‡§π‡•à  ‡§∞‡•á‡§≤‡§µ‡•á ‡§¨‡•ã‡§∞‡•ç‡§° ‡§ï‡•á ‡§ú‡§®‡§µ‡§ø‡§∞‡•ã‡§ß‡•Ä ‡§Ö‡§ß‡§ø‡§ï‡§æ‡§∞‡§ø‡§Ø‡•ã‡§Ç ‡§ï‡•á ‡§™‡§æ‡§∏ ‚óè‡§™‡•Ç‡§∞‡•ç‡§µ  MST ‡§µ‡•ç‡§Ø‡§µ‡§∏‡•ç‡§•‡§æ‚óè‡§§‡§§‡•ç‡§ï‡§æ‡§≤  ‡§ú‡§®‡§∞‡§≤ ‡§ü‡§ø‡§ï‡§ü‚óè‡§∏‡§Æ‡§∏‡•ç‡§§  ‡§™‡•à‡§∏‡•á‡§Ç‡§ú‡§∞ ‡§ü‡•ç‡§∞‡•á‡§®‡•ã‡§Ç ‡§ï‡•Ä ‡§¨‡§π‡§æ‡§≤‡•Ä  RailMinIndia  IR CRB  gmscrailway JM Scindia  IR EDCHG  BhopalDivision https   t co 83tIcpSjLe,
21,en,1438701204893159427,1447949844, AmitShah  PremShuklaBJP  amp   North Karnataka Region Kalyana Karnataka   You want vote from us that s it ,1438840356489990147,False, AmitShah  PremShuklaBJP  amp   North Karnataka Region Kalyana Karnataka   You want vote from us that s it ,2021-09-17T12:20:48.000Z,India,@AmitShah @PremShuklaBJP &amp; *North Karnataka Region(Kalyana Karnataka). You want vote from us that's it.,[],[],"['AmitShah', 'PremShuklaBJP']",[],,
22,hi,1437975183034257411,1447949844, AmitShah Sir West Bengal me jada focus kijiye sir  nahito hum hinduo ko kashmir jaisa halat bana dega sir bacha lijiye Hindu ko lakshava election se pehle  kuch kijiye   nahito ek bhi sit nahi ayega sir please sir,1439511566102056961,False,,2021-09-19T08:47:56.000Z,India,"@AmitShah Sir West Bengal me jada focus kijiye sir ,nahito hum hinduo ko kashmir jaisa halat bana dega,sir bacha lijiye Hindu ko,lakshava election se pehle  kuch kijiye , nahito ek bhi sit nahi ayega sir please sirüôèüôèüôè",['üôè'],[],['AmitShah'],['https://t.co/UQ6QVq4ph3'], AmitShah Sir West Bengal me jada focus kijiye sir  nahito hum hinduo ko kashmir jaisa halat bana dega sir bacha lijiye Hindu ko lakshava election se pehle  kuch kijiye   nahito ek bhi sit nahi ayega sir please sir,
23,hi,1437975183034257411,1447949844, AmitShah ‡§á‡§®‡§ï‡§æ ‡§ú‡§®‡•ç‡§Æ‡§¶‡§ø‡§®  ‡§õ‡•Ä‡§® ‡§ï‡§∞ ‡§¨‡•á‡§∞‡•ã‡§ú‡§ó‡§æ‡§∞‡•Ä ‡§¶‡§ø‡§µ‡§∏  ‡§¨‡§®‡§æ  ‡§¶‡§ø‡§Ø‡§æ  ‡§õ‡•Ä ‡§ß‡•Ç‡§∞‡•ç‡§§ ‡§∏‡§∞‡§ï‡§æ‡§∞ ‡§ú‡•Å‡§Æ‡§≤‡•á‡§∂‡•ç‡§µ‡§∞ ‡§Æ‡§π‡§æ‡§∞‡§æ‡§ú,1439511200337858560,False,,2021-09-19T08:46:29.000Z,India,@AmitShah ‡§á‡§®‡§ï‡§æ ‡§ú‡§®‡•ç‡§Æ‡§¶‡§ø‡§®  ‡§õ‡•Ä‡§® ‡§ï‡§∞ ‡§¨‡•á‡§∞‡•ã‡§ú‡§ó‡§æ‡§∞‡•Ä ‡§¶‡§ø‡§µ‡§∏  ‡§¨‡§®‡§æ  ‡§¶‡§ø‡§Ø‡§æ  ‡§õ‡•Ä ‡§ß‡•Ç‡§∞‡•ç‡§§ ‡§∏‡§∞‡§ï‡§æ‡§∞ ‡§ú‡•Å‡§Æ‡§≤‡•á‡§∂‡•ç‡§µ‡§∞ ‡§Æ‡§π‡§æ‡§∞‡§æ‡§ú,[],[],['AmitShah'],[], AmitShah ‡§á‡§®‡§ï‡§æ ‡§ú‡§®‡•ç‡§Æ‡§¶‡§ø‡§®  ‡§õ‡•Ä‡§® ‡§ï‡§∞ ‡§¨‡•á‡§∞‡•ã‡§ú‡§ó‡§æ‡§∞‡•Ä ‡§¶‡§ø‡§µ‡§∏  ‡§¨‡§®‡§æ  ‡§¶‡§ø‡§Ø‡§æ  ‡§õ‡•Ä ‡§ß‡•Ç‡§∞‡•ç‡§§ ‡§∏‡§∞‡§ï‡§æ‡§∞ ‡§ú‡•Å‡§Æ‡§≤‡•á‡§∂‡•ç‡§µ‡§∞ ‡§Æ‡§π‡§æ‡§∞‡§æ‡§ú,
24,hi,1437975183034257411,1447949844, AmitShah Jay bharat,1438440808307253249,False,,2021-09-16T09:53:08.000Z,India,@AmitShah Jay bharat,[],[],['AmitShah'],[], AmitShah Jay bharat,
25,en,1437975183034257411,1447949844, AmitShah  rvaidya2000 Lol  Home minister for greetings and obituaries  What a shame this central govt is ,1438413481204600833,False, AmitShah  rvaidya2000 Lol  Home minister for greetings and obituaries  What a shame this central govt is ,2021-09-16T08:04:33.000Z,India,@AmitShah @rvaidya2000 Lol. Home minister for greetings and obituaries. What a shame this central govt is.,[],[],"['AmitShah', 'rvaidya2000']",[],,
26,hi,1437975183034257411,1447949844, AmitShah ‡§Ö‡§π‡§Ç‡§ï‡§æ‡§∞‡•Ä ‡§® ‡§¨‡§®‡•ã‡•§ ‡§Ö‡§™‡§®‡§æ ‡§∏‡•ç‡§µ‡§≠‡§æ‡§µ ‡§®‡§Æ‡•ç‡§∞ ‡§¨‡§®‡§æ‡§ì ‡§§‡§•‡§æ ‡§∏‡§æ‡§•‡§ø‡§Ø‡•ã‡§Ç ‡§ï‡•á ‡§∏‡§æ‡§• ‡§Æ‡§ø‡§≤‡§ú‡•Å‡§≤ ‡§ï‡§∞ ‡§ï‡§æ‡§Æ ‡§ï‡§∞‡§®‡•á ‡§ï‡•Ä ‡§Ü‡§¶‡§§ ‡§°‡§æ‡§≤‡•ã‡•§,1438388809591263234,False,,2021-09-16T06:26:30.000Z,India,@AmitShah ‡§Ö‡§π‡§Ç‡§ï‡§æ‡§∞‡•Ä ‡§® ‡§¨‡§®‡•ã‡•§ ‡§Ö‡§™‡§®‡§æ ‡§∏‡•ç‡§µ‡§≠‡§æ‡§µ ‡§®‡§Æ‡•ç‡§∞ ‡§¨‡§®‡§æ‡§ì ‡§§‡§•‡§æ ‡§∏‡§æ‡§•‡§ø‡§Ø‡•ã‡§Ç ‡§ï‡•á ‡§∏‡§æ‡§• ‡§Æ‡§ø‡§≤‡§ú‡•Å‡§≤ ‡§ï‡§∞ ‡§ï‡§æ‡§Æ ‡§ï‡§∞‡§®‡•á ‡§ï‡•Ä ‡§Ü‡§¶‡§§ ‡§°‡§æ‡§≤‡•ã‡•§,[],[],['AmitShah'],[], AmitShah ‡§Ö‡§π‡§Ç‡§ï‡§æ‡§∞‡•Ä ‡§® ‡§¨‡§®‡•ã‡•§ ‡§Ö‡§™‡§®‡§æ ‡§∏‡•ç‡§µ‡§≠‡§æ‡§µ ‡§®‡§Æ‡•ç‡§∞ ‡§¨‡§®‡§æ‡§ì ‡§§‡§•‡§æ ‡§∏‡§æ‡§•‡§ø‡§Ø‡•ã‡§Ç ‡§ï‡•á ‡§∏‡§æ‡§• ‡§Æ‡§ø‡§≤‡§ú‡•Å‡§≤ ‡§ï‡§∞ ‡§ï‡§æ‡§Æ ‡§ï‡§∞‡§®‡•á ‡§ï‡•Ä ‡§Ü‡§¶‡§§ ‡§°‡§æ‡§≤‡•ã‡•§,
27,hi,1437975183034257411,1447949844, AmitShah ‡§Ø‡§π ‡§∏‡•ã‡§ö‡§§‡•á ‡§∞‡§π‡•ã ‡§ï‡§ø ‡§Ü‡§ú ‡§ï‡•Ä ‡§Ö‡§™‡•á‡§ï‡•ç‡§∑‡§æ ‡§ï‡§≤ ‡§ï‡§ø‡§∏ ‡§§‡§∞‡§π ‡§Ö‡§ß‡§ø‡§ï ‡§Ö‡§ö‡•ç‡§õ‡§æ ‡§ï‡§æ‡§Æ ‡§π‡•ã ‡§∏‡§ï‡§§‡§æ ‡§π‡•à‡•§ ‡§ú‡•ã ‡§∏‡•Ä‡§ñ ‡§ö‡•Å‡§ï‡•á ‡§π‡•ã  ‡§â‡§∏‡§∏‡•á ‡§Ö‡§ß‡§ø‡§ï ‡§∏‡•Ä‡§ñ‡§®‡•á ‡§ï‡§æ ‡§™‡•ç‡§∞‡§Ø‡§§‡•ç‡§® ‡§ï‡§∞‡•ã‡•§ ‡§∏‡•ã‡§ö‡•ã  ‡§Ø‡•ã‡§ú‡§®‡§æ ‡§¨‡§®‡§æ‡§ì  ‡§ó‡•Å‡§£ ‡§¶‡•ã‡§∑‡•ã‡§Ç ‡§™‡§∞ ‡§ó‡§Ç‡§≠‡•Ä‡§∞‡§§‡§æ‡§™‡•Ç‡§∞‡•ç‡§µ‡§ï ‡§µ‡§ø‡§ö‡§æ‡§∞ ‡§ï‡§∞‡§®‡•á ‡§ï‡•á ‡§â‡§™‡§∞‡§æ‡§Ç‡§§ ‡§ï‡§æ‡§Æ ‡§Æ‡•á‡§Ç ‡§π‡§æ‡§• ‡§°‡§æ‡§≤‡•ã‡•§,1438388222283837441,False,,2021-09-16T06:24:10.000Z,India,"@AmitShah ‡§Ø‡§π ‡§∏‡•ã‡§ö‡§§‡•á ‡§∞‡§π‡•ã ‡§ï‡§ø ‡§Ü‡§ú ‡§ï‡•Ä ‡§Ö‡§™‡•á‡§ï‡•ç‡§∑‡§æ ‡§ï‡§≤ ‡§ï‡§ø‡§∏ ‡§§‡§∞‡§π ‡§Ö‡§ß‡§ø‡§ï ‡§Ö‡§ö‡•ç‡§õ‡§æ ‡§ï‡§æ‡§Æ ‡§π‡•ã ‡§∏‡§ï‡§§‡§æ ‡§π‡•à‡•§ ‡§ú‡•ã ‡§∏‡•Ä‡§ñ ‡§ö‡•Å‡§ï‡•á ‡§π‡•ã, ‡§â‡§∏‡§∏‡•á ‡§Ö‡§ß‡§ø‡§ï ‡§∏‡•Ä‡§ñ‡§®‡•á ‡§ï‡§æ ‡§™‡•ç‡§∞‡§Ø‡§§‡•ç‡§® ‡§ï‡§∞‡•ã‡•§ ‡§∏‡•ã‡§ö‡•ã, ‡§Ø‡•ã‡§ú‡§®‡§æ ‡§¨‡§®‡§æ‡§ì, ‡§ó‡•Å‡§£-‡§¶‡•ã‡§∑‡•ã‡§Ç ‡§™‡§∞ ‡§ó‡§Ç‡§≠‡•Ä‡§∞‡§§‡§æ‡§™‡•Ç‡§∞‡•ç‡§µ‡§ï ‡§µ‡§ø‡§ö‡§æ‡§∞ ‡§ï‡§∞‡§®‡•á ‡§ï‡•á ‡§â‡§™‡§∞‡§æ‡§Ç‡§§ ‡§ï‡§æ‡§Æ ‡§Æ‡•á‡§Ç ‡§π‡§æ‡§• ‡§°‡§æ‡§≤‡•ã‡•§",[],[],['AmitShah'],['https://t.co/J2cu6YcBru'], AmitShah ‡§Ø‡§π ‡§∏‡•ã‡§ö‡§§‡•á ‡§∞‡§π‡•ã ‡§ï‡§ø ‡§Ü‡§ú ‡§ï‡•Ä ‡§Ö‡§™‡•á‡§ï‡•ç‡§∑‡§æ ‡§ï‡§≤ ‡§ï‡§ø‡§∏ ‡§§‡§∞‡§π ‡§Ö‡§ß‡§ø‡§ï ‡§Ö‡§ö‡•ç‡§õ‡§æ ‡§ï‡§æ‡§Æ ‡§π‡•ã ‡§∏‡§ï‡§§‡§æ ‡§π‡•à‡•§ ‡§ú‡•ã ‡§∏‡•Ä‡§ñ ‡§ö‡•Å‡§ï‡•á ‡§π‡•ã  ‡§â‡§∏‡§∏‡•á ‡§Ö‡§ß‡§ø‡§ï ‡§∏‡•Ä‡§ñ‡§®‡•á ‡§ï‡§æ ‡§™‡•ç‡§∞‡§Ø‡§§‡•ç‡§® ‡§ï‡§∞‡•ã‡•§ ‡§∏‡•ã‡§ö‡•ã  ‡§Ø‡•ã‡§ú‡§®‡§æ ‡§¨‡§®‡§æ‡§ì  ‡§ó‡•Å‡§£ ‡§¶‡•ã‡§∑‡•ã‡§Ç ‡§™‡§∞ ‡§ó‡§Ç‡§≠‡•Ä‡§∞‡§§‡§æ‡§™‡•Ç‡§∞‡•ç‡§µ‡§ï ‡§µ‡§ø‡§ö‡§æ‡§∞ ‡§ï‡§∞‡§®‡•á ‡§ï‡•á ‡§â‡§™‡§∞‡§æ‡§Ç‡§§ ‡§ï‡§æ‡§Æ ‡§Æ‡•á‡§Ç ‡§π‡§æ‡§• ‡§°‡§æ‡§≤‡•ã‡•§,
28,hi,1437975183034257411,1447949844, AmitShah ‡§π‡§ø‡§Ç‡§¶‡•Ä ‡§∏‡§ø‡§∞‡•ç‡§´  ‡§π‡§ø‡§Ç‡§¶‡•Ä ‡§¶‡§ø‡§µ‡§∏ ‡§§‡§ï ‡§π‡•Ä ‡§∏‡•Ä‡§Æ‡§ø‡§§ ‡§® ‡§∞‡§π ‡§ú‡§æ‡§ê‡•§ ‡§Ü‡§à‡§Ø‡•á ‡§π‡§Æ ‡§∏‡§¨ ‡§Æ‡§ø‡§≤‡§ï‡§∞ ‡§π‡§ø‡§®‡•ç‡§¶‡•Ä ‡§ï‡•ã  ‡§∞‡§æ‡§∑‡•ç‡§ü‡•ç‡§∞‡§≠‡§æ‡§∑‡§æ ‡§¨‡§®‡§æ‡§®‡•á ‡§ï‡§æ ‡§∏‡§Ç‡§ï‡§≤‡•ç‡§™ ‡§≤‡•á‡§Ç  ‡§¶‡•á‡§∂‡§ú ‡§≠‡§æ‡§∑‡§æ ‡§è‡§µ‡§Ç  ‡§¶‡•á‡§µ‡§®‡§æ‡§ó‡§∞‡•Ä ‡§≤‡§ø‡§™‡§ø ‡§ï‡§æ ‡§™‡•ç‡§∞‡§Ø‡•ã‡§ó ‡§ï‡§∞‡•á‡§Ç‡•§ ‡§Ö‡§≠‡§ø‡§Ø‡§Ç‡§§‡§æ ‡§¶‡§ø‡§µ‡§∏ ‡§ï‡•Ä ‡§π‡§æ‡§∞‡•ç‡§¶‡§ø‡§ï ‡§∂‡•Å‡§≠‡§ï‡§æ‡§Æ‡§®‡§æ‡§è‡§Ç‡•§ ‡§Ö‡§≠‡§ø‡§Ø‡§Ç‡§§‡§æ ‡§¶‡§ø‡§µ‡§∏ MIB Hindi PMOIndia,1438379512606040065,False,,2021-09-16T05:49:34.000Z,India,"@AmitShah ‡§π‡§ø‡§Ç‡§¶‡•Ä ‡§∏‡§ø‡§∞‡•ç‡§´ #‡§π‡§ø‡§Ç‡§¶‡•Ä_‡§¶‡§ø‡§µ‡§∏ ‡§§‡§ï ‡§π‡•Ä ‡§∏‡•Ä‡§Æ‡§ø‡§§ ‡§® ‡§∞‡§π ‡§ú‡§æ‡§ê‡•§ 
‡§Ü‡§à‡§Ø‡•á ‡§π‡§Æ ‡§∏‡§¨ ‡§Æ‡§ø‡§≤‡§ï‡§∞ ‡§π‡§ø‡§®‡•ç‡§¶‡•Ä ‡§ï‡•ã #‡§∞‡§æ‡§∑‡•ç‡§ü‡•ç‡§∞‡§≠‡§æ‡§∑‡§æ ‡§¨‡§®‡§æ‡§®‡•á ‡§ï‡§æ ‡§∏‡§Ç‡§ï‡§≤‡•ç‡§™ ‡§≤‡•á‡§Ç,
#‡§¶‡•á‡§∂‡§ú_‡§≠‡§æ‡§∑‡§æ ‡§è‡§µ‡§Ç #‡§¶‡•á‡§µ‡§®‡§æ‡§ó‡§∞‡•Ä_‡§≤‡§ø‡§™‡§ø ‡§ï‡§æ ‡§™‡•ç‡§∞‡§Ø‡•ã‡§ó ‡§ï‡§∞‡•á‡§Ç‡•§
#‡§Ö‡§≠‡§ø‡§Ø‡§Ç‡§§‡§æ_‡§¶‡§ø‡§µ‡§∏ ‡§ï‡•Ä ‡§π‡§æ‡§∞‡•ç‡§¶‡§ø‡§ï ‡§∂‡•Å‡§≠‡§ï‡§æ‡§Æ‡§®‡§æ‡§è‡§Ç‡•§
#‡§Ö‡§≠‡§ø‡§Ø‡§Ç‡§§‡§æ_‡§¶‡§ø‡§µ‡§∏
@MIB_Hindi
@PMOIndia",[],"['‡§π‡§ø‡§Ç‡§¶‡•Ä_‡§¶‡§ø‡§µ‡§∏', '‡§∞‡§æ‡§∑‡•ç‡§ü‡•ç‡§∞‡§≠‡§æ‡§∑‡§æ']",['AmitShah'],['https://t.co/syEzfDlXbl'], AmitShah ‡§π‡§ø‡§Ç‡§¶‡•Ä ‡§∏‡§ø‡§∞‡•ç‡§´  ‡§π‡§ø‡§Ç‡§¶‡•Ä ‡§¶‡§ø‡§µ‡§∏ ‡§§‡§ï ‡§π‡•Ä ‡§∏‡•Ä‡§Æ‡§ø‡§§ ‡§® ‡§∞‡§π ‡§ú‡§æ‡§ê‡•§ ‡§Ü‡§à‡§Ø‡•á ‡§π‡§Æ ‡§∏‡§¨ ‡§Æ‡§ø‡§≤‡§ï‡§∞ ‡§π‡§ø‡§®‡•ç‡§¶‡•Ä ‡§ï‡•ã  ‡§∞‡§æ‡§∑‡•ç‡§ü‡•ç‡§∞‡§≠‡§æ‡§∑‡§æ ‡§¨‡§®‡§æ‡§®‡•á ‡§ï‡§æ ‡§∏‡§Ç‡§ï‡§≤‡•ç‡§™ ‡§≤‡•á‡§Ç  ‡§¶‡•á‡§∂‡§ú ‡§≠‡§æ‡§∑‡§æ ‡§è‡§µ‡§Ç  ‡§¶‡•á‡§µ‡§®‡§æ‡§ó‡§∞‡•Ä ‡§≤‡§ø‡§™‡§ø ‡§ï‡§æ ‡§™‡•ç‡§∞‡§Ø‡•ã‡§ó ‡§ï‡§∞‡•á‡§Ç‡•§ ‡§Ö‡§≠‡§ø‡§Ø‡§Ç‡§§‡§æ ‡§¶‡§ø‡§µ‡§∏ ‡§ï‡•Ä ‡§π‡§æ‡§∞‡•ç‡§¶‡§ø‡§ï ‡§∂‡•Å‡§≠‡§ï‡§æ‡§Æ‡§®‡§æ‡§è‡§Ç‡•§ ‡§Ö‡§≠‡§ø‡§Ø‡§Ç‡§§‡§æ ‡§¶‡§ø‡§µ‡§∏ MIB Hindi PMOIndia,
29,es,1437975183034257411,1447949844, AmitShah  syedibrahimbabl Super ji,1438364696239751173,False,,2021-09-16T04:50:41.000Z,India,@AmitShah @syedibrahimbabl Super ji,[],[],"['AmitShah', 'syedibrahimbabl']",[],, AmitShah  syedibrahimbabl Super ji
30,en,1437975183034257411,1447949844, AmitShah Jammu  amp  Kashmir daily wagers employees  want justice1 minimum wagers act 2 regular policy3 respect in society    Plz help poor daily wagers employees of j amp kut We also bharata 101  plzz all of leader we are u voters  justicedailywagersjkut 65000 thousandjaimatadi,1438360172028596229,False, AmitShah Jammu  amp  Kashmir daily wagers employees  want justice1 minimum wagers act 2 regular policy3 respect in society    Plz help poor daily wagers employees of j amp kut We also bharata 101  plzz all of leader we are u voters  justicedailywagersjkut 65000 thousandjaimatadi,2021-09-16T04:32:43.000Z,India,"@AmitShah Jammu &amp; Kashmir daily wagers employees  want justice

1 minimum wagers act 
2 regular policy
3 respect in society.   Plz help poor daily wagers employees of j&amp;kut
 We also bharata 101% plzz all of leader we are u votersüôèüáÆüá≥ #justicedailywagersjkut 65000 thousandüôèüôèüôèüôèjaimatadi","['üáÆüá≥', 'üôè']",[],['AmitShah'],['https://t.co/pOYSKOqMZ6'],,
31,en,1437975183034257411,1447949844, AmitShah Salute to all the engineers,1438336931234922503,False, AmitShah Salute to all the engineers,2021-09-16T03:00:22.000Z,India,@AmitShah Salute to all the engineers,[],[],['AmitShah'],[],,
32,en,1437975183034257411,1447949844, AmitShah My heartiest homage to a great engineer  nobody can recover the place of nobel person ,1438336129980243968,False, AmitShah My heartiest homage to a great engineer  nobody can recover the place of nobel person ,2021-09-16T02:57:11.000Z,India,"@AmitShah My heartiest homage to a great engineer, nobody can recover the place of nobel person.",[],[],['AmitShah'],[],,
33,en,1437975183034257411,1447949844, AmitShah  KonthoujamG Salute to all the engineers of our country  May the good God bless you all ,1438334139439009794,False, AmitShah  KonthoujamG Salute to all the engineers of our country  May the good God bless you all ,2021-09-16T02:49:16.000Z,India,@AmitShah @KonthoujamG Salute to all the engineers of our country. May the good God bless you all.,[],[],"['AmitShah', 'KonthoujamG']",[],,
34,hi,1437975183034257411,1447949844, AmitShah  69000 ‡§∂‡§ø‡§ï‡•ç‡§∑‡§ï‡§≠‡§∞‡•ç‡§§‡•Ä ‡§Ü‡§∞‡§ï‡•ç‡§∑‡§£ ‡§¶‡•ã  myogiadityanath ‡§∏‡§∞‡§ï‡§æ‡§∞‡§®‡§π‡•Ä ‡§§‡•ã ‡§ó‡§≤‡•Ä ‡§∂‡§π‡§∞ ‡§ó‡§æ‡§Ç‡§µ ‡§§‡§ï ‡§™‡§π‡•Å‡§Ç‡§ö‡•á‡§ó‡•á  drdwivedisatish ‡§ï‡•á ‡§∞‡§ø‡§∂‡•ç‡§§‡•á‡§¶‡§æ‡§∞ ‡§ï‡•ã ‡§Ü‡§∞‡§ï‡•ç‡§∑‡§£ ‡§ï‡•Ä ‡§∏‡•Ä‡§ü‡•ã ‡§™‡§∞ ‡§≤‡§ó‡§æ‡§®‡•á ‡§ï‡•Ä ‡§ñ‡§¨‡§∞ ‡§Ö‡§≠‡•Ä ‡§§‡§ï ‡§Ö‡§Ç‡§ó‡§°‡§æ‡§à  ‡§Ü‡§ó‡•á ‡§ì‡§∞ ‡§≤‡§°‡§æ‡§à ‡§π‡•à ‡§®‡•ç‡§Ø‡§æ‡§Ø ‡§Æ‡•á‡§Ç ‡§¶‡•á‡§∞‡•Ä ‡§ï‡•ç‡§Ø‡•ã  narendramodi  PMOIndia  AmitShah  dpradhanbjp  basicshiksha up  AnupriyaSPatel https   t co GhB9ETvRXq,1438317387690897408,False,,2021-09-16T01:42:42.000Z,India,"@AmitShah #69000_‡§∂‡§ø‡§ï‡•ç‡§∑‡§ï‡§≠‡§∞‡•ç‡§§‡•Ä_‡§Ü‡§∞‡§ï‡•ç‡§∑‡§£_‡§¶‡•ã @myogiadityanath ‡§∏‡§∞‡§ï‡§æ‡§∞
‡§®‡§π‡•Ä ‡§§‡•ã ‡§ó‡§≤‡•Ä ‡§∂‡§π‡§∞ ‡§ó‡§æ‡§Ç‡§µ ‡§§‡§ï ‡§™‡§π‡•Å‡§Ç‡§ö‡•á‡§ó‡•á @drdwivedisatish ‡§ï‡•á ‡§∞‡§ø‡§∂‡•ç‡§§‡•á‡§¶‡§æ‡§∞ ‡§ï‡•ã ‡§Ü‡§∞‡§ï‡•ç‡§∑‡§£ ‡§ï‡•Ä ‡§∏‡•Ä‡§ü‡•ã ‡§™‡§∞ ‡§≤‡§ó‡§æ‡§®‡•á ‡§ï‡•Ä ‡§ñ‡§¨‡§∞ ‡§Ö‡§≠‡•Ä ‡§§‡§ï ‡§Ö‡§Ç‡§ó‡§°‡§æ‡§à ,‡§Ü‡§ó‡•á ‡§ì‡§∞ ‡§≤‡§°‡§æ‡§à ‡§π‡•à,‡§®‡•ç‡§Ø‡§æ‡§Ø ‡§Æ‡•á‡§Ç ‡§¶‡•á‡§∞‡•Ä ‡§ï‡•ç‡§Ø‡•ã?
@narendramodi @PMOIndia @AmitShah @dpradhanbjp @basicshiksha_up @AnupriyaSPatel https://t.co/GhB9ETvRXq",[],['69000_‡§∂‡§ø‡§ï‡•ç‡§∑‡§ï‡§≠‡§∞‡•ç‡§§‡•Ä_‡§Ü‡§∞‡§ï‡•ç‡§∑‡§£_‡§¶‡•ã'],"['AmitShah', 'myogiadityanath', 'drdwivedisatish']",['https://t.co/V2tOLXOvVW'], AmitShah  69000 ‡§∂‡§ø‡§ï‡•ç‡§∑‡§ï‡§≠‡§∞‡•ç‡§§‡•Ä ‡§Ü‡§∞‡§ï‡•ç‡§∑‡§£ ‡§¶‡•ã  myogiadityanath ‡§∏‡§∞‡§ï‡§æ‡§∞‡§®‡§π‡•Ä ‡§§‡•ã ‡§ó‡§≤‡•Ä ‡§∂‡§π‡§∞ ‡§ó‡§æ‡§Ç‡§µ ‡§§‡§ï ‡§™‡§π‡•Å‡§Ç‡§ö‡•á‡§ó‡•á  drdwivedisatish ‡§ï‡•á ‡§∞‡§ø‡§∂‡•ç‡§§‡•á‡§¶‡§æ‡§∞ ‡§ï‡•ã ‡§Ü‡§∞‡§ï‡•ç‡§∑‡§£ ‡§ï‡•Ä ‡§∏‡•Ä‡§ü‡•ã ‡§™‡§∞ ‡§≤‡§ó‡§æ‡§®‡•á ‡§ï‡•Ä ‡§ñ‡§¨‡§∞ ‡§Ö‡§≠‡•Ä ‡§§‡§ï ‡§Ö‡§Ç‡§ó‡§°‡§æ‡§à  ‡§Ü‡§ó‡•á ‡§ì‡§∞ ‡§≤‡§°‡§æ‡§à ‡§π‡•à ‡§®‡•ç‡§Ø‡§æ‡§Ø ‡§Æ‡•á‡§Ç ‡§¶‡•á‡§∞‡•Ä ‡§ï‡•ç‡§Ø‡•ã  narendramodi  PMOIndia  AmitShah  dpradhanbjp  basicshiksha up  AnupriyaSPatel https   t co GhB9ETvRXq,
35,en,1437975183034257411,1447949844, AmitShah Engineers  Day  being observed in india on the birthday of great civil engg Sir M  Visweshwaraiya  Engineering university in his name Sep 16  2021,1438294725648392196,False, AmitShah Engineers  Day  being observed in india on the birthday of great civil engg Sir M  Visweshwaraiya  Engineering university in his name Sep 16  2021,2021-09-16T00:12:39.000Z,India,"@AmitShah Engineers' Day  being observed in india on the birthday of great civil engg Sir M. Visweshwaraiya. Engineering university in his name.Sep 16, 2021",[],[],['AmitShah'],['https://t.co/0IbsQc1o9A'],,
36,hi,1437975183034257411,1447949844, AmitShah ‡§ó‡§ú‡§¨  ‡§∏‡§π‡•Ä ‡§ï‡§π‡§æ ‡§π‡•à ‡§ú‡•Ä,1438277657498509312,False,,2021-09-15T23:04:50.000Z,India,"@AmitShah ‡§ó‡§ú‡§¨, ‡§∏‡§π‡•Ä ‡§ï‡§π‡§æ ‡§π‡•à ‡§ú‡•Ä",[],[],['AmitShah'],[], AmitShah ‡§ó‡§ú‡§¨  ‡§∏‡§π‡•Ä ‡§ï‡§π‡§æ ‡§π‡•à ‡§ú‡•Ä,
37,hi,1437975183034257411,1447949844, AmitShah Engineero ke to kuch kro    Dar dar ko thokre kha rhe hn    ,1438233796357332992,False,,2021-09-15T20:10:32.000Z,India,@AmitShah Engineero ke to kuch kro... Dar dar ko thokre kha rhe hn....,[],[],['AmitShah'],[], AmitShah Engineero ke to kuch kro    Dar dar ko thokre kha rhe hn    ,
38,hi,1431303556821254146,1447949844, AmitShah  narendramodi ‡§¶‡•á‡§∂ ‡§ï‡•á ‡§™‡•ç‡§∞‡§ß‡§æ‡§®‡§Æ‡§Ç‡§§‡•ç‡§∞‡•Ä ‡§Ü‡§¶‡§∞‡§£‡•Ä‡§Ø ‡§®‡§∞‡•á‡§Ç‡§¶‡•ç‡§∞ ‡§Æ‡•ã‡§¶‡•Ä ‡§ú‡•Ä ‡§ï‡•á ‡§ú‡§®‡•ç‡§Æ ‡§¶‡§ø‡§µ‡§∏ ‡§´‡§≤ ‡§µ‡§ø‡§§‡§∞‡§£ ‡§ï‡§æ‡§∞‡•ç‡§Ø‡§ï‡•ç‡§∞‡§Æ ‡§ï‡§æ ‡§∏‡§Ç‡§ö‡§æ‡§≤‡§® ‡§∂‡•ç‡§∞‡§¶‡•ç‡§ß‡•á‡§Ø ‡§¨‡§æ‡§¨‡•Ç ‡§ú‡•Ä ‡§ï‡§≤‡•ç‡§Ø‡§æ‡§£ ‡§∏‡§ø‡§Ç‡§π ‡§ú‡•Ä ‡§ï‡•á ‡§∏‡§æ‡§Ç‡§∏‡§¶ ‡§™‡•ç‡§∞‡§§‡§ø‡§®‡§ø‡§ß‡§ø ‡§∞‡§π‡•á ‡§ú‡§ó‡§¶‡•Ä‡§∂ ‡§∏‡§ø‡§Ç‡§π ‡§Ü‡§∞‡•ç‡§Ø ‡§®‡•á ‡§ï‡§ø‡§Ø‡§æ  https   t co EoAVoqZ5SM,1440251706839732230,False,,2021-09-21T09:49:00.000Z,India,@AmitShah @narendramodi ‡§¶‡•á‡§∂ ‡§ï‡•á ‡§™‡•ç‡§∞‡§ß‡§æ‡§®‡§Æ‡§Ç‡§§‡•ç‡§∞‡•Ä ‡§Ü‡§¶‡§∞‡§£‡•Ä‡§Ø ‡§®‡§∞‡•á‡§Ç‡§¶‡•ç‡§∞ ‡§Æ‡•ã‡§¶‡•Ä ‡§ú‡•Ä ‡§ï‡•á ‡§ú‡§®‡•ç‡§Æ ‡§¶‡§ø‡§µ‡§∏ ‡§´‡§≤ ‡§µ‡§ø‡§§‡§∞‡§£ ‡§ï‡§æ‡§∞‡•ç‡§Ø‡§ï‡•ç‡§∞‡§Æ ‡§ï‡§æ ‡§∏‡§Ç‡§ö‡§æ‡§≤‡§® ‡§∂‡•ç‡§∞‡§¶‡•ç‡§ß‡•á‡§Ø ‡§¨‡§æ‡§¨‡•Ç ‡§ú‡•Ä ‡§ï‡§≤‡•ç‡§Ø‡§æ‡§£ ‡§∏‡§ø‡§Ç‡§π ‡§ú‡•Ä ‡§ï‡•á ‡§∏‡§æ‡§Ç‡§∏‡§¶ ‡§™‡•ç‡§∞‡§§‡§ø‡§®‡§ø‡§ß‡§ø ‡§∞‡§π‡•á ‡§ú‡§ó‡§¶‡•Ä‡§∂ ‡§∏‡§ø‡§Ç‡§π ‡§Ü‡§∞‡•ç‡§Ø ‡§®‡•á ‡§ï‡§ø‡§Ø‡§æ! https://t.co/EoAVoqZ5SM,[],[],"['AmitShah', 'narendramodi']",['https://t.co/iIyC3Gsq2A'], AmitShah  narendramodi ‡§¶‡•á‡§∂ ‡§ï‡•á ‡§™‡•ç‡§∞‡§ß‡§æ‡§®‡§Æ‡§Ç‡§§‡•ç‡§∞‡•Ä ‡§Ü‡§¶‡§∞‡§£‡•Ä‡§Ø ‡§®‡§∞‡•á‡§Ç‡§¶‡•ç‡§∞ ‡§Æ‡•ã‡§¶‡•Ä ‡§ú‡•Ä ‡§ï‡•á ‡§ú‡§®‡•ç‡§Æ ‡§¶‡§ø‡§µ‡§∏ ‡§´‡§≤ ‡§µ‡§ø‡§§‡§∞‡§£ ‡§ï‡§æ‡§∞‡•ç‡§Ø‡§ï‡•ç‡§∞‡§Æ ‡§ï‡§æ ‡§∏‡§Ç‡§ö‡§æ‡§≤‡§® ‡§∂‡•ç‡§∞‡§¶‡•ç‡§ß‡•á‡§Ø ‡§¨‡§æ‡§¨‡•Ç ‡§ú‡•Ä ‡§ï‡§≤‡•ç‡§Ø‡§æ‡§£ ‡§∏‡§ø‡§Ç‡§π ‡§ú‡•Ä ‡§ï‡•á ‡§∏‡§æ‡§Ç‡§∏‡§¶ ‡§™‡•ç‡§∞‡§§‡§ø‡§®‡§ø‡§ß‡§ø ‡§∞‡§π‡•á ‡§ú‡§ó‡§¶‡•Ä‡§∂ ‡§∏‡§ø‡§Ç‡§π ‡§Ü‡§∞‡•ç‡§Ø ‡§®‡•á ‡§ï‡§ø‡§Ø‡§æ  https   t co EoAVoqZ5SM,
39,en,1431303556821254146,1447949844, AmitShah  narendramodi Great,1439148168793374725,False, AmitShah  narendramodi Great,2021-09-18T08:43:56.000Z,India,@AmitShah @narendramodi Great,[],[],"['AmitShah', 'narendramodi']",[],,
40,en,1431303556821254146,1447949844, AmitShah  narendramodi Mr Shah ji you are very good‡•§ lier,1438209630891565062,False, AmitShah  narendramodi Mr Shah ji you are very good‡•§ lier,2021-09-15T18:34:31.000Z,India,"@AmitShah @narendramodi Mr,Shah ji you are very good‡•§ lier",[],[],"['AmitShah', 'narendramodi']",[],,
41,en,1431303556821254146,1447949844, AmitShah  narendramodi Very good Tarry ‡®™‡®∞ you are very good layer,1438208708400529417,False, AmitShah  narendramodi Very good Tarry ‡®™‡®∞ you are very good layer,2021-09-15T18:30:51.000Z,India,@AmitShah @narendramodi Very good Tarry ‡®™‡®∞ you are very good layer,[],[],"['AmitShah', 'narendramodi']",[],,
42,en,1421862105091690498,1447949844, AmitShah  narendramodi Your no good okay,1439574255251775492,False, AmitShah  narendramodi Your no good okay,2021-09-19T12:57:03.000Z,India,@AmitShah @narendramodi Your no good okay,[],[],"['AmitShah', 'narendramodi']",[],,
43,hi,1409507505454022656,1447949844, AmitShah Priya Shah ji MP ki ek Rajya sabha seat se mujhe mauka dene ki kripa kare me bhi rajneeti me aakar Desh ke liye kuch Karna chahta hu Dhanyawad,1438402336905261058,False,,2021-09-16T07:20:15.000Z,India,@AmitShah Priya Shah ji MP ki ek Rajya sabha seat se mujhe mauka dene ki kripa kare me bhi rajneeti me aakar Desh ke liye kuch Karna chahta hu Dhanyawad,[],[],['AmitShah'],['https://t.co/xiwFRMfRzX'], AmitShah Priya Shah ji MP ki ek Rajya sabha seat se mujhe mauka dene ki kripa kare me bhi rajneeti me aakar Desh ke liye kuch Karna chahta hu Dhanyawad,
44,en,1398643470625951745,1447949844, AmitShah  narendramodi Thanks,1438396403848343553,False, AmitShah  narendramodi Thanks,2021-09-16T06:56:41.000Z,India,@AmitShah @narendramodi Thanksüôèüôè,['üôè'],[],"['AmitShah', 'narendramodi']",[],,
